filiere,type_ecole,ville,moyenne,stages,niveau_francais,niveau_anglais,niveau_programmation,niveau_algorithme,projets,certifications,participation_hackathon,open_source_contributions,soft_skills,linkedin_profile,recrute,salaire_estime_dh
Réseaux & Télécoms,EST,Marrakech,17.55,0,4,3,6,8,4,1,0,1,6,1,0,0
Développement Web,FST,Agadir,15.55,1,10,3,6,5,7,1,0,0,6,1,0,0
Data Science,Privée (EMSI/IGA),Agadir,17.52,4,9,6,10,3,7,2,1,0,4,0,1,12500
Développement Web,ENSA,Agadir,14.44,0,5,7,4,9,1,3,1,0,5,1,0,0
Développement Web,Faculté (FS),Marrakech,14.8,3,5,7,7,7,2,0,0,0,5,1,0,0
GINF,ENSA,Marrakech,17.82,3,6,10,5,7,3,3,0,1,9,0,1,13200
Data Science,EST,Rabat,15.14,3,10,6,7,8,5,0,1,0,7,1,1,9200
Data Science,OFPPT,Tanger,10.25,1,10,7,3,4,3,2,1,0,5,0,0,0
Data Science,FST,Agadir,15.79,0,6,9,7,5,5,1,1,0,10,1,0,0
Développement Web,Privée (EMSI/IGA),Fès,17.24,0,5,9,10,4,3,1,0,0,6,1,0,0
Réseaux & Télécoms,Faculté (FS),Rabat,16.36,3,9,7,5,3,1,0,0,0,8,1,0,0
Data Science,EST,Rabat,14.67,2,10,9,4,4,3,3,0,0,7,0,0,0
Cybersécurité,ENSA,Casablanca,15.37,3,6,10,3,9,6,2,0,0,9,0,1,13300
Développement Web,EST,Agadir,17.92,1,5,5,7,3,4,2,0,0,4,1,0,0
GINF,EST,Kenitra,10.73,3,9,7,6,9,7,3,1,1,5,1,1,10100
Réseaux & Télécoms,ENSA,Rabat,15.34,3,7,9,10,10,1,1,1,0,9,1,1,12700
Cybersécurité,EST,Casablanca,12.27,0,8,3,5,4,6,3,0,0,8,1,0,0
Cybersécurité,FST,Fès,15.12,3,10,5,4,7,3,1,0,0,6,1,0,0
GINF,OFPPT,Fès,14.86,4,7,3,8,5,1,0,0,0,4,1,0,0
Réseaux & Télécoms,Faculté (FS),Kenitra,11.23,4,7,3,10,4,4,2,0,0,4,1,0,0
Développement Web,OFPPT,Agadir,11.65,2,8,9,5,8,1,0,1,0,5,0,0,0
GI,ENSA,Marrakech,14.97,1,5,9,7,9,3,3,0,0,10,1,0,0
Réseaux & Télécoms,ENSA,Casablanca,11.03,1,5,6,9,3,1,3,0,0,8,1,0,0
GINF,Faculté (FS),Marrakech,12.12,0,6,8,4,9,5,0,0,0,6,1,0,0
Cybersécurité,FST,Fès,16.68,1,4,7,6,8,0,3,1,1,6,1,0,0
Développement Web,ENSA,Fès,12.62,2,5,7,3,5,7,3,0,0,6,0,0,0
Réseaux & Télécoms,OFPPT,Tanger,13.9,4,8,7,7,10,3,3,0,1,6,1,1,10100
GI,OFPPT,Tanger,17.53,0,4,7,4,8,4,2,0,1,5,1,0,0
GI,FST,Kenitra,11.82,4,8,9,3,7,2,2,1,0,9,0,1,11600
Data Science,ENSA,Tanger,13.12,2,8,5,9,10,1,1,0,1,9,1,1,10900
Data Science,OFPPT,Tanger,14.85,0,8,4,4,9,5,2,1,0,9,1,0,0
GINF,Faculté (FS),Kenitra,16.04,3,10,3,8,7,1,0,0,0,5,1,0,0
Réseaux & Télécoms,OFPPT,Rabat,17.21,1,10,8,7,6,7,0,0,0,8,1,1,8100
Réseaux & Télécoms,OFPPT,Tanger,17.32,2,4,10,4,5,3,2,0,0,10,1,0,0
Cybersécurité,OFPPT,Rabat,16.21,0,7,8,6,10,5,0,0,0,7,0,0,0
Cybersécurité,FST,Rabat,11.83,4,10,4,9,4,3,3,1,0,5,1,0,0
Cybersécurité,ENSA,Agadir,10.2,0,9,10,4,7,0,2,1,0,6,0,0,0
Data Science,Faculté (FS),Rabat,13.07,3,8,10,10,10,4,1,0,0,9,1,1,10900
Réseaux & Télécoms,Faculté (FS),Rabat,11.13,2,10,4,7,4,7,1,0,0,9,0,0,0
Réseaux & Télécoms,OFPPT,Tanger,15.68,0,6,10,4,9,5,2,1,0,8,0,1,7800
GI,ENSA,Rabat,15.29,2,5,4,10,4,5,0,0,0,6,1,0,0
Data Science,ENSA,Marrakech,10.35,2,9,9,3,9,1,2,0,0,5,1,0,0
Développement Web,OFPPT,Kenitra,16.69,4,5,5,10,3,1,2,0,0,9,1,0,0
Data Science,OFPPT,Tanger,11.99,1,5,4,3,8,7,1,1,1,8,0,0,0
Développement Web,Privée (EMSI/IGA),Kenitra,13.46,3,4,10,9,4,2,3,0,0,10,1,0,0
GI,OFPPT,Casablanca,15.34,0,6,10,8,9,6,3,0,0,6,1,1,9200
GINF,Faculté (FS),Tanger,13.44,1,6,5,5,6,5,2,0,0,9,1,0,0
Réseaux & Télécoms,Faculté (FS),Rabat,13.53,4,9,9,9,5,1,1,0,0,7,0,1,11200
GI,OFPPT,Marrakech,10.53,1,6,6,8,10,1,1,0,0,4,0,0,0
Réseaux & Télécoms,Faculté (FS),Kenitra,13.21,2,6,10,9,5,6,2,1,0,4,1,1,9800
Cybersécurité,Faculté (FS),Tanger,16.12,2,6,10,5,3,0,2,1,0,9,0,0,0
GINF,ENSA,Marrakech,17.32,3,9,6,6,6,2,2,0,0,6,1,0,0
GINF,FST,Kenitra,13.31,0,7,8,3,8,7,3,0,0,9,1,1,9800
GI,OFPPT,Casablanca,13.39,0,6,6,5,6,6,2,0,0,10,0,0,0
GINF,EST,Fès,15.62,4,10,5,4,9,7,1,0,0,4,0,0,0
Développement Web,ENSA,Casablanca,17.54,3,6,5,6,5,1,2,0,0,9,1,1,12300
GINF,EST,Fès,12.14,0,4,3,7,6,7,1,1,0,9,1,0,0
Réseaux & Télécoms,ENSA,Agadir,13.52,2,4,10,5,8,1,1,0,0,7,1,1,11400
Réseaux & Télécoms,ENSA,Fès,16.37,3,10,4,9,7,4,0,0,1,9,1,1,10800
Réseaux & Télécoms,FST,Agadir,14.88,1,6,7,8,4,5,1,0,1,10,1,1,9800
Réseaux & Télécoms,Privée (EMSI/IGA),Tanger,10.88,3,7,7,5,10,1,0,0,0,7,0,1,11400
Développement Web,FST,Agadir,15.02,3,6,4,8,9,0,2,0,0,6,1,1,10100
Data Science,ENSA,Marrakech,11.49,0,10,7,9,4,1,0,0,0,7,1,0,0
Cybersécurité,ENSA,Agadir,14.08,4,6,7,9,5,5,3,0,0,4,1,1,12600
GI,Faculté (FS),Marrakech,14.23,4,6,9,8,5,1,3,0,0,6,1,0,0
Réseaux & Télécoms,EST,Kenitra,17.01,0,8,7,3,8,6,3,1,0,10,1,1,8100
GINF,OFPPT,Kenitra,13.7,0,7,8,6,6,3,2,0,0,9,1,0,0
Réseaux & Télécoms,Faculté (FS),Fès,12.24,0,5,10,8,8,1,1,0,0,4,0,0,0
GINF,OFPPT,Fès,11.85,4,10,10,3,3,2,3,1,1,7,0,0,0
Cybersécurité,EST,Fès,16.99,0,6,10,3,5,5,0,0,0,7,1,0,0
Cybersécurité,Faculté (FS),Agadir,11.37,1,10,5,8,9,7,2,0,1,8,0,0,0
Cybersécurité,EST,Fès,13.41,1,5,5,6,10,5,2,0,1,5,1,1,8300
GINF,Privée (EMSI/IGA),Agadir,11.5,2,7,5,4,9,3,0,0,0,10,1,0,0
Réseaux & Télécoms,Faculté (FS),Agadir,16.19,1,10,4,9,5,2,0,0,0,10,0,0,0
Cybersécurité,EST,Rabat,13.79,3,6,6,5,5,2,2,1,0,9,0,0,0
Développement Web,EST,Rabat,12.81,2,5,8,3,8,5,2,0,0,5,1,1,9900
GINF,ENSA,Agadir,12.89,1,10,8,5,9,0,1,0,0,6,0,0,0
GINF,Faculté (FS),Kenitra,16.82,3,9,7,6,8,7,2,0,0,4,1,0,0
Réseaux & Télécoms,ENSA,Marrakech,14.43,1,5,10,4,6,1,0,0,1,5,1,0,0
GINF,Faculté (FS),Tanger,15.74,3,7,3,10,7,2,2,0,1,6,0,1,9400
GINF,EST,Casablanca,17.18,0,6,5,7,5,1,2,0,0,7,0,0,0
Cybersécurité,Faculté (FS),Rabat,17.21,3,8,9,9,7,7,0,0,0,5,1,1,10300
Réseaux & Télécoms,OFPPT,Agadir,12.63,0,7,8,9,8,1,1,0,0,4,1,0,0
Cybersécurité,OFPPT,Casablanca,17.62,3,8,8,4,10,7,2,0,0,8,1,1,9900
Cybersécurité,OFPPT,Rabat,10.2,3,6,3,10,6,6,3,0,0,10,0,0,0
Réseaux & Télécoms,ENSA,Tanger,13.01,1,5,7,6,8,0,3,0,0,8,1,1,11100
GI,ENSA,Marrakech,17.17,3,9,8,4,3,0,0,0,0,5,1,0,0
Cybersécurité,Faculté (FS),Agadir,12.2,1,9,10,9,9,2,0,0,0,8,1,1,8500
Développement Web,EST,Tanger,12.18,3,10,8,7,4,2,0,0,0,6,0,0,0
Développement Web,FST,Kenitra,12.42,4,7,6,3,4,5,3,1,0,9,1,0,0
GINF,ENSA,Rabat,14.9,2,7,3,4,8,6,0,0,1,4,0,0,0
Développement Web,EST,Agadir,13.51,1,7,9,8,4,6,3,1,0,7,1,1,9000
GINF,ENSA,Casablanca,15.81,1,4,9,8,4,3,1,1,0,4,1,0,0
GI,OFPPT,Kenitra,17.16,0,9,7,6,6,1,0,0,0,7,1,0,0
Réseaux & Télécoms,ENSA,Kenitra,15.39,4,9,7,9,4,7,2,0,1,8,1,1,12700
Réseaux & Télécoms,Faculté (FS),Fès,11.64,0,6,5,9,6,5,1,1,0,6,1,0,0
Réseaux & Télécoms,ENSA,Marrakech,17.46,4,4,6,4,3,1,3,0,1,7,1,0,0
Développement Web,Faculté (FS),Kenitra,12.12,4,7,7,7,5,0,0,0,0,10,0,0,0
GI,EST,Rabat,11.2,3,7,10,6,10,0,2,1,0,8,1,1,10800
Développement Web,OFPPT,Marrakech,10.72,0,8,6,4,5,6,3,0,0,7,1,0,0
Développement Web,OFPPT,Agadir,14.51,2,10,5,6,5,5,1,0,0,5,1,1,7400
GI,EST,Fès,10.91,4,4,10,8,9,2,2,1,0,4,0,1,10300
GI,Privée (EMSI/IGA),Tanger,11.11,4,10,9,10,6,3,1,0,0,9,1,1,12700
GI,Privée (EMSI/IGA),Marrakech,12.4,1,5,3,7,6,6,0,1,0,9,0,0,0
GI,OFPPT,Casablanca,12.25,3,10,8,3,6,3,2,0,0,6,1,0,0
Réseaux & Télécoms,OFPPT,Rabat,14.83,2,9,8,7,3,0,0,0,1,8,1,1,9100
Data Science,ENSA,Casablanca,16.53,4,6,4,3,10,0,3,1,0,6,1,0,0
Data Science,Faculté (FS),Marrakech,16.09,1,5,4,9,7,3,3,0,1,4,0,0,0
GI,ENSA,Fès,12.1,0,5,4,5,6,3,1,0,0,9,1,0,0
Data Science,ENSA,Tanger,11.96,4,6,8,10,6,7,0,0,0,7,0,1,11600
Data Science,Privée (EMSI/IGA),Tanger,17.73,1,7,6,8,5,2,0,0,1,7,0,0,0
GI,EST,Casablanca,10.07,0,9,10,9,8,3,2,1,0,6,0,1,9300
Data Science,OFPPT,Agadir,17.04,3,8,4,8,9,1,3,0,1,7,1,1,9000
Développement Web,OFPPT,Agadir,11.6,0,7,3,10,10,3,0,0,0,7,1,1,5600
GINF,OFPPT,Fès,17.58,4,10,7,8,4,4,0,0,0,10,0,1,8400
GINF,Privée (EMSI/IGA),Tanger,12.74,2,7,10,7,4,3,0,0,0,10,1,1,11500
GI,ENSA,Casablanca,13.52,0,4,6,3,3,0,3,0,1,7,0,0,0
Réseaux & Télécoms,ENSA,Casablanca,15.66,2,5,8,5,4,0,3,0,1,5,1,0,0
GI,FST,Casablanca,14.7,2,5,3,10,7,6,3,0,0,10,1,1,10800
Réseaux & Télécoms,ENSA,Marrakech,12.54,0,9,9,5,5,7,1,0,0,8,1,0,0
GINF,ENSA,Fès,14.43,3,10,8,5,3,4,3,0,0,8,1,1,12300
GI,EST,Agadir,15.85,0,5,6,9,10,1,3,1,0,9,0,0,0
Cybersécurité,OFPPT,Agadir,10.34,1,8,6,6,4,3,3,0,0,10,1,0,0
Développement Web,Faculté (FS),Marrakech,10.09,2,8,6,7,10,3,2,1,0,4,1,0,0
Data Science,EST,Rabat,13.66,4,10,5,7,4,4,2,1,0,7,0,1,10300
Réseaux & Télécoms,Faculté (FS),Marrakech,11.05,2,8,7,9,8,6,0,0,0,6,0,0,0
Cybersécurité,ENSA,Fès,15.31,4,6,10,8,5,2,2,1,0,7,0,1,12800
Data Science,ENSA,Casablanca,11.71,1,10,4,7,3,7,1,0,0,4,1,0,0
Data Science,OFPPT,Marrakech,13.46,1,9,5,7,5,7,1,1,0,7,1,1,6900
GI,Faculté (FS),Casablanca,11.58,1,8,7,6,3,2,0,0,0,5,0,0,0
Data Science,OFPPT,Fès,14.39,0,4,8,7,9,6,0,0,0,4,0,0,0
Développement Web,ENSA,Kenitra,10.93,2,4,4,3,9,1,1,1,0,8,0,0,0
Cybersécurité,OFPPT,Fès,10.18,4,7,9,9,4,3,1,1,0,8,1,1,9200
Data Science,Faculté (FS),Tanger,10.41,1,7,5,5,5,3,1,0,0,5,0,0,0
GI,Faculté (FS),Casablanca,17.63,1,9,5,6,5,3,0,0,0,8,0,0,0
Développement Web,Faculté (FS),Agadir,11.14,4,10,10,6,7,6,1,1,0,9,0,1,10400
GINF,OFPPT,Marrakech,15.67,2,7,3,8,9,0,0,0,1,5,1,0,0
Cybersécurité,Faculté (FS),Kenitra,10.54,2,7,10,7,8,5,1,0,0,8,1,1,9400
Data Science,Faculté (FS),Fès,10.87,4,4,9,5,5,2,1,0,0,10,1,0,0
GI,Privée (EMSI/IGA),Casablanca,14.07,3,7,9,9,10,6,2,1,0,8,0,1,13600
GINF,OFPPT,Kenitra,13.72,2,4,5,3,10,5,1,1,0,9,1,0,0
GINF,FST,Rabat,17.61,4,8,6,10,3,7,0,1,0,7,0,1,11200
Réseaux & Télécoms,OFPPT,Tanger,17.56,4,8,8,9,7,4,1,0,0,10,0,1,9000
Développement Web,EST,Rabat,16.24,1,9,9,10,10,5,3,0,0,4,1,1,10000
Data Science,ENSA,Fès,14.82,4,6,10,5,5,0,2,0,0,8,1,1,12800
GI,Faculté (FS),Rabat,13.64,0,7,5,9,5,7,1,1,1,4,1,1,8900
Réseaux & Télécoms,Privée (EMSI/IGA),Rabat,12.85,1,8,6,4,7,0,1,0,0,4,1,0,0
Développement Web,Privée (EMSI/IGA),Tanger,17.58,1,8,7,5,4,7,3,0,1,8,1,0,0
Réseaux & Télécoms,EST,Tanger,14.82,2,10,7,3,5,2,3,0,0,10,1,0,0
Cybersécurité,FST,Tanger,14.63,3,9,10,3,6,3,3,0,0,4,0,0,0
Développement Web,ENSA,Kenitra,11.86,2,5,9,3,8,1,3,0,0,9,1,0,0
Développement Web,Privée (EMSI/IGA),Tanger,10.37,0,5,6,6,4,5,3,0,0,5,1,0,0
Data Science,Privée (EMSI/IGA),Rabat,17.56,1,9,3,9,5,7,3,1,0,10,0,1,11800
Développement Web,Faculté (FS),Agadir,12.51,1,4,10,6,4,7,1,0,0,9,1,1,8900
Réseaux & Télécoms,OFPPT,Agadir,13.54,4,6,3,4,3,6,0,0,0,6,1,0,0
Développement Web,OFPPT,Tanger,10.92,3,10,7,5,4,6,1,0,0,5,0,0,0
Data Science,Faculté (FS),Kenitra,16.7,3,10,8,7,7,7,1,0,0,10,0,1,9500
Data Science,ENSA,Marrakech,10.22,4,9,5,8,5,4,1,0,0,8,1,0,0
Cybersécurité,FST,Casablanca,16.67,0,5,10,4,4,2,2,1,1,5,1,0,0
Réseaux & Télécoms,Faculté (FS),Fès,11.12,3,6,9,9,10,1,0,1,1,9,0,1,9800
GINF,Faculté (FS),Kenitra,17.09,1,8,9,7,6,2,0,0,0,10,0,0,0
GINF,EST,Marrakech,15.84,0,9,7,10,3,2,2,1,0,6,1,0,0
Développement Web,Privée (EMSI/IGA),Fès,11.32,2,4,7,9,3,2,0,0,0,10,0,1,10900
Cybersécurité,ENSA,Marrakech,14.53,2,6,10,7,9,2,2,0,0,5,1,1,11800
GI,FST,Marrakech,12.5,0,5,10,4,4,3,1,0,0,10,1,0,0
Développement Web,Faculté (FS),Agadir,11.43,1,8,6,5,7,6,0,0,1,4,0,0,0
Cybersécurité,Faculté (FS),Casablanca,16.87,2,9,3,8,3,0,1,1,1,10,1,1,9500
Réseaux & Télécoms,Faculté (FS),Marrakech,13.23,1,10,8,7,9,6,3,1,0,8,1,1,9300
Réseaux & Télécoms,EST,Tanger,13.19,4,7,6,6,4,6,1,1,0,4,1,0,0
Réseaux & Télécoms,ENSA,Fès,11.36,3,10,7,6,4,5,0,1,0,10,1,1,10900
Réseaux & Télécoms,Faculté (FS),Kenitra,13.06,0,10,4,4,3,2,1,0,0,4,0,0,0
Réseaux & Télécoms,Faculté (FS),Agadir,16.97,3,8,5,8,4,1,1,0,0,8,1,1,8900
Cybersécurité,ENSA,Fès,12.91,4,5,7,8,4,5,2,0,0,8,0,1,12200
Cybersécurité,OFPPT,Tanger,17.61,2,9,10,9,8,7,0,0,0,7,0,1,8000
Data Science,FST,Tanger,17.57,1,5,6,7,6,1,1,0,0,6,0,0,0
GINF,Faculté (FS),Marrakech,11.16,1,7,4,4,4,1,2,1,0,10,1,0,0
Réseaux & Télécoms,OFPPT,Tanger,11.42,4,10,4,8,10,0,0,1,0,4,1,1,7800
GI,ENSA,Casablanca,16.9,0,8,7,8,8,0,3,0,0,9,1,0,0
Cybersécurité,ENSA,Tanger,13.14,3,6,8,6,8,1,1,0,0,4,1,0,0
GI,OFPPT,Marrakech,10.03,2,6,3,4,4,3,1,0,0,10,1,0,0
GI,Faculté (FS),Fès,12.19,0,8,4,7,7,0,1,0,0,8,1,0,0
GI,Faculté (FS),Tanger,14.78,4,6,9,10,3,0,1,1,0,8,1,1,10200
Data Science,OFPPT,Agadir,16.39,4,10,10,7,10,3,1,0,0,10,1,1,9400
Cybersécurité,OFPPT,Kenitra,11.07,1,9,10,6,8,2,3,0,0,10,0,1,8700
GI,Privée (EMSI/IGA),Agadir,10.88,2,8,5,10,10,0,3,1,0,5,0,1,11700
Réseaux & Télécoms,FST,Agadir,17.38,0,8,10,9,8,5,0,0,0,4,0,0,0
Développement Web,FST,Fès,16.01,1,5,6,10,9,1,0,0,0,4,0,0,0
GI,FST,Rabat,14.72,2,4,6,10,10,1,2,0,0,8,0,1,11000
Data Science,ENSA,Kenitra,16.15,3,5,6,3,7,3,2,0,0,9,1,0,0
Cybersécurité,Faculté (FS),Agadir,13.43,3,6,9,3,5,1,2,1,0,9,1,0,0
Data Science,EST,Agadir,16.07,1,4,7,8,7,6,3,0,0,4,1,0,0
GI,Privée (EMSI/IGA),Rabat,12.97,0,8,6,5,9,7,0,0,0,6,1,1,10700
Cybersécurité,Faculté (FS),Fès,11.95,2,6,9,6,5,4,0,0,0,7,0,0,0
Développement Web,Faculté (FS),Kenitra,15.83,3,7,6,5,5,7,3,0,1,8,0,0,0
GI,EST,Agadir,13.36,3,6,5,8,10,1,0,0,0,8,1,0,0
Data Science,ENSA,Marrakech,17.85,0,4,9,9,10,3,1,1,0,4,0,0,0
GINF,ENSA,Fès,12.8,1,4,3,6,7,7,0,0,0,10,1,0,0
Réseaux & Télécoms,FST,Kenitra,17.37,4,8,8,7,6,3,0,1,1,9,0,1,11100
Data Science,ENSA,Agadir,17.46,2,9,7,9,7,3,1,0,0,7,0,1,10800
Cybersécurité,Faculté (FS),Agadir,11.93,3,7,7,6,8,6,2,0,0,7,0,1,9700
GI,OFPPT,Rabat,16.39,4,8,6,4,3,7,2,1,0,9,1,1,10000
Réseaux & Télécoms,OFPPT,Kenitra,13.46,0,7,5,10,7,5,2,0,0,8,1,0,0
GI,Faculté (FS),Marrakech,17.34,1,7,4,5,6,4,3,0,1,8,1,0,0
Cybersécurité,ENSA,Fès,13.6,2,8,9,6,7,6,1,0,0,8,1,1,11200
GI,OFPPT,Tanger,15.95,0,10,6,10,6,7,1,0,0,6,0,1,6600
GINF,OFPPT,Casablanca,13.74,1,6,9,5,3,0,3,0,0,4,0,0,0
Réseaux & Télécoms,ENSA,Marrakech,11.82,0,5,6,9,4,2,1,0,0,6,1,0,0
Réseaux & Télécoms,OFPPT,Tanger,11.59,3,7,7,8,6,1,0,0,0,8,0,0,0
Cybersécurité,EST,Marrakech,13.4,3,10,7,6,6,5,2,0,1,7,0,1,9700
GINF,OFPPT,Kenitra,16.04,4,4,6,3,8,0,1,0,0,4,1,0,0
Data Science,Privée (EMSI/IGA),Tanger,14.84,0,8,7,5,6,3,1,1,0,4,1,0,0
GI,ENSA,Kenitra,15.51,3,9,5,10,3,0,2,1,0,9,0,1,11300
Développement Web,OFPPT,Tanger,12.26,1,10,4,7,5,6,3,0,0,8,1,0,0
GI,Faculté (FS),Marrakech,13.85,4,6,4,7,6,0,2,0,0,8,1,0,0
GI,Privée (EMSI/IGA),Rabat,10.36,2,10,9,10,9,4,3,0,0,8,1,1,13500
Data Science,FST,Marrakech,16.54,0,7,4,10,3,3,3,0,0,8,1,0,0
GI,OFPPT,Kenitra,17.92,3,9,9,6,8,5,0,1,0,10,0,1,8300
GINF,ENSA,Marrakech,13.26,1,10,6,7,10,7,2,0,0,10,0,1,10500
GINF,EST,Tanger,10.09,0,6,8,10,9,5,1,0,0,8,1,0,0
Réseaux & Télécoms,ENSA,Casablanca,11.36,1,10,6,9,8,3,3,0,0,10,0,1,11900
Cybersécurité,Privée (EMSI/IGA),Tanger,15.22,4,8,6,7,4,1,0,0,1,8,0,1,12200
Développement Web,OFPPT,Agadir,14.9,3,9,5,5,6,7,2,0,0,4,1,0,0
GI,OFPPT,Marrakech,16.3,3,4,4,9,5,5,3,0,0,6,1,0,0
GI,Privée (EMSI/IGA),Fès,12.03,4,7,7,6,10,5,0,0,0,7,1,1,11900
Data Science,ENSA,Marrakech,16.11,1,7,7,5,3,1,1,0,0,10,1,0,0
Cybersécurité,EST,Rabat,15.5,0,9,3,6,4,1,3,0,0,8,1,0,0
GINF,ENSA,Kenitra,12.58,1,6,3,7,5,7,3,1,0,7,1,0,0
Développement Web,ENSA,Fès,14.36,0,8,9,9,10,6,1,0,0,9,1,1,10200
Réseaux & Télécoms,ENSA,Tanger,11.18,4,10,10,6,4,5,1,0,0,4,1,1,12400
GINF,FST,Rabat,13.62,2,10,8,8,10,5,1,0,0,7,1,1,11000
Cybersécurité,EST,Marrakech,17.05,0,5,9,6,5,5,3,0,0,4,1,0,0
Réseaux & Télécoms,ENSA,Tanger,13.37,3,7,7,4,7,1,0,0,1,5,0,0,0
Data Science,ENSA,Tanger,16.72,3,10,4,6,7,5,0,0,0,6,1,0,0
Data Science,ENSA,Agadir,14.72,3,4,9,4,7,0,1,0,0,5,1,0,0
GI,Privée (EMSI/IGA),Agadir,11.54,1,7,6,5,10,0,0,0,0,4,1,0,0
Cybersécurité,OFPPT,Casablanca,14.65,1,7,7,4,4,1,1,0,0,10,1,0,0
Développement Web,Privée (EMSI/IGA),Agadir,14.05,1,5,8,9,7,1,1,1,0,9,0,0,0
Réseaux & Télécoms,FST,Kenitra,13.19,3,5,8,5,3,1,2,0,0,5,1,0,0
GINF,EST,Fès,10.96,0,8,7,6,3,2,0,0,0,4,1,0,0
Cybersécurité,OFPPT,Tanger,13.33,3,10,10,5,7,7,3,0,0,5,1,1,9700
Cybersécurité,EST,Agadir,10.58,0,10,3,7,5,1,2,0,0,4,1,0,0
Data Science,EST,Casablanca,10.79,1,7,10,8,5,6,1,1,0,6,1,0,0
GI,ENSA,Marrakech,13.33,2,7,4,6,4,2,2,1,0,9,1,0,0
GI,ENSA,Fès,12.44,1,6,7,9,5,1,1,0,0,6,0,0,0
Réseaux & Télécoms,EST,Agadir,17.4,4,6,6,4,9,3,1,1,0,6,1,0,0
Data Science,EST,Tanger,13.01,0,10,6,8,9,4,1,0,1,4,1,1,7600
Cybersécurité,Faculté (FS),Marrakech,16.06,2,9,5,3,10,5,0,0,0,7,1,0,0
Développement Web,ENSA,Kenitra,14.24,1,9,6,8,9,5,1,0,0,5,1,1,10100
Data Science,ENSA,Tanger,15.63,2,4,7,10,6,0,1,0,0,10,1,1,10800
Réseaux & Télécoms,OFPPT,Marrakech,12.08,3,10,7,6,10,3,0,0,0,5,1,0,0
Réseaux & Télécoms,ENSA,Kenitra,17.54,0,10,6,9,5,4,0,0,0,5,1,1,9200
Data Science,EST,Kenitra,14.24,4,10,3,9,10,5,1,0,0,9,1,1,8500
Réseaux & Télécoms,OFPPT,Fès,16.65,3,4,4,10,3,5,0,1,0,5,1,0,0
Data Science,ENSA,Tanger,12.92,2,6,8,8,8,2,3,0,0,6,0,0,0
GINF,ENSA,Agadir,10.8,1,9,7,8,5,0,3,0,1,7,0,0,0
Data Science,FST,Agadir,15.39,0,10,6,7,9,2,1,1,1,5,1,1,9100
Data Science,EST,Casablanca,10.06,4,4,8,5,4,6,2,0,0,7,1,0,0
Réseaux & Télécoms,Faculté (FS),Marrakech,13.8,1,7,6,8,5,6,0,0,0,4,0,0,0
Réseaux & Télécoms,OFPPT,Casablanca,11.54,4,9,7,4,9,2,2,1,0,4,1,1,10200
GI,ENSA,Rabat,15.02,0,5,5,9,4,0,3,0,0,9,1,0,0
GI,Faculté (FS),Agadir,17.84,2,9,4,10,6,4,1,0,1,5,1,1,8700
GINF,FST,Marrakech,13.72,4,7,7,4,7,0,3,1,0,8,0,0,0
GI,ENSA,Fès,16.54,0,6,8,7,6,1,0,0,1,9,1,0,0
Data Science,Faculté (FS),Casablanca,14.06,4,8,6,8,3,7,0,1,1,6,1,0,0
Réseaux & Télécoms,EST,Fès,13.97,1,8,5,8,8,2,1,0,1,9,1,1,7900
GI,FST,Fès,17.44,4,6,9,7,6,1,0,0,0,5,1,0,0
GI,ENSA,Fès,17.12,1,7,7,6,6,0,0,0,0,6,0,0,0
GINF,FST,Casablanca,16.29,1,4,4,3,3,0,0,1,0,5,1,0,0
Cybersécurité,EST,Rabat,12.37,0,9,5,3,3,5,2,0,0,6,1,0,0
GINF,OFPPT,Kenitra,14.36,3,9,8,5,7,6,1,1,0,10,0,1,8500
Data Science,ENSA,Kenitra,11.79,4,4,10,4,7,4,1,0,1,8,1,1,12900
Réseaux & Télécoms,FST,Casablanca,13.55,2,8,6,6,5,2,1,0,0,8,1,0,0
GINF,FST,Kenitra,13.87,1,10,3,4,4,6,0,0,0,9,1,0,0
GI,OFPPT,Tanger,16.65,3,10,9,6,3,3,0,0,0,4,1,1,8300
Réseaux & Télécoms,Faculté (FS),Kenitra,17.17,1,6,9,7,10,0,0,1,0,9,1,1,8300
Réseaux & Télécoms,Faculté (FS),Agadir,13.32,3,10,4,5,6,5,1,0,0,5,1,1,8700
GI,OFPPT,Casablanca,10.14,3,6,10,7,6,3,2,0,1,8,1,1,10800
GINF,OFPPT,Kenitra,16.89,2,10,5,4,7,2,3,1,0,8,1,0,0
GI,EST,Casablanca,11.39,3,5,7,9,4,1,1,1,0,9,1,1,9800
Cybersécurité,FST,Rabat,14.98,2,8,7,5,9,7,1,0,0,5,1,1,10800
Réseaux & Télécoms,OFPPT,Tanger,10.2,0,6,5,8,3,7,2,0,0,9,1,0,0
Développement Web,Privée (EMSI/IGA),Casablanca,13.2,1,5,7,10,7,7,3,0,0,10,1,1,12600
Développement Web,OFPPT,Agadir,17.89,2,4,9,9,9,2,3,1,0,9,1,0,0
Data Science,EST,Kenitra,10.81,1,8,9,10,4,6,0,1,0,9,1,1,7800
GI,ENSA,Agadir,13.39,4,8,9,6,3,4,3,0,0,5,0,0,0
GI,FST,Kenitra,12.46,0,6,5,6,6,3,0,0,0,4,1,0,0
Data Science,OFPPT,Casablanca,17.24,4,6,4,5,6,5,1,0,0,8,1,1,9200
Data Science,FST,Fès,16.95,4,7,9,7,7,6,2,0,0,6,1,1,11600
Data Science,FST,Kenitra,11.9,3,10,7,5,4,3,1,1,0,5,1,0,0
Réseaux & Télécoms,OFPPT,Fès,10.65,3,4,10,7,6,1,3,1,0,5,1,0,0
Cybersécurité,EST,Tanger,15.02,4,4,4,5,10,6,1,0,0,5,1,0,0
GI,OFPPT,Agadir,12.69,3,9,10,7,9,5,2,1,0,9,1,1,9300
Réseaux & Télécoms,FST,Fès,15.38,1,5,6,3,4,1,2,0,0,9,1,0,0
Data Science,EST,Agadir,10.26,3,5,6,5,7,0,0,0,0,5,0,0,0
GI,FST,Kenitra,11.07,4,7,6,10,9,6,1,0,0,8,1,1,10600
Réseaux & Télécoms,OFPPT,Kenitra,15.49,3,9,6,10,9,2,2,0,0,6,0,1,8500
Cybersécurité,ENSA,Tanger,11.7,3,4,7,7,5,6,2,0,0,4,1,1,11700
Réseaux & Télécoms,ENSA,Kenitra,16.86,2,10,5,8,4,6,2,0,1,7,1,1,11300
Cybersécurité,Privée (EMSI/IGA),Tanger,10.47,2,10,7,4,8,4,2,0,0,8,1,0,0
Data Science,ENSA,Fès,11.72,4,10,8,9,4,0,3,0,0,8,1,0,0
Cybersécurité,Faculté (FS),Kenitra,17.99,1,10,7,9,7,7,1,1,0,10,0,1,8300
GI,Faculté (FS),Casablanca,13.46,0,5,4,9,8,2,1,1,0,7,1,0,0
Data Science,FST,Marrakech,15.62,0,4,5,4,5,1,1,0,0,7,0,0,0
GI,Faculté (FS),Rabat,11.46,4,10,10,10,6,4,3,0,1,5,0,1,12700
Développement Web,ENSA,Marrakech,14.88,1,4,9,5,3,1,3,0,0,6,1,0,0
GINF,Faculté (FS),Marrakech,15.81,1,9,3,5,7,5,2,0,0,8,1,0,0
Cybersécurité,EST,Agadir,12.52,1,5,3,6,3,1,3,0,0,8,1,0,0
GINF,Faculté (FS),Tanger,16.63,2,6,9,7,5,7,0,0,1,4,1,0,0
GINF,ENSA,Agadir,14.83,4,6,5,5,8,3,3,0,0,7,0,0,0
Cybersécurité,Faculté (FS),Fès,13.11,0,9,3,4,5,2,2,0,1,7,1,0,0
Data Science,ENSA,Rabat,14.46,1,5,5,4,10,0,1,0,0,8,0,0,0
Développement Web,EST,Fès,14.61,4,7,4,9,4,6,3,0,0,7,0,0,0
GI,ENSA,Casablanca,11.32,0,8,4,4,10,3,1,0,0,5,1,0,0
Réseaux & Télécoms,ENSA,Rabat,13.22,2,9,7,10,3,7,1,0,0,4,1,1,11800
GI,OFPPT,Agadir,12.75,3,4,3,7,3,5,0,0,0,8,1,0,0
Réseaux & Télécoms,EST,Kenitra,13.21,0,9,9,3,5,2,0,0,0,9,1,0,0
GI,Privée (EMSI/IGA),Kenitra,16.09,0,8,5,5,8,5,3,0,0,4,0,0,0
Cybersécurité,Privée (EMSI/IGA),Agadir,13.86,0,9,10,9,3,7,1,0,0,9,0,1,10900
Développement Web,Faculté (FS),Fès,17.52,3,5,4,3,9,2,2,0,1,10,1,0,0
Réseaux & Télécoms,ENSA,Agadir,12.35,1,4,7,7,6,2,1,0,0,5,0,0,0
Data Science,EST,Agadir,13.33,3,8,3,9,5,4,1,0,0,4,1,1,8000
GI,OFPPT,Marrakech,16.3,0,10,3,8,4,3,0,1,0,9,1,0,0
GI,EST,Casablanca,14.37,2,6,3,5,4,7,0,0,0,7,0,0,0
Réseaux & Télécoms,ENSA,Kenitra,14.38,0,7,10,6,4,0,0,0,1,8,1,0,0
Data Science,Faculté (FS),Marrakech,10.43,2,9,4,5,3,3,0,0,0,4,1,0,0
Data Science,OFPPT,Agadir,13.19,4,9,10,5,5,5,3,1,0,6,1,1,10200
Cybersécurité,OFPPT,Tanger,12.17,2,8,4,5,10,1,3,0,0,8,0,0,0
Cybersécurité,ENSA,Marrakech,17.99,0,7,3,9,4,5,1,0,0,4,1,0,0
Cybersécurité,Faculté (FS),Agadir,12.47,3,9,4,9,5,2,3,0,0,8,0,0,0
Cybersécurité,ENSA,Kenitra,17.08,0,6,3,5,3,1,2,0,0,9,1,0,0
Cybersécurité,ENSA,Agadir,15.41,0,8,6,8,6,3,1,0,0,4,1,0,0
Cybersécurité,OFPPT,Casablanca,12.73,4,5,4,5,6,0,1,0,1,4,1,0,0
Développement Web,ENSA,Fès,14.35,1,4,5,7,6,1,2,0,0,7,1,0,0
Data Science,EST,Rabat,16.72,0,6,4,5,3,1,1,1,1,4,1,0,0
Cybersécurité,ENSA,Marrakech,17.07,4,7,3,8,4,6,2,1,0,6,1,0,0
Data Science,OFPPT,Marrakech,11.28,3,7,5,10,3,7,0,0,0,7,0,0,0
Data Science,OFPPT,Marrakech,12.72,4,6,7,7,10,4,0,1,0,6,1,1,8400
GINF,Faculté (FS),Agadir,12.68,4,10,5,5,5,3,0,0,0,9,0,0,0
Développement Web,OFPPT,Casablanca,10.34,2,5,5,5,6,1,2,1,0,6,0,0,0
Cybersécurité,ENSA,Agadir,14.79,1,9,4,7,5,3,3,0,0,10,0,0,0
GI,FST,Agadir,16.84,1,5,8,5,3,0,3,0,0,5,1,0,0
Réseaux & Télécoms,EST,Fès,13.05,3,9,5,8,7,1,1,1,0,6,0,0,0
GI,ENSA,Tanger,15.92,4,9,5,9,7,7,0,0,0,4,1,1,11000
Développement Web,FST,Casablanca,15.02,3,7,9,10,9,0,0,0,0,8,1,1,11300
Réseaux & Télécoms,Privée (EMSI/IGA),Marrakech,13.01,3,9,3,4,3,5,1,0,1,7,1,0,0
Développement Web,ENSA,Rabat,11.13,1,6,4,5,4,1,0,0,0,7,1,0,0
Data Science,EST,Marrakech,15.67,1,10,3,6,10,7,0,1,0,7,1,1,6600
Réseaux & Télécoms,ENSA,Agadir,16.84,1,9,4,7,8,6,2,1,0,8,1,1,10100
Data Science,ENSA,Casablanca,15.49,0,6,10,8,5,2,1,0,0,6,0,1,11400
GI,Privée (EMSI/IGA),Kenitra,10.14,4,4,7,5,3,4,2,0,0,9,1,0,0
GI,FST,Casablanca,11.73,3,7,8,5,10,7,0,0,0,10,0,1,11100
Réseaux & Télécoms,FST,Casablanca,10.56,4,5,5,7,3,4,0,0,0,5,1,0,0
Réseaux & Télécoms,OFPPT,Tanger,14.56,3,8,9,3,7,7,1,1,0,4,0,1,8700
Cybersécurité,ENSA,Marrakech,16.05,3,5,4,8,6,4,0,0,1,9,1,0,0
Développement Web,FST,Tanger,10.88,3,5,5,8,6,0,3,0,1,7,0,1,11200
Cybersécurité,FST,Kenitra,16.71,3,10,5,4,8,3,2,0,1,4,0,0,0
Développement Web,Faculté (FS),Kenitra,14.44,2,8,6,9,4,6,2,0,0,6,1,1,9000
Cybersécurité,Privée (EMSI/IGA),Fès,15.52,2,10,10,9,4,4,3,0,0,10,1,1,12700
Data Science,OFPPT,Rabat,17.77,0,7,10,4,8,7,1,0,0,9,1,1,8400
Réseaux & Télécoms,EST,Fès,10.67,1,9,3,5,4,7,1,0,0,10,0,1,7000
GI,OFPPT,Agadir,17.21,3,4,10,7,9,7,0,0,0,5,0,1,8500
Développement Web,ENSA,Tanger,11.01,4,5,10,6,9,5,1,0,0,10,1,1,12400
Développement Web,ENSA,Tanger,13.14,2,10,10,5,7,7,3,0,1,7,1,1,12700
GI,ENSA,Fès,16.81,1,9,8,4,3,7,1,0,0,10,1,0,0
Cybersécurité,EST,Agadir,17.25,0,5,9,5,4,1,0,0,0,6,1,0,0
Développement Web,FST,Casablanca,14.05,1,7,4,7,7,1,3,0,0,9,0,0,0
Data Science,Faculté (FS),Agadir,14.75,3,7,10,8,9,2,0,0,1,5,1,1,10000
Réseaux & Télécoms,Privée (EMSI/IGA),Marrakech,15.67,1,6,7,10,5,7,2,0,0,9,1,0,0
GI,FST,Fès,16.66,3,7,8,8,3,0,2,0,1,7,1,1,11400
Réseaux & Télécoms,FST,Agadir,10.97,2,7,6,8,8,1,1,0,1,6,1,0,0
Développement Web,ENSA,Casablanca,16.48,2,5,3,8,5,1,3,0,0,4,0,0,0
Développement Web,ENSA,Agadir,13.85,3,4,7,9,6,6,3,0,1,9,1,1,12600
GI,Faculté (FS),Tanger,13.6,4,10,7,6,6,2,3,1,0,8,1,1,10600
Data Science,FST,Rabat,13.39,2,5,5,3,3,2,0,1,0,7,1,0,0
GINF,OFPPT,Tanger,14.07,4,10,3,9,4,3,3,1,0,5,0,0,0
GI,ENSA,Kenitra,17.56,3,9,6,6,3,3,1,1,1,5,0,0,0
GINF,ENSA,Rabat,14.39,3,10,4,10,4,3,2,0,0,8,1,1,12100
Cybersécurité,FST,Kenitra,17.63,2,7,4,5,8,1,1,1,0,8,1,0,0
GINF,ENSA,Agadir,11.44,4,6,6,4,6,2,2,0,0,6,1,0,0
Data Science,ENSA,Marrakech,15.79,3,4,5,10,9,5,2,0,0,8,0,1,11300
Cybersécurité,OFPPT,Agadir,16.5,2,6,5,7,9,0,1,0,0,7,1,1,7400
GINF,ENSA,Casablanca,15.43,3,8,7,5,3,3,2,0,1,9,1,0,0
Cybersécurité,Faculté (FS),Agadir,14.86,1,6,10,10,3,5,2,1,0,8,0,1,9300
GINF,EST,Rabat,14.52,1,6,3,3,8,4,0,0,0,7,1,0,0
Data Science,ENSA,Tanger,16.89,2,9,7,7,9,1,1,0,0,4,1,1,10800
GINF,EST,Marrakech,16.57,3,7,10,7,4,0,1,1,0,8,1,0,0
GINF,OFPPT,Kenitra,10.98,2,9,9,7,6,1,1,0,0,4,0,0,0
GINF,EST,Agadir,16.79,0,7,9,5,6,5,2,1,0,10,1,1,8100
GI,OFPPT,Agadir,13.31,2,9,4,3,4,3,3,1,1,9,1,0,0
GI,ENSA,Tanger,12.03,2,7,6,5,8,5,3,0,0,5,1,1,11400
GI,OFPPT,Marrakech,16.96,1,10,3,7,4,5,2,0,0,9,1,0,0
Data Science,ENSA,Fès,13.46,1,7,6,7,8,6,3,0,1,10,0,0,0
Cybersécurité,Faculté (FS),Kenitra,16.47,3,7,3,9,4,1,3,1,0,8,1,1,9300
Développement Web,Faculté (FS),Agadir,12.11,2,6,8,4,6,3,2,0,0,5,0,0,0
GINF,Privée (EMSI/IGA),Agadir,10.03,2,8,4,6,10,1,1,0,0,9,1,0,0
GINF,EST,Fès,13.96,3,7,4,10,6,3,0,0,0,4,1,0,0
Data Science,ENSA,Kenitra,10.8,4,8,8,5,3,6,1,0,0,5,1,0,0
GINF,ENSA,Rabat,16.04,3,8,3,3,10,7,1,0,0,4,0,0,0
GI,OFPPT,Rabat,12.21,1,5,5,9,9,2,1,1,0,6,0,0,0
Développement Web,FST,Casablanca,13.55,1,5,3,7,9,2,0,0,0,9,0,0,0
Réseaux & Télécoms,OFPPT,Tanger,10.7,2,4,4,5,8,6,1,1,0,9,1,0,0
GINF,ENSA,Marrakech,12.29,1,10,9,6,6,6,3,0,0,4,1,1,11500
GI,EST,Agadir,16.25,3,9,6,5,8,6,0,0,0,6,1,1,8200
Réseaux & Télécoms,ENSA,Kenitra,11.21,2,5,7,10,8,7,3,0,0,5,1,1,11600
Développement Web,Privée (EMSI/IGA),Agadir,15.18,3,7,6,10,5,6,0,0,0,4,1,1,11200
Réseaux & Télécoms,Faculté (FS),Casablanca,17.34,3,8,4,6,5,2,3,0,0,6,1,0,0
GI,Privée (EMSI/IGA),Kenitra,15.44,2,9,6,5,4,2,1,1,1,4,1,0,0
Cybersécurité,EST,Kenitra,16.49,4,4,5,4,9,6,1,0,0,7,1,0,0
Cybersécurité,Faculté (FS),Agadir,10.87,1,5,5,5,8,2,1,0,0,9,0,0,0
Réseaux & Télécoms,Faculté (FS),Tanger,12.01,0,6,9,9,4,4,3,0,1,7,1,0,0
Data Science,EST,Casablanca,17.16,0,10,3,8,4,1,3,0,0,5,1,0,0
Réseaux & Télécoms,OFPPT,Tanger,15.72,0,9,10,4,3,5,2,0,0,7,1,0,0
GINF,Privée (EMSI/IGA),Casablanca,15.12,1,4,6,6,5,6,3,0,0,9,0,0,0
GINF,OFPPT,Agadir,15.31,4,7,6,7,5,2,0,0,0,8,1,0,0
Cybersécurité,OFPPT,Casablanca,13.31,3,9,4,7,6,4,1,0,0,6,1,0,0
Data Science,EST,Rabat,10.36,2,8,3,10,5,6,0,0,0,9,1,0,0
GI,EST,Kenitra,16.28,4,7,3,5,6,4,2,1,0,9,1,0,0
GINF,Privée (EMSI/IGA),Marrakech,15.43,0,7,6,3,8,1,2,0,0,8,1,0,0
Cybersécurité,ENSA,Agadir,13.78,1,9,7,5,3,7,3,0,0,7,1,1,11100
Développement Web,OFPPT,Fès,17.2,1,6,6,4,4,1,1,0,0,5,1,0,0
Cybersécurité,OFPPT,Marrakech,12.69,2,6,6,4,4,3,0,0,0,8,1,0,0
GINF,Faculté (FS),Agadir,12.35,3,9,6,6,8,3,2,0,0,9,1,1,9500
GINF,Privée (EMSI/IGA),Marrakech,16.98,4,9,5,5,6,7,2,0,1,10,0,1,12800
Cybersécurité,EST,Rabat,16.38,4,9,8,6,7,2,0,1,0,5,1,1,10100
GI,EST,Marrakech,14.12,4,10,3,3,8,0,2,1,0,4,0,0,0
Réseaux & Télécoms,ENSA,Casablanca,11.05,3,10,8,7,6,3,0,1,0,9,0,1,12100
GINF,FST,Marrakech,11.72,3,8,5,7,8,0,1,0,0,8,0,1,9900
Cybersécurité,EST,Agadir,15.25,3,5,7,5,3,5,3,1,0,4,1,0,0
Cybersécurité,EST,Fès,13.08,2,7,10,6,8,3,0,1,0,8,1,1,8500
Data Science,OFPPT,Fès,16.69,1,9,4,6,8,5,1,0,0,10,0,0,0
Réseaux & Télécoms,Privée (EMSI/IGA),Tanger,17.6,0,10,9,3,5,4,0,0,1,6,1,0,0
Développement Web,ENSA,Kenitra,16.45,3,5,7,6,6,4,2,1,0,5,1,1,11700
GI,EST,Marrakech,13.02,1,8,3,8,3,5,1,1,0,4,1,0,0
Développement Web,Privée (EMSI/IGA),Fès,16.31,3,7,4,8,10,4,0,0,0,10,0,1,10800
Réseaux & Télécoms,ENSA,Marrakech,12.81,0,5,8,4,9,5,1,0,0,7,0,0,0
Réseaux & Télécoms,ENSA,Kenitra,11.34,3,7,7,8,4,0,0,1,0,8,1,0,0
Réseaux & Télécoms,ENSA,Fès,10.27,1,6,3,10,7,2,0,0,0,9,1,0,0
Développement Web,Faculté (FS),Kenitra,13.09,2,9,9,8,7,5,1,0,0,4,0,1,9200
Réseaux & Télécoms,ENSA,Marrakech,17.23,0,6,10,4,6,3,1,0,0,10,0,0,0
Cybersécurité,Privée (EMSI/IGA),Agadir,11.91,1,4,10,8,8,3,1,0,0,10,0,1,11400
Développement Web,FST,Marrakech,11.65,4,8,9,8,5,7,2,1,0,8,1,1,11600
Réseaux & Télécoms,FST,Kenitra,17.76,4,9,7,4,8,0,3,0,0,8,0,1,11600
Cybersécurité,ENSA,Agadir,10.2,4,5,4,5,6,5,0,0,0,8,1,0,0
Data Science,FST,Agadir,16.29,2,7,4,9,7,4,0,1,0,4,1,1,8800
Réseaux & Télécoms,Faculté (FS),Tanger,12.57,3,10,7,4,7,7,1,0,0,4,1,0,0
Développement Web,OFPPT,Fès,10.3,3,4,5,4,8,2,0,0,0,8,1,0,0
GINF,OFPPT,Casablanca,17.34,3,8,7,10,8,3,3,1,0,7,0,1,10100
Réseaux & Télécoms,Faculté (FS),Agadir,11.12,2,8,8,8,8,7,3,1,1,9,1,1,10300
GINF,Privée (EMSI/IGA),Kenitra,14.41,4,8,7,7,4,7,0,0,1,5,1,1,12400
Cybersécurité,OFPPT,Fès,12.19,3,5,7,9,5,2,0,1,0,10,0,1,7900
Data Science,OFPPT,Rabat,10.52,2,9,5,8,5,2,1,0,0,8,0,0,0
GI,ENSA,Marrakech,10.4,2,6,6,5,9,1,3,0,1,7,0,0,0
Data Science,ENSA,Kenitra,10.92,1,4,4,4,9,2,0,1,1,5,1,0,0
Réseaux & Télécoms,ENSA,Rabat,10.57,3,5,8,3,10,5,3,0,0,8,0,0,0
GINF,Faculté (FS),Kenitra,16.08,4,7,3,4,7,6,0,1,0,10,1,1,8600
GINF,FST,Marrakech,13.88,0,5,4,9,7,1,2,0,0,5,1,0,0
Développement Web,FST,Tanger,12.74,2,7,4,5,6,7,3,1,0,8,1,0,0
GINF,OFPPT,Kenitra,13.35,1,7,6,9,6,6,2,0,0,4,0,1,7500
Développement Web,OFPPT,Agadir,17.43,0,8,4,6,9,0,1,0,0,8,1,0,0
Cybersécurité,Privée (EMSI/IGA),Casablanca,17.29,2,5,4,9,4,4,3,0,1,8,0,0,0
GI,EST,Agadir,15.73,1,6,5,8,7,1,0,0,0,8,0,0,0
Réseaux & Télécoms,Faculté (FS),Marrakech,17.08,3,7,5,7,6,6,0,1,0,8,1,1,8500
Développement Web,EST,Kenitra,12.56,1,10,5,7,4,2,2,0,0,7,1,0,0
GI,ENSA,Casablanca,13.05,2,8,5,8,5,4,3,0,0,6,1,0,0
GINF,ENSA,Agadir,14.91,3,6,5,10,10,2,3,1,0,7,1,1,11700
GINF,EST,Casablanca,14.99,4,5,10,8,7,2,3,0,0,7,1,1,11700
GI,FST,Marrakech,13.85,1,6,8,5,3,1,1,0,0,4,1,0,0
GINF,OFPPT,Tanger,13.21,0,5,3,10,7,7,3,1,0,8,1,1,6800
Cybersécurité,ENSA,Tanger,17.89,3,7,6,4,6,0,1,0,0,7,1,0,0
Cybersécurité,OFPPT,Kenitra,16.57,3,4,7,10,7,7,0,0,0,5,0,1,7900
GI,FST,Agadir,13.48,4,4,9,3,9,6,2,0,0,8,1,1,11600
Développement Web,EST,Rabat,15.82,1,9,8,4,3,2,2,0,0,4,1,0,0
Développement Web,FST,Marrakech,12.16,0,9,5,4,9,5,3,0,0,9,1,0,0
GI,EST,Agadir,10.8,4,7,6,3,7,7,2,0,0,9,1,0,0
Développement Web,Faculté (FS),Agadir,12.82,1,6,7,10,9,7,3,0,1,4,1,1,9600
Développement Web,FST,Tanger,13.22,0,5,4,7,6,1,0,0,0,10,1,0,0
Cybersécurité,ENSA,Kenitra,10.13,0,4,10,10,5,7,0,0,0,5,1,0,0
Développement Web,ENSA,Casablanca,16.52,2,5,10,4,6,5,0,0,1,9,1,0,0
Data Science,FST,Marrakech,12.87,0,7,8,6,4,5,2,1,1,4,1,0,0
Réseaux & Télécoms,Privée (EMSI/IGA),Casablanca,14.64,1,6,4,6,9,6,3,0,0,9,1,1,12000
GINF,EST,Fès,10.59,4,10,6,5,6,2,1,0,1,8,1,1,9600
Data Science,OFPPT,Fès,11.4,4,5,3,5,4,6,0,1,0,6,1,0,0
Développement Web,Faculté (FS),Marrakech,17.12,2,6,3,9,7,5,0,0,0,6,1,1,7600
Cybersécurité,Privée (EMSI/IGA),Kenitra,14.87,1,10,10,3,4,6,1,0,0,7,1,0,0
GI,OFPPT,Rabat,17.6,0,4,6,3,9,4,1,1,0,4,1,0,0
Développement Web,Faculté (FS),Fès,17.99,2,5,9,5,8,0,2,0,0,10,1,0,0
Cybersécurité,Faculté (FS),Tanger,12.97,3,8,9,8,7,2,0,1,1,8,1,1,9800
Réseaux & Télécoms,OFPPT,Rabat,12.39,1,4,3,4,4,5,2,1,0,5,1,0,0
Développement Web,EST,Agadir,16.87,2,6,9,8,9,0,0,0,1,5,1,1,8800
GI,EST,Fès,17.99,4,7,3,7,9,6,2,0,0,8,1,1,8900
Cybersécurité,ENSA,Tanger,15.04,2,8,4,6,6,0,2,1,0,8,0,0,0
Cybersécurité,OFPPT,Agadir,16.36,3,9,9,3,3,4,1,0,0,5,1,0,0
Cybersécurité,OFPPT,Rabat,16.25,1,5,3,5,7,4,3,0,0,4,1,0,0
Réseaux & Télécoms,ENSA,Marrakech,12.84,2,9,3,6,4,3,3,1,0,9,0,0,0
Développement Web,Faculté (FS),Agadir,14.59,0,4,6,8,3,0,3,0,0,7,0,0,0
Réseaux & Télécoms,FST,Casablanca,16.66,1,5,3,3,9,2,0,0,0,7,0,0,0
GINF,ENSA,Marrakech,15.5,2,5,9,3,4,4,1,1,0,7,1,1,11200
GINF,Privée (EMSI/IGA),Marrakech,10.17,2,8,10,9,10,2,1,0,0,8,0,1,11900
Développement Web,ENSA,Rabat,12.69,1,8,10,4,4,0,1,1,0,5,0,0,0
Réseaux & Télécoms,ENSA,Rabat,11.16,4,8,9,3,4,4,0,0,0,10,1,1,12800
GI,Faculté (FS),Tanger,11.86,0,8,8,7,6,3,2,1,0,10,1,0,0
Cybersécurité,OFPPT,Tanger,17.24,1,7,5,10,4,0,2,0,0,5,1,0,0
Cybersécurité,ENSA,Casablanca,10.3,0,6,5,3,3,2,3,0,1,5,0,0,0
Développement Web,Faculté (FS),Marrakech,11.76,0,8,6,10,8,7,3,0,0,9,1,1,8400
GINF,FST,Kenitra,12.48,1,4,5,7,4,3,0,0,0,5,0,0,0
GINF,ENSA,Casablanca,14.94,2,5,4,8,8,0,0,1,0,5,0,0,0
Cybersécurité,ENSA,Casablanca,14.27,4,9,8,9,5,4,3,0,0,6,1,1,13800
Développement Web,Faculté (FS),Kenitra,11.75,0,8,8,4,9,5,2,1,0,9,1,0,0
Réseaux & Télécoms,EST,Kenitra,11.31,0,4,6,9,7,0,2,0,0,8,1,0,0
GINF,Privée (EMSI/IGA),Kenitra,11.89,2,7,9,7,6,1,1,1,0,10,1,1,11700
Réseaux & Télécoms,OFPPT,Rabat,14.02,1,4,3,8,5,2,3,0,0,9,1,0,0
GINF,Privée (EMSI/IGA),Casablanca,12.17,4,9,5,6,5,4,3,0,0,8,1,1,13700
GINF,EST,Casablanca,17.58,0,9,4,9,3,4,2,0,0,6,0,0,0
Data Science,Privée (EMSI/IGA),Agadir,13.71,0,4,9,9,3,1,1,1,0,7,1,0,0
GINF,FST,Kenitra,10.47,1,7,6,3,10,5,3,0,1,4,0,0,0
GI,EST,Kenitra,15.83,2,9,9,9,8,3,2,0,0,9,1,1,9100
Développement Web,ENSA,Tanger,12.63,3,7,6,5,8,7,2,0,0,8,1,1,11500
Développement Web,ENSA,Tanger,15.23,2,5,3,5,6,4,2,0,0,8,1,0,0
Réseaux & Télécoms,Faculté (FS),Marrakech,12.24,0,8,7,7,6,6,1,1,0,6,1,0,0
GINF,FST,Tanger,14.57,0,9,10,4,10,3,1,0,0,8,1,1,9400
GI,ENSA,Fès,16.18,4,4,5,7,7,3,2,0,0,8,0,0,0
Réseaux & Télécoms,Faculté (FS),Marrakech,17.42,2,6,4,10,4,3,1,1,0,7,0,0,0
Data Science,EST,Kenitra,12.09,3,6,6,9,6,5,1,1,0,6,1,0,0
Réseaux & Télécoms,Faculté (FS),Agadir,12.68,4,10,9,9,6,0,1,0,0,9,1,1,10200
Réseaux & Télécoms,EST,Tanger,13.71,3,5,5,8,8,1,1,1,1,8,1,1,8900
GINF,OFPPT,Agadir,17.42,4,6,9,9,4,2,0,0,0,5,1,1,8800
Data Science,OFPPT,Tanger,17.21,2,5,4,8,7,1,3,0,1,6,1,0,0
Réseaux & Télécoms,FST,Tanger,10.72,0,8,8,9,9,4,3,0,0,7,1,1,9800
GI,EST,Agadir,11.06,3,10,8,9,9,1,1,0,1,9,1,1,9500
GI,EST,Casablanca,13.96,2,5,10,7,3,2,2,1,0,4,0,0,0
Développement Web,OFPPT,Casablanca,10.85,3,7,10,7,7,0,3,0,0,8,1,1,10700
Data Science,EST,Casablanca,12.76,2,7,4,6,4,4,1,0,0,5,1,0,0
Data Science,ENSA,Fès,11.19,4,10,10,8,3,0,3,1,1,5,1,1,13700
Développement Web,ENSA,Casablanca,15.09,2,7,8,6,3,4,2,0,0,4,1,0,0
Réseaux & Télécoms,FST,Tanger,17.6,4,9,6,7,10,2,1,0,0,6,1,1,10600
Data Science,FST,Kenitra,17.97,0,7,5,4,3,0,2,0,1,7,1,0,0
GI,OFPPT,Rabat,13.0,4,7,4,3,7,2,3,1,0,8,1,0,0
GI,ENSA,Agadir,14.79,1,7,6,8,10,2,0,1,0,8,0,0,0
GINF,EST,Kenitra,16.85,0,7,5,5,8,5,2,0,0,9,1,0,0
Data Science,OFPPT,Rabat,10.94,2,9,5,6,4,1,1,0,0,8,1,0,0
Réseaux & Télécoms,OFPPT,Kenitra,15.52,2,7,6,10,7,4,1,0,0,5,1,0,0
Développement Web,EST,Fès,13.27,1,7,5,8,7,3,2,0,0,6,0,0,0
Développement Web,FST,Rabat,11.65,2,8,7,10,5,3,0,0,1,4,1,1,10900
Réseaux & Télécoms,EST,Marrakech,13.22,0,9,4,3,6,0,3,0,0,6,0,0,0
Cybersécurité,Privée (EMSI/IGA),Casablanca,10.61,0,7,4,6,9,2,3,0,1,7,0,0,0
GINF,ENSA,Fès,15.56,4,5,5,8,7,1,3,0,0,7,1,0,0
Développement Web,Privée (EMSI/IGA),Kenitra,12.02,3,10,6,6,5,4,3,0,0,10,1,1,12400
Data Science,Faculté (FS),Tanger,12.49,2,8,3,6,9,0,3,0,0,4,1,0,0
GINF,FST,Casablanca,10.97,1,9,10,7,8,2,1,0,0,5,0,1,10900
Data Science,ENSA,Casablanca,16.92,0,6,8,9,10,5,1,0,0,9,0,1,11000
GI,FST,Rabat,13.95,0,4,5,7,8,3,2,0,0,4,0,0,0
GINF,FST,Marrakech,14.58,0,9,3,6,4,3,2,0,0,9,0,0,0
Développement Web,ENSA,Casablanca,14.56,3,10,5,6,5,4,3,0,0,7,1,1,12700
GINF,Faculté (FS),Kenitra,13.28,3,8,3,9,10,4,3,1,0,5,1,1,9300
GINF,Privée (EMSI/IGA),Kenitra,11.54,2,7,5,5,7,4,3,0,0,6,1,0,0
GINF,Faculté (FS),Agadir,15.96,1,8,6,3,10,0,0,0,0,7,0,0,0
Cybersécurité,OFPPT,Agadir,11.02,3,4,8,9,4,4,2,1,0,5,1,1,8900
GINF,ENSA,Casablanca,10.83,4,4,9,3,5,7,1,0,1,5,1,0,0
Data Science,FST,Rabat,15.68,3,9,9,4,7,0,3,0,0,8,1,0,0
GI,ENSA,Rabat,11.67,0,7,3,10,4,1,2,1,1,6,1,0,0
Réseaux & Télécoms,Faculté (FS),Tanger,12.45,1,7,10,9,9,2,0,0,0,5,0,0,0
GINF,Privée (EMSI/IGA),Fès,13.8,2,5,10,4,4,3,0,0,1,4,0,0,0
Développement Web,Faculté (FS),Fès,13.59,3,4,7,4,9,6,3,0,0,9,0,1,10100
GINF,ENSA,Fès,15.67,0,7,6,7,6,6,1,0,0,10,1,0,0
Développement Web,EST,Marrakech,14.99,4,4,8,7,8,0,2,0,0,6,0,0,0
Data Science,Faculté (FS),Rabat,15.16,4,5,5,5,10,2,1,0,1,6,1,1,10900
Développement Web,FST,Tanger,15.71,2,6,3,7,10,5,3,0,0,10,1,1,9800
Réseaux & Télécoms,OFPPT,Agadir,12.34,2,4,10,4,9,4,3,0,0,7,1,0,0
GI,OFPPT,Kenitra,12.58,3,5,8,8,7,3,0,0,0,6,1,0,0
Développement Web,Faculté (FS),Fès,13.5,2,5,4,6,6,5,0,0,0,6,0,0,0
Développement Web,EST,Agadir,12.46,0,10,10,4,4,7,2,1,0,8,1,1,8300
GI,EST,Agadir,17.88,0,5,6,5,4,0,3,1,0,6,1,0,0
Réseaux & Télécoms,ENSA,Casablanca,16.51,0,8,3,6,5,4,3,1,0,9,1,0,0
GINF,EST,Marrakech,11.32,3,9,6,7,6,7,2,0,0,9,1,0,0
Développement Web,FST,Tanger,10.04,3,7,3,6,3,2,1,0,0,9,1,0,0
GI,Faculté (FS),Marrakech,10.34,2,4,9,8,7,7,0,0,0,5,1,0,0
Data Science,Faculté (FS),Casablanca,11.95,3,9,4,5,8,1,3,0,0,10,1,0,0
GI,ENSA,Tanger,10.91,0,8,7,7,9,2,3,0,0,10,1,0,0
Data Science,EST,Tanger,14.27,1,4,4,3,6,0,1,1,0,4,1,0,0
Réseaux & Télécoms,ENSA,Rabat,16.86,0,9,5,4,4,1,1,1,0,10,1,0,0
GINF,ENSA,Marrakech,15.89,1,8,6,9,5,1,1,0,0,9,1,1,10100
GI,OFPPT,Marrakech,11.72,2,7,7,8,7,4,0,1,0,8,1,0,0
Cybersécurité,ENSA,Rabat,13.19,4,5,6,8,8,2,2,0,0,8,0,0,0
Développement Web,FST,Agadir,14.06,3,9,8,9,9,0,3,0,0,8,1,1,11300
Réseaux & Télécoms,ENSA,Casablanca,16.48,3,9,3,4,7,5,0,0,0,8,0,0,0
GI,OFPPT,Marrakech,16.71,0,4,5,5,5,5,1,0,0,7,1,0,0
Développement Web,Faculté (FS),Rabat,17.28,0,5,5,5,4,1,3,1,0,10,0,0,0
GI,ENSA,Kenitra,14.07,1,10,6,8,10,4,3,0,0,8,1,1,10900
Data Science,FST,Tanger,15.55,3,7,9,4,9,7,0,0,0,7,0,1,10300
GI,OFPPT,Fès,10.89,2,4,5,6,10,5,1,0,0,7,1,1,7400
Cybersécurité,Privée (EMSI/IGA),Kenitra,14.52,0,6,10,3,8,1,1,0,0,6,1,0,0
GI,ENSA,Rabat,11.99,3,6,6,3,3,6,2,1,0,4,1,0,0
GI,OFPPT,Fès,13.45,4,6,3,5,5,7,1,1,0,6,1,0,0
Cybersécurité,Privée (EMSI/IGA),Agadir,15.07,1,7,3,10,3,2,0,1,0,7,1,0,0
Réseaux & Télécoms,Privée (EMSI/IGA),Casablanca,12.06,0,6,6,5,6,5,2,0,0,6,0,0,0
GI,Faculté (FS),Fès,10.42,0,9,4,6,10,3,2,0,0,5,1,0,0
Cybersécurité,Faculté (FS),Agadir,10.08,2,10,4,5,7,6,2,1,0,10,1,0,0
Développement Web,FST,Fès,10.18,0,4,3,3,8,0,2,1,0,8,0,0,0
Data Science,OFPPT,Tanger,10.07,3,10,7,10,10,6,2,0,0,8,1,1,8700
Data Science,FST,Tanger,10.88,3,10,10,4,4,3,0,1,0,10,0,1,10500
GI,Faculté (FS),Tanger,11.92,3,10,4,8,3,2,3,0,0,10,1,0,0
Réseaux & Télécoms,FST,Tanger,11.77,4,9,6,3,4,7,1,1,0,7,0,1,10600
Réseaux & Télécoms,OFPPT,Rabat,17.89,4,6,3,6,6,3,3,0,1,6,0,0,0
Développement Web,OFPPT,Tanger,12.45,0,10,5,4,3,2,3,1,0,10,0,0,0
GI,ENSA,Kenitra,11.02,4,10,5,4,4,2,1,0,0,5,1,0,0
Data Science,OFPPT,Tanger,14.36,4,4,9,8,4,4,1,0,0,5,1,1,9200
Réseaux & Télécoms,FST,Kenitra,16.86,2,9,10,3,9,6,3,0,0,9,1,1,11200
GI,OFPPT,Rabat,15.42,4,7,4,9,6,3,1,0,1,5,1,0,0
Réseaux & Télécoms,FST,Tanger,12.37,1,5,7,4,5,1,2,0,0,7,1,0,0
Cybersécurité,EST,Agadir,14.49,1,9,8,4,8,2,1,0,0,9,1,1,8000
Réseaux & Télécoms,Privée (EMSI/IGA),Agadir,15.72,1,8,4,5,6,6,1,0,1,6,1,0,0
Data Science,EST,Marrakech,15.82,0,6,7,4,3,3,2,0,0,5,1,0,0
GINF,OFPPT,Agadir,15.33,3,8,4,6,3,1,2,0,0,5,1,0,0
Développement Web,FST,Casablanca,16.97,2,5,5,4,7,0,2,0,0,6,1,0,0
Développement Web,FST,Casablanca,16.96,0,7,7,5,4,1,1,0,0,6,1,0,0
Data Science,EST,Casablanca,14.63,3,9,5,7,8,3,2,0,0,8,0,1,9800
Réseaux & Télécoms,Faculté (FS),Rabat,13.44,2,7,10,7,3,7,2,1,0,4,0,1,10800
GI,EST,Agadir,15.13,2,5,9,6,5,7,0,1,0,4,1,1,8300
Réseaux & Télécoms,ENSA,Kenitra,16.55,2,8,6,8,5,3,0,1,0,5,1,1,10200
Data Science,EST,Casablanca,10.05,1,9,6,8,6,1,1,0,0,6,0,1,8600
Développement Web,ENSA,Marrakech,17.94,1,6,3,9,10,1,2,0,0,8,0,0,0
Réseaux & Télécoms,Privée (EMSI/IGA),Rabat,11.46,1,4,5,9,3,5,1,1,1,7,1,1,11900
Développement Web,Privée (EMSI/IGA),Marrakech,13.76,2,10,5,6,8,2,0,0,0,4,1,1,10500
GI,EST,Agadir,16.98,2,7,9,10,8,3,0,1,0,9,1,1,8300
Développement Web,OFPPT,Tanger,11.8,1,5,3,4,10,2,2,0,1,4,1,0,0
Développement Web,EST,Marrakech,13.81,2,9,10,4,3,2,1,0,0,6,1,0,0
GINF,Faculté (FS),Tanger,11.06,1,8,6,10,10,6,0,0,0,10,1,1,7700
GINF,OFPPT,Rabat,13.16,1,6,6,7,9,0,3,1,0,7,1,0,0
Cybersécurité,Privée (EMSI/IGA),Marrakech,11.42,1,8,7,7,7,6,2,0,0,4,1,0,0
GINF,FST,Marrakech,12.91,3,6,7,3,7,3,1,0,0,10,0,0,0
Développement Web,OFPPT,Fès,12.99,2,9,8,7,7,2,3,1,1,8,0,1,9300
Data Science,EST,Rabat,17.95,0,4,9,10,9,7,2,0,0,4,0,1,9100
Développement Web,Privée (EMSI/IGA),Rabat,17.96,1,4,6,9,3,0,2,0,0,6,1,0,0
Data Science,ENSA,Casablanca,10.92,0,10,8,7,6,5,0,0,0,6,1,1,10600
Data Science,Faculté (FS),Agadir,15.81,3,5,4,6,9,7,1,0,0,9,1,1,8700
GINF,Faculté (FS),Marrakech,10.41,2,5,5,3,8,2,0,1,0,9,1,0,0
Réseaux & Télécoms,Faculté (FS),Marrakech,10.24,1,6,7,8,6,7,3,1,1,7,1,0,0
GI,ENSA,Kenitra,10.84,1,6,4,3,10,2,3,0,0,4,1,0,0
GINF,Privée (EMSI/IGA),Rabat,17.72,1,6,7,10,6,5,3,0,0,7,1,1,12600
GINF,ENSA,Rabat,17.53,0,6,3,4,9,3,3,0,0,10,1,0,0
Réseaux & Télécoms,Faculté (FS),Agadir,11.55,3,10,5,4,6,6,3,0,0,4,1,0,0
GI,ENSA,Rabat,11.29,2,9,8,3,5,7,1,0,0,5,0,0,0
Développement Web,EST,Tanger,11.92,3,9,10,3,3,1,1,0,0,4,0,0,0
Cybersécurité,FST,Tanger,14.12,1,4,8,4,4,5,2,0,0,6,0,0,0
Cybersécurité,FST,Fès,14.56,3,5,10,9,3,1,2,0,0,6,1,0,0
Développement Web,ENSA,Tanger,11.77,0,10,10,10,6,3,1,1,0,5,0,1,10400
GINF,ENSA,Tanger,16.05,4,5,7,6,5,7,2,1,0,4,1,1,12200
GI,FST,Agadir,12.48,4,7,6,6,5,6,0,0,0,4,1,1,10200
GINF,OFPPT,Marrakech,17.38,2,5,9,6,3,1,1,0,0,6,1,0,0
Data Science,OFPPT,Tanger,15.25,2,5,8,6,10,6,0,0,0,5,1,1,7600
GINF,ENSA,Fès,13.49,3,8,3,4,4,7,3,1,0,6,0,0,0
GINF,EST,Rabat,16.32,2,8,3,10,9,4,3,1,0,10,1,1,9300
Développement Web,ENSA,Tanger,16.54,0,10,6,9,9,1,2,1,0,5,0,0,0
Développement Web,ENSA,Fès,12.32,1,7,3,5,6,6,1,0,0,6,1,0,0
Développement Web,Faculté (FS),Agadir,12.72,1,6,9,7,5,5,3,0,0,8,1,1,9500
Cybersécurité,Faculté (FS),Kenitra,17.49,3,7,5,7,6,2,2,1,0,4,1,1,9300
Data Science,ENSA,Kenitra,11.32,1,7,7,7,6,2,0,1,0,7,1,1,9900
Développement Web,ENSA,Kenitra,10.34,3,4,3,7,8,0,1,1,0,8,1,0,0
GI,ENSA,Rabat,13.63,2,9,5,4,6,7,2,0,0,6,1,1,11800
Cybersécurité,OFPPT,Fès,16.41,2,5,6,5,7,5,3,0,0,5,1,0,0
Réseaux & Télécoms,Privée (EMSI/IGA),Tanger,16.17,0,4,7,4,8,7,0,0,1,7,0,0,0
GI,ENSA,Marrakech,17.36,1,10,6,5,6,6,0,1,0,5,1,1,9700
GI,ENSA,Rabat,14.27,0,9,7,4,6,3,2,1,1,9,1,0,0
Développement Web,OFPPT,Rabat,10.8,4,10,9,9,4,0,1,0,0,5,1,1,10200
Réseaux & Télécoms,Privée (EMSI/IGA),Kenitra,14.71,0,5,3,3,9,7,2,0,1,9,1,0,0
Réseaux & Télécoms,FST,Marrakech,16.23,3,10,3,5,8,2,3,0,0,10,0,1,10300
Cybersécurité,ENSA,Kenitra,10.75,3,7,7,7,9,2,1,0,0,9,0,1,11300
Réseaux & Télécoms,ENSA,Rabat,11.38,0,5,5,5,8,0,3,0,0,4,1,0,0
Data Science,Faculté (FS),Tanger,10.1,2,6,5,8,4,5,0,0,0,6,0,0,0
Développement Web,EST,Kenitra,14.75,4,6,5,6,7,4,0,0,0,4,1,0,0
Réseaux & Télécoms,ENSA,Kenitra,17.09,0,7,4,5,8,1,3,0,0,9,1,1,10000
Cybersécurité,Faculté (FS),Kenitra,15.37,2,10,8,8,7,6,3,1,0,5,1,1,9800
Data Science,ENSA,Rabat,17.86,0,8,8,6,6,7,0,0,0,4,1,0,0
GINF,OFPPT,Tanger,10.5,1,6,8,8,5,6,2,1,0,8,0,1,7900
GINF,EST,Marrakech,17.22,3,7,5,6,5,4,2,0,0,10,1,0,0
Data Science,ENSA,Casablanca,16.51,1,4,3,3,3,4,2,1,0,9,1,0,0
Cybersécurité,Faculté (FS),Marrakech,12.51,1,8,9,5,5,7,3,1,0,5,1,1,9500
Data Science,EST,Tanger,17.79,4,6,4,8,5,4,3,0,0,5,1,0,0
Développement Web,Privée (EMSI/IGA),Agadir,12.3,2,7,10,9,4,6,0,0,0,8,1,1,11500
Développement Web,FST,Kenitra,17.11,3,7,10,3,3,7,1,0,0,5,1,0,0
GINF,EST,Marrakech,17.05,1,4,5,7,9,5,2,0,0,7,1,0,0
Réseaux & Télécoms,OFPPT,Agadir,16.06,3,4,3,5,10,4,2,0,0,7,1,0,0
Cybersécurité,EST,Agadir,14.51,2,8,4,4,3,1,2,0,0,6,0,0,0
GINF,Privée (EMSI/IGA),Tanger,10.96,0,9,3,4,4,3,0,1,0,6,1,0,0
Réseaux & Télécoms,EST,Tanger,14.26,1,6,7,4,10,0,1,0,1,4,1,0,0
Réseaux & Télécoms,FST,Kenitra,12.85,2,7,3,9,5,7,1,0,1,4,0,0,0
Développement Web,ENSA,Casablanca,16.34,3,8,4,8,5,4,1,0,0,10,0,0,0
GI,FST,Fès,16.07,2,10,5,8,3,4,2,0,1,8,0,0,0
GI,OFPPT,Rabat,17.28,0,8,8,6,5,0,3,0,0,8,1,0,0
Data Science,OFPPT,Marrakech,10.12,2,10,4,4,3,7,2,0,0,9,1,0,0
Développement Web,ENSA,Tanger,16.47,3,4,5,7,5,7,1,1,0,10,1,1,10900
Réseaux & Télécoms,ENSA,Marrakech,17.51,1,7,5,8,6,6,0,0,0,5,1,0,0
Cybersécurité,OFPPT,Fès,16.31,1,5,9,9,4,6,1,0,1,6,1,1,8200
GI,Privée (EMSI/IGA),Fès,11.04,4,9,6,5,10,7,2,0,0,9,1,1,12500
Réseaux & Télécoms,ENSA,Kenitra,10.65,3,9,10,8,8,7,3,0,0,6,1,1,12700
GI,FST,Agadir,10.17,4,4,9,5,7,0,1,1,0,6,0,0,0
GI,EST,Kenitra,15.03,4,10,7,9,9,6,3,1,1,6,1,1,10600
GI,OFPPT,Rabat,15.04,0,7,6,8,6,6,1,0,0,4,1,0,0
Cybersécurité,ENSA,Casablanca,17.9,3,8,8,10,5,3,3,1,0,7,1,1,13300
Développement Web,ENSA,Marrakech,13.18,1,9,4,6,7,2,3,0,0,9,1,0,0
Cybersécurité,OFPPT,Rabat,12.66,3,8,6,6,8,3,1,0,1,8,1,0,0
GINF,ENSA,Casablanca,15.0,0,6,8,6,6,2,0,0,0,8,1,0,0
Réseaux & Télécoms,FST,Marrakech,16.6,3,5,5,7,8,5,2,1,0,6,0,0,0
Développement Web,FST,Rabat,17.49,3,4,4,8,4,1,2,0,0,6,0,0,0
Développement Web,EST,Tanger,16.42,4,10,6,5,7,6,1,0,0,4,1,1,9100
Développement Web,EST,Marrakech,13.41,3,9,3,9,8,3,3,0,0,4,0,1,8800
Développement Web,FST,Rabat,15.08,4,6,8,8,7,1,2,1,0,8,1,1,12400
Cybersécurité,ENSA,Fès,16.85,4,6,8,9,4,0,3,0,0,6,1,0,0
Développement Web,Faculté (FS),Casablanca,13.92,2,5,7,3,8,3,0,0,0,6,1,0,0
Data Science,OFPPT,Rabat,11.73,0,4,10,6,6,5,1,1,0,10,1,1,8400
Réseaux & Télécoms,OFPPT,Tanger,11.36,4,4,3,4,7,0,0,1,0,9,1,0,0
Développement Web,ENSA,Kenitra,10.0,3,8,4,9,9,5,3,1,0,8,0,1,11500
Réseaux & Télécoms,ENSA,Marrakech,15.75,4,4,6,3,9,5,3,1,0,4,1,1,12400
Data Science,EST,Marrakech,10.89,4,6,5,9,9,4,1,1,1,9,0,1,9400
Data Science,EST,Marrakech,11.95,4,8,6,3,10,0,3,0,0,8,1,1,9900
Réseaux & Télécoms,FST,Tanger,12.38,1,4,10,9,10,6,1,0,0,4,1,1,9900
GI,Faculté (FS),Casablanca,14.48,1,10,9,6,8,5,1,0,0,4,1,1,9700
GINF,ENSA,Marrakech,13.18,1,10,10,4,4,4,0,1,0,9,0,1,10500
GI,ENSA,Casablanca,15.4,1,5,4,10,9,2,2,1,0,9,1,0,0
GI,EST,Rabat,10.45,2,6,4,6,8,4,2,0,0,4,1,0,0
Cybersécurité,Faculté (FS),Fès,10.99,4,7,4,9,8,6,3,0,1,6,0,1,10500
GI,ENSA,Fès,13.99,2,5,4,6,6,2,2,1,0,8,1,0,0
Développement Web,Faculté (FS),Casablanca,12.7,3,5,9,4,5,4,3,0,0,4,1,0,0
Cybersécurité,EST,Casablanca,12.37,0,4,8,3,3,4,2,0,0,7,1,0,0
Cybersécurité,OFPPT,Fès,10.54,2,8,6,3,5,1,0,0,1,10,1,0,0
Data Science,OFPPT,Marrakech,17.17,1,8,3,9,10,1,2,0,0,4,1,0,0
GI,EST,Agadir,15.53,1,10,5,8,5,6,3,1,0,4,1,1,8200
Data Science,ENSA,Agadir,10.97,3,6,5,4,3,0,3,1,0,9,1,0,0
Réseaux & Télécoms,FST,Tanger,10.52,4,4,7,3,8,5,2,1,0,4,1,0,0
GINF,ENSA,Kenitra,17.8,0,8,8,7,5,6,1,0,1,10,0,1,10500
Cybersécurité,Faculté (FS),Fès,15.45,2,10,4,6,10,1,0,1,0,5,1,0,0
Réseaux & Télécoms,OFPPT,Fès,13.34,4,9,10,9,10,2,1,0,0,9,1,1,9400
Réseaux & Télécoms,Faculté (FS),Tanger,15.61,4,7,4,7,5,1,2,0,1,7,1,0,0
Développement Web,OFPPT,Agadir,16.05,2,9,4,7,4,0,1,0,0,6,1,0,0
GINF,EST,Rabat,16.24,2,4,10,8,4,7,2,1,0,10,0,1,10300
Réseaux & Télécoms,ENSA,Marrakech,13.82,2,4,8,8,6,3,3,0,0,9,0,1,11800
Réseaux & Télécoms,OFPPT,Marrakech,13.44,2,8,3,8,10,2,1,0,0,8,1,0,0
GINF,EST,Rabat,10.09,1,5,4,7,7,3,0,1,0,8,1,0,0
GINF,Faculté (FS),Rabat,17.41,4,4,7,5,8,7,1,0,0,9,1,1,10800
Réseaux & Télécoms,EST,Agadir,14.83,4,5,7,10,9,2,3,1,0,8,1,1,10100
GINF,ENSA,Tanger,11.63,1,6,3,5,10,7,3,1,0,9,1,0,0
Réseaux & Télécoms,Privée (EMSI/IGA),Rabat,17.36,4,10,8,7,6,5,3,1,1,6,1,1,14800
Réseaux & Télécoms,ENSA,Tanger,17.32,2,6,4,6,10,5,1,0,0,4,1,0,0
Développement Web,Privée (EMSI/IGA),Kenitra,17.91,0,8,9,9,10,5,3,0,0,7,1,1,11500
GI,Privée (EMSI/IGA),Casablanca,16.99,4,6,6,7,4,0,3,1,0,8,0,0,0
Réseaux & Télécoms,OFPPT,Marrakech,17.98,0,9,6,9,10,1,1,0,0,5,1,0,0
Data Science,Faculté (FS),Agadir,11.96,0,9,5,7,4,3,1,0,0,5,0,0,0
Cybersécurité,Faculté (FS),Marrakech,16.74,1,9,3,8,3,3,2,0,1,7,1,0,0
GI,OFPPT,Agadir,16.58,3,8,6,9,3,1,1,0,0,8,1,0,0
GI,EST,Casablanca,11.85,4,8,5,8,9,0,3,0,0,4,0,0,0
GI,FST,Marrakech,10.79,1,9,7,8,10,1,0,1,1,8,1,1,9400
Développement Web,Faculté (FS),Casablanca,17.84,1,5,5,10,9,4,3,0,0,10,0,0,0
Réseaux & Télécoms,FST,Agadir,12.37,0,9,4,10,4,4,3,0,0,4,1,0,0
Développement Web,FST,Rabat,16.97,4,5,4,5,5,5,3,0,1,8,1,0,0
Réseaux & Télécoms,EST,Kenitra,10.03,1,6,7,7,9,4,1,1,0,5,1,0,0
Développement Web,Faculté (FS),Marrakech,10.17,2,5,3,6,6,3,0,0,1,6,0,0,0
Développement Web,OFPPT,Casablanca,13.73,1,4,8,6,4,5,3,0,0,9,1,0,0
Cybersécurité,ENSA,Fès,11.91,2,7,10,8,8,3,1,0,0,7,0,0,0
Data Science,Privée (EMSI/IGA),Marrakech,15.52,3,4,10,8,10,0,2,0,0,4,1,1,12800
Développement Web,Faculté (FS),Marrakech,14.52,2,4,4,7,4,2,0,0,0,6,1,0,0
Cybersécurité,OFPPT,Marrakech,10.62,2,8,10,10,3,1,0,1,0,4,0,1,8000
GINF,Faculté (FS),Tanger,11.3,0,7,4,6,6,6,1,0,1,10,0,0,0
Data Science,OFPPT,Casablanca,13.1,1,8,5,7,10,6,2,0,0,7,0,1,8300
Développement Web,ENSA,Casablanca,11.48,3,5,5,10,6,6,3,0,0,10,1,1,12700
GI,OFPPT,Marrakech,16.34,1,9,5,9,7,2,2,0,0,10,1,0,0
GINF,ENSA,Rabat,13.33,2,10,6,5,4,3,0,0,0,6,1,0,0
GINF,OFPPT,Marrakech,10.75,2,10,9,7,7,1,1,0,0,10,1,1,8200
Cybersécurité,Privée (EMSI/IGA),Tanger,13.87,1,10,7,8,3,3,2,0,0,6,1,0,0
GINF,EST,Agadir,10.73,3,5,3,3,7,0,3,1,1,9,1,0,0
Data Science,ENSA,Tanger,11.03,3,7,5,5,5,5,2,0,1,9,1,0,0
Développement Web,OFPPT,Rabat,11.92,0,6,3,6,4,1,2,0,0,7,1,0,0
Développement Web,EST,Marrakech,16.88,2,5,9,6,4,3,1,0,0,7,0,0,0
GI,OFPPT,Casablanca,17.4,2,4,5,8,6,4,1,1,0,4,1,0,0
Cybersécurité,ENSA,Kenitra,16.61,0,7,4,8,10,6,0,1,0,10,1,1,8800
GI,ENSA,Fès,12.67,1,7,9,5,9,4,1,0,1,6,1,0,0
GINF,Privée (EMSI/IGA),Marrakech,12.18,2,5,3,8,7,7,2,0,0,7,0,0,0
GI,Faculté (FS),Rabat,14.39,1,5,6,3,6,3,3,0,1,9,1,0,0
Data Science,OFPPT,Casablanca,15.77,3,8,5,5,8,7,0,0,0,4,0,1,8500
Développement Web,EST,Tanger,17.95,4,8,8,10,10,2,1,0,0,8,0,1,9500
GINF,Faculté (FS),Agadir,11.05,0,4,7,10,7,5,2,1,0,9,0,1,8200
GI,Faculté (FS),Agadir,10.39,2,7,4,10,9,0,2,1,0,7,1,1,8600
Cybersécurité,Faculté (FS),Kenitra,15.55,0,10,9,8,7,0,0,1,1,9,1,1,8300
Data Science,Faculté (FS),Marrakech,16.66,3,6,9,9,10,6,0,0,0,10,0,1,9300
Data Science,Faculté (FS),Tanger,16.77,3,6,5,4,9,3,1,0,1,9,0,1,9400
GI,FST,Kenitra,15.43,3,7,9,3,9,0,1,0,0,6,1,1,10700
Développement Web,EST,Fès,17.63,3,4,3,5,3,1,3,0,0,8,0,0,0
GI,OFPPT,Fès,14.09,4,10,10,4,10,0,0,1,0,7,0,1,9000
GINF,ENSA,Kenitra,17.31,1,8,5,10,7,7,0,0,0,10,1,1,9500
GI,Faculté (FS),Rabat,17.74,1,8,4,10,6,4,2,0,0,5,1,1,9100
Data Science,ENSA,Agadir,16.78,4,8,7,7,10,3,3,1,0,6,1,1,12600
GI,Faculté (FS),Tanger,12.48,1,6,7,3,8,1,1,1,0,10,1,0,0
Développement Web,OFPPT,Marrakech,11.57,3,6,7,7,9,6,3,1,1,9,0,1,9600
Cybersécurité,ENSA,Casablanca,14.38,1,4,8,10,10,7,3,1,0,6,1,1,12300
Réseaux & Télécoms,ENSA,Marrakech,13.62,0,6,10,4,7,7,2,0,0,4,1,0,0
GI,ENSA,Marrakech,17.02,1,5,4,6,7,0,0,0,0,10,0,0,0
Développement Web,Faculté (FS),Tanger,10.8,0,6,8,10,4,6,0,0,0,5,1,0,0
Développement Web,OFPPT,Agadir,12.06,2,8,8,6,4,7,0,0,0,7,1,0,0
Cybersécurité,ENSA,Tanger,16.01,0,4,9,8,8,4,1,0,0,5,1,0,0
Data Science,OFPPT,Casablanca,10.76,0,7,5,6,9,5,0,0,0,9,1,0,0
Développement Web,EST,Kenitra,12.57,3,7,4,7,4,2,3,1,0,7,1,0,0
Développement Web,FST,Tanger,13.1,3,4,4,3,5,0,3,0,0,10,0,0,0
Développement Web,Privée (EMSI/IGA),Rabat,14.98,3,5,9,7,4,6,0,0,0,4,0,0,0
Développement Web,EST,Marrakech,11.27,0,7,5,7,5,7,3,0,0,9,1,1,7700
GINF,FST,Agadir,16.88,4,8,6,10,10,4,1,0,0,9,1,1,10600
GINF,ENSA,Fès,13.58,3,7,8,10,8,5,0,0,0,8,1,1,11100
Data Science,ENSA,Casablanca,17.34,3,7,7,6,5,5,1,1,0,5,0,0,0
GI,EST,Fès,13.74,0,8,10,7,10,4,0,0,0,6,1,0,0
Développement Web,ENSA,Marrakech,12.2,2,6,3,4,8,4,1,1,1,7,0,0,0
Cybersécurité,Faculté (FS),Tanger,11.13,2,5,10,5,6,6,1,0,0,5,1,1,9400
GI,FST,Fès,10.03,1,10,8,5,4,4,1,0,0,7,1,0,0
Cybersécurité,FST,Rabat,14.26,2,8,3,5,7,2,3,0,1,5,1,0,0
GI,ENSA,Tanger,10.86,3,8,5,8,9,3,1,0,0,6,1,0,0
Data Science,EST,Marrakech,13.13,4,9,10,10,3,4,2,0,0,7,1,1,10300
Développement Web,Faculté (FS),Fès,14.71,1,4,3,9,9,3,1,0,0,7,1,0,0
Développement Web,Privée (EMSI/IGA),Kenitra,12.21,4,5,6,9,7,5,1,0,1,8,1,1,12600
Réseaux & Télécoms,ENSA,Casablanca,11.4,4,6,4,6,4,2,1,1,0,4,0,0,0
Cybersécurité,OFPPT,Fès,16.2,3,9,7,9,7,6,1,0,1,5,0,1,8800
GI,Faculté (FS),Kenitra,17.57,0,10,3,6,4,5,0,0,0,6,1,0,0
GI,Faculté (FS),Kenitra,10.8,0,8,3,5,9,7,3,0,0,10,1,0,0
GINF,FST,Fès,11.24,0,10,10,10,4,2,3,0,0,8,1,1,10200
Réseaux & Télécoms,ENSA,Agadir,17.68,2,10,5,3,7,5,3,0,0,8,0,1,11200
GINF,ENSA,Fès,10.3,0,10,5,8,10,1,0,0,1,4,0,1,9500
GINF,Faculté (FS),Marrakech,17.82,3,9,9,5,5,1,1,0,0,10,0,1,9700
GINF,EST,Kenitra,10.04,2,6,4,10,6,4,1,0,0,6,1,0,0
Cybersécurité,Privée (EMSI/IGA),Casablanca,16.99,0,9,7,7,6,3,3,0,0,10,1,0,0
Cybersécurité,FST,Marrakech,12.46,4,9,9,10,6,5,2,0,0,9,1,1,11600
Data Science,ENSA,Rabat,17.51,3,9,9,9,6,7,1,1,0,5,1,1,12700
Data Science,OFPPT,Tanger,12.54,3,8,3,5,10,2,1,0,0,7,1,0,0
GINF,EST,Fès,15.23,1,8,4,9,3,0,1,0,0,4,1,0,0
Réseaux & Télécoms,FST,Agadir,10.64,3,4,10,5,8,1,0,0,0,7,0,0,0
GI,Faculté (FS),Casablanca,11.94,4,7,10,9,4,1,1,1,1,8,1,1,11900
Cybersécurité,Privée (EMSI/IGA),Agadir,16.19,3,5,10,3,10,5,3,1,0,7,0,1,13200
Réseaux & Télécoms,OFPPT,Agadir,14.23,1,4,7,6,3,6,1,1,0,5,1,0,0
Développement Web,Faculté (FS),Agadir,17.42,3,6,4,10,6,0,3,0,0,9,0,0,0
Cybersécurité,Faculté (FS),Fès,13.43,3,9,3,9,6,7,2,0,1,5,1,1,9400
Cybersécurité,Privée (EMSI/IGA),Casablanca,16.96,1,8,10,6,9,7,0,1,0,9,1,1,12000
Data Science,EST,Casablanca,13.59,3,9,5,7,7,3,2,0,0,7,1,1,9800
GI,ENSA,Kenitra,17.83,2,8,5,5,6,7,1,0,0,7,1,1,10400
GI,EST,Agadir,17.68,3,10,5,4,4,7,2,0,0,4,1,0,0
Développement Web,ENSA,Kenitra,12.63,0,5,6,7,9,3,1,0,0,9,1,0,0
Développement Web,Faculté (FS),Kenitra,17.09,0,4,4,9,6,3,3,0,0,5,1,0,0
Cybersécurité,Faculté (FS),Tanger,16.78,2,4,10,6,6,4,1,0,0,7,0,0,0
GINF,Faculté (FS),Fès,11.69,3,6,3,3,10,4,0,1,0,6,1,0,0
Data Science,ENSA,Fès,14.99,4,10,4,9,3,6,2,0,0,4,0,0,0
Data Science,OFPPT,Marrakech,10.58,3,4,5,6,10,5,1,0,0,4,1,0,0
Cybersécurité,EST,Kenitra,16.69,0,4,8,6,4,0,3,0,0,10,0,0,0
Réseaux & Télécoms,Faculté (FS),Fès,11.4,1,7,8,9,5,5,2,0,0,4,1,1,8900
GINF,Faculté (FS),Agadir,10.57,2,5,10,3,7,2,0,1,1,4,1,0,0
Cybersécurité,EST,Rabat,13.2,1,9,4,5,5,0,1,1,0,9,1,0,0
GINF,ENSA,Agadir,14.62,4,4,10,5,8,2,0,0,0,9,0,1,12000
GINF,ENSA,Casablanca,16.84,3,6,7,9,10,0,3,0,0,7,1,1,13100
GINF,OFPPT,Fès,17.79,4,9,8,9,3,4,2,1,0,8,0,1,9400
Cybersécurité,Privée (EMSI/IGA),Fès,13.52,1,8,8,9,6,3,2,0,0,10,1,1,11400
Data Science,Faculté (FS),Marrakech,10.48,3,10,4,6,7,1,2,0,0,6,1,0,0
Data Science,ENSA,Kenitra,15.99,4,10,9,9,10,6,3,0,0,8,0,1,13000
GINF,FST,Rabat,14.52,0,4,6,7,8,7,1,1,0,8,1,0,0
Réseaux & Télécoms,OFPPT,Fès,13.58,0,4,6,4,8,0,1,1,0,7,0,0,0
GI,OFPPT,Marrakech,12.47,2,9,5,9,10,0,1,0,0,4,1,0,0
Cybersécurité,ENSA,Marrakech,14.02,0,8,10,7,4,6,0,0,0,4,1,0,0
GI,ENSA,Rabat,12.71,0,7,3,8,10,1,3,0,0,7,1,0,0
Réseaux & Télécoms,OFPPT,Agadir,16.06,1,5,9,7,7,6,2,0,0,7,0,1,8100
Cybersécurité,EST,Agadir,14.35,0,7,10,6,8,0,3,0,0,9,1,1,8700
GINF,EST,Agadir,17.01,0,6,7,6,3,7,3,0,0,5,1,0,0
Data Science,ENSA,Tanger,14.35,1,9,10,4,6,6,3,1,0,4,1,1,11700
GI,FST,Kenitra,11.91,0,4,9,4,3,3,2,0,0,6,1,0,0
Développement Web,OFPPT,Kenitra,16.81,0,7,10,4,9,5,2,1,0,5,0,0,0
Développement Web,Privée (EMSI/IGA),Agadir,14.46,2,5,3,6,10,1,0,0,0,8,1,0,0
Réseaux & Télécoms,Faculté (FS),Rabat,11.65,0,6,3,6,8,7,3,0,0,10,1,0,0
GINF,FST,Tanger,14.99,0,10,7,7,4,1,1,1,0,9,0,0,0
GI,ENSA,Kenitra,12.86,2,7,6,6,5,3,0,0,0,9,1,1,10200
GINF,FST,Agadir,16.76,1,4,9,8,6,7,2,0,0,4,1,1,10100
GI,EST,Tanger,13.63,0,5,10,5,6,3,2,0,0,7,0,0,0
Réseaux & Télécoms,Faculté (FS),Rabat,15.81,4,4,8,5,10,1,0,1,0,7,1,0,0
Réseaux & Télécoms,EST,Agadir,10.76,1,4,5,4,10,3,1,0,1,10,1,0,0
Développement Web,ENSA,Casablanca,13.17,1,6,4,6,3,5,3,0,0,7,1,0,0
GINF,ENSA,Fès,17.87,0,5,6,8,10,3,3,1,1,4,1,1,10900
Cybersécurité,EST,Rabat,16.47,2,8,5,10,3,7,1,0,0,9,0,1,8900
Développement Web,ENSA,Marrakech,11.28,1,10,8,5,3,5,3,0,1,6,1,0,0
GINF,ENSA,Marrakech,12.22,2,4,6,7,8,7,2,0,1,7,1,0,0
Développement Web,Privée (EMSI/IGA),Rabat,12.64,4,5,9,10,6,3,0,0,0,9,1,1,13300
Cybersécurité,FST,Marrakech,15.2,2,4,7,3,3,1,1,0,0,4,1,0,0
Data Science,FST,Kenitra,16.06,3,7,3,9,10,0,0,0,0,8,1,1,9100
Data Science,OFPPT,Rabat,16.0,2,7,7,7,9,2,3,0,0,5,0,0,0
Data Science,Privée (EMSI/IGA),Casablanca,14.08,1,5,8,3,7,1,3,0,0,4,1,0,0
Data Science,Faculté (FS),Rabat,16.49,2,10,4,8,8,7,2,0,0,4,1,1,9600
GI,OFPPT,Agadir,13.5,2,6,10,7,10,6,2,0,0,9,1,1,8800
Data Science,EST,Agadir,10.99,3,8,7,5,8,2,3,1,0,7,1,1,9600
Cybersécurité,EST,Tanger,14.52,3,7,8,6,7,3,3,0,0,10,0,1,9800
Réseaux & Télécoms,FST,Marrakech,17.62,0,6,3,3,7,3,2,0,0,5,1,0,0
Réseaux & Télécoms,Faculté (FS),Fès,16.34,1,8,6,6,8,0,2,1,0,5,1,0,0
GI,Faculté (FS),Marrakech,14.63,0,7,5,8,6,3,1,1,0,7,0,0,0
Data Science,EST,Kenitra,15.17,3,8,8,9,3,6,2,0,1,6,1,1,9900
Data Science,ENSA,Rabat,17.44,2,9,8,9,9,7,1,1,0,4,1,1,12000
Data Science,Faculté (FS),Fès,13.43,3,4,9,6,4,2,1,0,0,7,1,0,0
Développement Web,ENSA,Fès,12.65,4,5,4,5,3,1,0,1,0,10,1,0,0
GINF,Faculté (FS),Marrakech,17.82,2,7,6,8,6,1,2,1,0,9,1,1,9000
Développement Web,Faculté (FS),Fès,16.91,0,7,8,10,7,6,1,0,0,6,1,1,8000
GINF,OFPPT,Fès,12.58,2,4,8,9,6,5,0,1,0,7,1,0,0
Data Science,OFPPT,Agadir,13.71,4,7,5,4,10,0,0,1,0,8,1,1,8000
Data Science,OFPPT,Casablanca,13.32,3,7,10,4,3,6,2,0,0,6,1,0,0
Développement Web,FST,Rabat,11.19,1,9,3,3,9,2,2,1,0,10,1,0,0
Développement Web,OFPPT,Marrakech,17.66,1,7,7,5,6,3,0,0,0,9,0,0,0
GINF,Faculté (FS),Agadir,13.23,1,7,9,6,4,4,1,1,0,6,1,1,8700
Réseaux & Télécoms,ENSA,Kenitra,17.0,3,7,6,7,6,7,2,1,0,5,0,1,11500
GINF,ENSA,Kenitra,11.51,1,6,5,10,10,0,0,0,1,4,0,0,0
Développement Web,EST,Tanger,14.38,4,7,5,7,5,0,0,0,0,7,1,1,8500
Cybersécurité,FST,Fès,10.19,3,4,7,8,6,4,1,1,0,10,1,1,10300
Développement Web,Faculté (FS),Fès,16.11,1,9,6,3,3,6,3,0,1,10,0,0,0
Cybersécurité,OFPPT,Marrakech,14.65,0,7,6,3,5,1,1,0,1,9,1,0,0
GI,ENSA,Casablanca,15.0,3,8,9,3,10,5,0,0,0,9,1,1,12300
Développement Web,ENSA,Casablanca,10.41,3,9,3,5,7,7,1,0,1,7,1,0,0
GI,Privée (EMSI/IGA),Marrakech,11.69,2,9,6,7,3,7,2,1,1,4,1,0,0
Réseaux & Télécoms,ENSA,Marrakech,10.59,1,8,9,8,10,1,0,0,0,9,1,1,10300
GINF,FST,Agadir,12.31,0,4,8,10,8,1,1,1,0,9,1,0,0
Cybersécurité,Faculté (FS),Kenitra,15.02,4,6,7,5,4,4,1,1,0,4,0,0,0
GINF,FST,Marrakech,14.53,3,10,6,8,6,7,1,0,1,9,1,1,10600
GI,ENSA,Kenitra,14.9,4,10,10,5,6,3,1,0,0,9,0,1,12400
Cybersécurité,ENSA,Tanger,14.39,4,4,10,10,3,7,0,0,0,9,0,1,12000
GINF,ENSA,Kenitra,12.18,4,6,3,10,6,3,1,0,1,5,1,1,11500
Développement Web,Faculté (FS),Agadir,11.96,2,5,5,6,6,5,2,0,1,4,1,0,0
Data Science,FST,Fès,11.1,4,8,8,5,7,5,3,1,0,8,1,1,11800
GI,ENSA,Fès,16.79,1,9,6,5,10,2,3,0,0,5,1,1,10900
GINF,Faculté (FS),Kenitra,14.93,1,9,7,10,6,2,3,1,0,6,1,1,9100
GI,OFPPT,Fès,11.49,0,9,6,6,6,1,2,0,1,4,1,0,0
GI,ENSA,Fès,11.42,0,8,9,4,7,4,3,0,1,6,0,0,0
Cybersécurité,FST,Rabat,16.98,4,8,4,6,10,5,0,0,0,5,0,1,10800
Cybersécurité,Faculté (FS),Tanger,15.94,4,10,10,3,8,0,0,0,1,9,0,1,10500
Data Science,EST,Agadir,15.28,2,10,3,9,6,3,2,1,0,8,1,1,7900
Développement Web,EST,Agadir,13.25,4,10,5,4,8,6,2,1,0,10,1,1,9300
GI,Faculté (FS),Fès,12.1,4,6,4,9,10,4,0,1,0,8,1,1,8800
GINF,OFPPT,Casablanca,17.84,4,9,7,10,7,7,2,1,0,4,1,1,10200
Réseaux & Télécoms,OFPPT,Agadir,16.38,3,4,6,7,4,5,2,0,0,8,0,1,8500
GI,Faculté (FS),Tanger,12.41,3,6,3,10,10,2,0,0,0,9,1,1,8100
GI,OFPPT,Marrakech,16.78,2,9,8,9,10,5,0,0,1,10,1,1,8100
Data Science,EST,Tanger,16.07,2,8,9,8,6,7,1,0,0,7,1,1,8700
Développement Web,Faculté (FS),Fès,12.38,1,8,9,5,10,3,1,0,1,9,0,0,0
Réseaux & Télécoms,FST,Fès,13.41,2,8,6,4,3,5,3,0,0,5,1,0,0
Cybersécurité,ENSA,Rabat,11.49,1,9,10,7,5,3,2,1,0,9,0,1,12300
Cybersécurité,OFPPT,Kenitra,10.89,4,10,6,6,4,7,0,0,0,8,1,0,0
GINF,Faculté (FS),Agadir,15.78,2,8,6,6,6,4,3,0,1,5,1,0,0
Réseaux & Télécoms,EST,Kenitra,12.14,2,5,8,3,3,5,1,0,0,5,1,0,0
Cybersécurité,Privée (EMSI/IGA),Kenitra,16.56,2,8,6,9,5,5,2,0,1,9,1,1,12000
GINF,ENSA,Agadir,17.96,1,9,3,3,7,2,3,0,0,9,1,0,0
Développement Web,EST,Agadir,10.61,1,10,8,10,6,4,2,0,0,7,1,1,8400
GINF,ENSA,Fès,13.78,0,6,8,4,9,0,3,1,1,9,0,1,11300
Cybersécurité,OFPPT,Agadir,16.42,1,8,10,10,8,3,2,0,0,9,1,1,8300
Data Science,OFPPT,Casablanca,16.31,1,10,4,9,8,6,2,1,0,10,1,1,8100
Data Science,EST,Casablanca,16.08,3,10,7,8,7,6,0,0,0,4,0,1,9400
Data Science,Faculté (FS),Marrakech,12.79,2,7,8,5,4,4,2,0,0,5,0,0,0
Cybersécurité,EST,Agadir,13.63,1,5,4,6,8,6,1,1,0,7,0,0,0
Data Science,OFPPT,Rabat,14.76,2,9,3,10,5,4,0,0,0,8,0,1,7600
Réseaux & Télécoms,FST,Marrakech,17.79,2,8,7,4,8,6,2,0,1,10,1,1,10700
Développement Web,FST,Fès,12.62,3,7,8,9,9,0,1,0,0,6,1,1,10500
GINF,Privée (EMSI/IGA),Agadir,17.39,2,9,5,4,9,4,1,1,0,4,1,0,0
GINF,EST,Casablanca,12.15,1,6,4,8,5,3,3,0,0,10,0,0,0
Cybersécurité,ENSA,Rabat,17.91,2,5,3,9,8,7,0,0,0,9,1,0,0
Data Science,Faculté (FS),Marrakech,15.36,0,10,3,4,7,6,0,0,0,6,1,0,0
Data Science,Privée (EMSI/IGA),Rabat,13.71,0,8,3,3,7,7,3,1,0,7,1,0,0
GI,EST,Agadir,14.91,3,6,9,8,8,1,3,0,0,5,0,1,10000
Développement Web,ENSA,Tanger,12.18,1,9,7,6,9,1,3,0,0,7,1,0,0
Réseaux & Télécoms,EST,Rabat,12.19,3,7,10,9,4,2,0,0,0,4,0,0,0
GINF,FST,Rabat,10.91,0,9,6,10,10,0,1,0,1,4,0,0,0
GI,ENSA,Fès,10.91,1,9,5,3,3,7,1,1,0,8,1,0,0
GI,Faculté (FS),Casablanca,12.78,2,5,7,3,9,2,2,0,0,7,1,0,0
Cybersécurité,Privée (EMSI/IGA),Agadir,16.1,1,8,7,8,8,1,0,1,0,4,0,0,0
GINF,FST,Rabat,14.86,4,6,10,10,9,0,0,0,0,7,0,1,12000
Cybersécurité,EST,Agadir,10.82,1,5,10,8,10,7,3,0,0,8,1,1,9200
Réseaux & Télécoms,FST,Casablanca,16.82,2,7,8,4,9,4,0,0,0,8,1,0,0
GI,ENSA,Fès,14.81,4,10,9,10,6,4,0,1,0,7,0,1,11800
GI,OFPPT,Agadir,17.69,3,8,4,7,3,3,1,0,0,9,1,0,0
Développement Web,FST,Kenitra,15.36,1,10,5,7,9,7,0,0,1,4,1,1,9000
Réseaux & Télécoms,EST,Casablanca,11.4,3,5,3,7,8,5,1,0,0,10,1,1,9000
GI,Faculté (FS),Casablanca,13.79,1,7,7,9,9,1,1,0,0,5,1,0,0
Réseaux & Télécoms,FST,Marrakech,15.19,0,7,5,9,5,4,0,1,0,9,0,0,0
GINF,Faculté (FS),Fès,10.23,0,6,4,4,6,0,1,0,0,5,0,0,0
Data Science,ENSA,Fès,10.12,2,9,6,5,10,5,3,0,0,9,1,0,0
GI,OFPPT,Kenitra,11.04,0,7,5,9,4,5,1,0,0,8,0,0,0
Développement Web,Privée (EMSI/IGA),Agadir,12.01,4,7,9,6,3,4,0,1,0,4,1,1,12300
GINF,Faculté (FS),Tanger,13.44,4,9,9,4,3,2,3,0,0,8,0,0,0
Réseaux & Télécoms,Privée (EMSI/IGA),Kenitra,13.9,1,4,3,4,6,2,3,0,0,10,0,0,0
Cybersécurité,ENSA,Marrakech,11.1,3,7,9,10,4,2,0,1,1,8,0,1,11800
GINF,FST,Fès,15.39,4,8,7,3,9,7,2,0,1,8,1,1,11700
GI,Faculté (FS),Casablanca,14.77,1,10,6,10,8,5,1,1,0,10,1,1,9100
Réseaux & Télécoms,Faculté (FS),Fès,12.36,3,10,10,7,4,2,1,0,0,8,1,1,9900
Data Science,FST,Kenitra,10.11,0,5,4,8,8,2,2,0,0,7,1,0,0
GINF,EST,Tanger,10.62,1,9,3,4,3,5,3,0,1,7,1,0,0
GI,ENSA,Rabat,13.13,3,9,10,5,9,3,2,1,1,4,1,1,13800
Développement Web,EST,Rabat,11.23,2,9,6,9,8,2,0,1,0,9,1,1,8700
Cybersécurité,ENSA,Fès,13.01,2,8,8,6,3,3,2,0,0,4,1,0,0
Réseaux & Télécoms,OFPPT,Fès,15.03,4,9,8,5,7,3,3,0,1,6,1,1,10300
GINF,ENSA,Marrakech,14.38,3,8,4,4,6,4,0,0,0,5,1,0,0
GINF,ENSA,Fès,11.85,2,10,3,4,9,5,0,0,0,10,0,0,0
Data Science,Faculté (FS),Tanger,12.75,4,6,9,3,4,0,0,0,0,7,1,0,0
Data Science,Faculté (FS),Fès,14.91,1,4,7,5,5,2,1,1,1,10,0,0,0
Développement Web,OFPPT,Agadir,16.89,1,9,4,3,6,0,1,1,0,4,0,0,0
Cybersécurité,Faculté (FS),Kenitra,16.03,3,10,9,8,10,1,0,1,1,9,0,1,9800
Développement Web,EST,Tanger,14.43,3,4,6,5,8,7,2,0,0,8,1,1,9000
GI,OFPPT,Marrakech,12.9,3,10,3,7,7,3,1,1,0,7,1,0,0
GI,FST,Agadir,12.92,3,9,8,8,6,6,3,1,0,5,0,1,11300
Développement Web,ENSA,Agadir,17.04,2,8,8,7,3,1,1,0,0,7,1,0,0
Cybersécurité,Faculté (FS),Kenitra,10.31,2,10,5,5,6,3,2,1,0,9,1,1,8800
Développement Web,Privée (EMSI/IGA),Rabat,17.9,4,5,3,3,9,2,1,0,0,5,1,0,0
Cybersécurité,EST,Tanger,15.32,2,4,6,7,8,1,2,0,1,6,1,0,0
Cybersécurité,EST,Kenitra,15.45,1,4,6,4,6,5,2,0,1,4,1,0,0
Réseaux & Télécoms,ENSA,Agadir,10.3,4,8,5,9,9,4,1,0,0,9,1,1,11400
Cybersécurité,ENSA,Marrakech,14.84,2,4,9,6,6,7,2,0,0,5,1,0,0
Data Science,FST,Kenitra,13.88,3,6,6,10,8,1,2,1,1,6,1,1,11000
Cybersécurité,Faculté (FS),Rabat,10.85,2,8,9,3,5,7,3,0,1,9,1,1,11500
Cybersécurité,ENSA,Agadir,12.22,0,4,9,8,7,3,0,0,1,9,1,0,0
Cybersécurité,Privée (EMSI/IGA),Kenitra,17.12,4,4,3,9,6,5,0,0,0,7,1,0,0
GI,OFPPT,Tanger,14.4,2,4,9,8,6,3,1,0,0,4,0,0,0
Data Science,Faculté (FS),Rabat,13.31,2,8,8,5,5,0,2,0,1,10,0,0,0
Data Science,OFPPT,Tanger,10.58,1,5,4,8,4,6,1,0,0,10,1,0,0
Développement Web,ENSA,Tanger,15.71,3,7,8,10,6,6,1,1,0,5,1,1,11500
Réseaux & Télécoms,FST,Tanger,15.62,3,10,9,6,9,1,0,0,1,9,1,1,10800
Cybersécurité,Faculté (FS),Kenitra,14.91,1,9,10,6,8,4,2,0,0,10,0,1,9300
GINF,OFPPT,Rabat,14.08,1,10,8,4,10,2,1,1,0,9,0,1,8500
Réseaux & Télécoms,OFPPT,Kenitra,13.47,0,4,3,8,9,0,1,0,0,5,1,0,0
Réseaux & Télécoms,EST,Kenitra,14.75,4,10,9,3,8,1,0,0,0,10,0,1,9300
Data Science,Privée (EMSI/IGA),Kenitra,11.87,3,7,10,6,10,0,0,1,0,9,0,1,12000
Réseaux & Télécoms,ENSA,Agadir,17.53,1,7,6,3,6,1,0,1,0,4,1,0,0
Cybersécurité,OFPPT,Fès,14.71,1,4,5,4,4,6,1,0,0,9,0,0,0
Cybersécurité,Privée (EMSI/IGA),Casablanca,12.49,4,4,5,5,8,2,2,0,1,10,1,1,13800
GI,ENSA,Agadir,13.6,1,9,7,6,9,2,0,0,0,7,1,0,0
Cybersécurité,OFPPT,Rabat,16.45,0,7,5,10,10,6,0,0,0,7,1,1,7000
Cybersécurité,ENSA,Casablanca,11.29,4,5,5,10,10,7,2,0,0,8,1,1,12800
Data Science,FST,Casablanca,12.34,0,7,6,6,9,4,1,0,0,9,0,0,0
Cybersécurité,FST,Casablanca,15.44,2,5,4,6,6,0,1,1,0,7,0,0,0
GI,Faculté (FS),Fès,12.52,3,10,4,8,6,4,2,0,0,4,1,0,0
GINF,Privée (EMSI/IGA),Kenitra,16.34,1,6,6,10,6,1,0,1,0,6,0,1,10200
Data Science,Faculté (FS),Marrakech,11.04,4,5,5,10,7,2,3,0,1,4,1,1,10700
GINF,FST,Rabat,16.1,0,9,3,3,8,2,2,0,0,5,1,0,0
Data Science,OFPPT,Fès,10.55,3,8,8,9,3,3,3,0,0,9,1,1,9300
Développement Web,Privée (EMSI/IGA),Fès,10.1,3,10,9,6,7,3,1,1,1,10,1,1,12700
Réseaux & Télécoms,ENSA,Marrakech,17.19,1,4,8,3,4,6,1,1,0,8,0,0,0
Développement Web,Privée (EMSI/IGA),Casablanca,14.65,3,6,10,8,7,4,3,0,0,8,1,1,14200
Cybersécurité,ENSA,Kenitra,12.81,1,7,4,7,9,0,0,0,0,10,0,0,0
GINF,OFPPT,Marrakech,11.86,2,5,10,10,7,6,3,0,0,10,1,1,9200
Cybersécurité,EST,Marrakech,14.94,1,6,6,7,5,1,0,0,0,6,1,0,0
Réseaux & Télécoms,ENSA,Fès,14.07,0,10,10,3,4,4,2,0,0,10,1,0,0
Data Science,FST,Rabat,17.93,3,8,3,8,10,2,1,0,0,9,1,1,10500
Réseaux & Télécoms,Faculté (FS),Tanger,17.87,3,5,5,7,4,2,1,0,0,5,1,0,0
GI,EST,Kenitra,15.08,3,9,6,4,4,7,3,0,0,10,1,1,9400
Réseaux & Télécoms,ENSA,Marrakech,13.54,1,7,10,4,7,7,2,0,0,7,1,1,11300
GI,Faculté (FS),Kenitra,13.93,4,7,4,7,4,2,3,0,1,10,1,1,10500
Réseaux & Télécoms,Privée (EMSI/IGA),Marrakech,15.46,1,5,9,10,8,1,3,0,0,7,1,1,12000
GI,EST,Casablanca,10.81,0,8,3,5,5,6,3,1,0,7,1,0,0
GINF,ENSA,Kenitra,12.63,1,4,3,3,6,4,0,0,0,4,0,0,0
Cybersécurité,FST,Casablanca,10.6,3,4,4,7,7,1,1,1,0,7,1,0,0
Cybersécurité,ENSA,Fès,10.59,2,7,3,3,6,5,1,0,0,5,1,0,0
Développement Web,OFPPT,Casablanca,11.57,0,10,8,9,6,7,3,0,0,8,0,1,8800
Cybersécurité,OFPPT,Kenitra,13.88,2,10,9,9,10,2,0,1,0,4,1,1,7800
Data Science,Faculté (FS),Agadir,16.28,0,8,4,8,7,3,1,0,0,7,1,0,0
Réseaux & Télécoms,EST,Kenitra,13.88,0,7,8,9,8,4,0,0,0,5,1,1,7100
Développement Web,OFPPT,Marrakech,12.68,3,4,6,9,10,3,2,0,0,6,1,1,8500
Data Science,Faculté (FS),Casablanca,10.66,1,7,7,7,7,4,0,1,0,5,1,0,0
Data Science,OFPPT,Rabat,14.4,3,5,9,4,4,6,0,1,0,8,1,0,0
GI,Faculté (FS),Agadir,12.17,3,10,5,10,10,2,2,1,0,5,0,1,9300
Cybersécurité,OFPPT,Fès,14.92,3,10,6,8,5,3,1,1,0,10,0,1,8100
GINF,Faculté (FS),Tanger,17.82,2,9,8,9,7,7,1,0,0,5,1,1,9000
GINF,FST,Marrakech,10.89,0,5,5,5,6,3,0,0,0,10,1,0,0
Développement Web,Privée (EMSI/IGA),Marrakech,11.7,4,9,5,3,7,4,0,1,0,10,1,0,0
GINF,FST,Rabat,13.78,1,8,8,10,5,5,2,1,0,4,1,1,10900
Réseaux & Télécoms,Faculté (FS),Tanger,17.75,3,4,8,10,3,5,2,0,0,8,1,1,9900
GINF,ENSA,Tanger,16.17,0,8,9,10,8,3,1,1,0,7,0,1,10200
Développement Web,Faculté (FS),Fès,17.19,1,8,4,5,6,3,1,0,0,10,0,0,0
GINF,Faculté (FS),Fès,12.67,4,4,7,9,3,6,2,0,0,10,1,1,10200
Réseaux & Télécoms,ENSA,Agadir,17.94,4,6,9,4,3,7,0,0,0,8,1,1,11800
GI,ENSA,Marrakech,10.82,3,6,8,9,10,2,2,0,0,6,1,1,11900
Développement Web,Faculté (FS),Casablanca,10.42,4,7,5,10,9,4,1,1,0,9,1,1,10400
GI,OFPPT,Fès,16.84,4,6,5,6,5,4,0,1,1,10,1,1,8500
GI,FST,Rabat,17.42,1,5,6,6,10,0,3,0,0,10,0,0,0
GI,ENSA,Rabat,10.72,1,10,7,3,10,4,3,1,0,8,1,1,12100
Data Science,Faculté (FS),Rabat,10.91,3,9,7,8,8,7,2,0,0,4,1,1,10700
Cybersécurité,ENSA,Kenitra,10.27,0,10,10,4,7,7,1,0,0,7,1,1,10400
Data Science,FST,Fès,10.84,3,8,10,9,3,2,0,0,0,8,1,1,10500
Cybersécurité,ENSA,Fès,11.68,2,10,5,3,9,3,3,1,0,9,0,0,0
GI,ENSA,Rabat,17.76,4,7,7,8,4,6,0,0,0,10,1,1,12400
Développement Web,ENSA,Fès,15.34,0,8,6,3,7,0,0,0,0,7,0,0,0
Cybersécurité,EST,Kenitra,16.23,1,4,4,3,8,6,0,0,0,10,0,0,0
Réseaux & Télécoms,ENSA,Casablanca,16.21,2,10,5,5,6,6,0,0,1,4,1,0,0
Réseaux & Télécoms,EST,Casablanca,14.28,2,6,3,7,7,3,2,0,0,10,0,0,0
GINF,FST,Agadir,16.38,4,4,5,4,10,4,0,0,1,10,1,1,10500
Cybersécurité,FST,Marrakech,14.77,1,7,5,5,5,1,3,0,1,5,1,0,0
Développement Web,EST,Casablanca,12.52,0,9,4,8,9,7,3,0,0,10,1,1,8500
Data Science,OFPPT,Agadir,14.49,1,5,8,7,10,3,2,0,1,9,1,1,8400
GI,ENSA,Tanger,14.27,4,6,10,3,5,5,3,1,0,6,0,1,13200
GINF,FST,Marrakech,16.59,2,4,8,6,6,4,0,0,1,8,0,0,0
Réseaux & Télécoms,ENSA,Casablanca,17.85,4,9,3,9,6,5,3,0,1,7,1,1,13300
Data Science,ENSA,Kenitra,13.29,3,10,10,5,6,2,1,1,1,8,1,1,12400
Data Science,Faculté (FS),Tanger,16.11,2,6,3,10,9,5,0,0,0,10,1,1,7600
GI,Faculté (FS),Agadir,10.8,4,8,3,4,9,4,2,1,0,4,0,0,0
Cybersécurité,OFPPT,Casablanca,16.21,0,5,10,4,5,0,1,0,0,5,1,0,0
Réseaux & Télécoms,Faculté (FS),Casablanca,12.97,0,10,8,7,10,5,3,0,0,4,0,1,9800
Développement Web,Privée (EMSI/IGA),Fès,10.32,0,9,9,5,8,7,1,1,0,9,1,1,10700
Data Science,ENSA,Tanger,12.91,3,6,4,3,9,1,3,0,0,10,1,1,11500
GI,ENSA,Casablanca,14.89,1,10,7,10,8,6,3,0,0,10,0,1,12100
Développement Web,ENSA,Rabat,10.95,0,5,3,7,9,1,3,0,0,7,0,0,0
Cybersécurité,ENSA,Kenitra,17.39,3,9,10,8,7,1,2,0,1,8,1,1,12800
Réseaux & Télécoms,FST,Fès,10.62,0,8,7,4,3,5,1,1,0,10,1,0,0
Cybersécurité,Faculté (FS),Fès,17.44,3,8,6,10,3,2,2,0,0,7,0,0,0
Data Science,ENSA,Casablanca,15.66,0,4,10,8,4,1,3,1,0,10,0,0,0
Développement Web,Privée (EMSI/IGA),Kenitra,12.64,1,7,4,10,5,3,0,0,0,9,1,0,0
Développement Web,OFPPT,Fès,13.13,4,4,7,5,6,6,0,0,0,9,1,1,8400
Développement Web,EST,Marrakech,15.93,0,5,8,6,8,7,2,0,0,10,0,0,0
Data Science,ENSA,Tanger,14.81,4,4,9,10,9,2,0,1,1,4,1,1,12300
Data Science,ENSA,Marrakech,15.37,0,9,8,10,7,4,1,0,1,8,1,1,10500
Cybersécurité,ENSA,Agadir,13.11,1,6,3,8,8,0,0,1,0,7,1,0,0
GINF,ENSA,Marrakech,13.9,4,9,9,9,5,2,0,0,0,8,0,1,11800
Cybersécurité,FST,Kenitra,17.92,3,4,3,3,10,6,3,1,0,6,1,0,0
Réseaux & Télécoms,ENSA,Rabat,11.71,0,7,9,9,4,6,1,0,1,4,0,1,11700
GI,EST,Fès,13.34,0,9,7,4,10,0,1,0,0,4,1,0,0
Développement Web,Privée (EMSI/IGA),Kenitra,12.33,3,9,8,9,8,2,0,0,0,6,1,1,11600
GINF,Faculté (FS),Fès,16.12,1,9,7,5,3,4,3,1,0,5,1,0,0
GI,Privée (EMSI/IGA),Rabat,16.11,2,7,6,10,7,0,0,0,1,9,1,1,12200
GINF,ENSA,Fès,12.34,0,9,10,6,3,6,0,0,0,7,1,1,10000
Cybersécurité,EST,Marrakech,10.65,3,5,4,4,10,2,2,1,0,10,1,0,0
Data Science,Faculté (FS),Agadir,10.09,2,8,8,6,7,6,3,0,0,5,1,1,9800
Développement Web,ENSA,Casablanca,13.42,0,7,5,4,10,0,2,0,0,8,1,0,0
Cybersécurité,ENSA,Rabat,13.28,4,5,8,7,6,1,0,0,1,7,0,1,13100
GI,Faculté (FS),Marrakech,17.91,3,7,6,9,10,6,0,0,0,10,0,1,8700
GI,Faculté (FS),Kenitra,13.76,4,7,8,7,7,1,3,0,1,10,0,1,11300
GI,FST,Marrakech,12.05,1,8,6,7,9,5,1,0,0,7,1,0,0
GI,FST,Marrakech,17.13,2,6,8,5,6,1,0,0,0,9,0,0,0
GI,FST,Casablanca,13.93,3,5,6,10,5,3,0,0,1,7,1,0,0
GINF,ENSA,Tanger,14.79,0,7,9,7,10,1,2,0,0,6,1,1,10600
Cybersécurité,EST,Fès,10.77,0,10,3,5,3,1,2,0,0,10,1,0,0
Développement Web,ENSA,Fès,13.06,2,7,7,3,7,4,3,0,0,4,1,0,0
Data Science,ENSA,Kenitra,17.55,4,4,10,7,7,7,2,0,0,6,0,1,12800
Data Science,Privée (EMSI/IGA),Agadir,14.72,4,9,8,5,4,0,1,0,0,6,0,0,0
Cybersécurité,Faculté (FS),Kenitra,12.76,3,6,4,10,3,0,0,1,0,10,0,0,0
Cybersécurité,OFPPT,Tanger,15.01,3,8,3,4,5,1,2,1,0,6,1,0,0
Data Science,EST,Fès,17.28,4,10,6,5,6,0,1,1,0,5,1,0,0
Data Science,EST,Agadir,12.19,3,5,4,8,5,2,0,0,0,6,0,0,0
GINF,ENSA,Kenitra,14.04,4,7,3,5,4,5,0,0,0,4,1,0,0
Réseaux & Télécoms,ENSA,Agadir,17.67,2,9,10,9,5,6,1,0,0,7,1,0,0
Développement Web,ENSA,Marrakech,11.38,3,5,5,8,10,1,0,1,0,5,1,0,0
GI,OFPPT,Rabat,15.76,4,8,8,4,6,5,1,1,0,10,0,0,0
Réseaux & Télécoms,Faculté (FS),Marrakech,14.92,3,6,8,10,3,1,1,0,0,9,1,1,9500
Cybersécurité,FST,Casablanca,15.44,0,4,6,9,8,3,2,0,0,6,1,0,0
Data Science,FST,Fès,12.81,0,6,3,5,4,5,3,1,0,6,1,0,0
Réseaux & Télécoms,Privée (EMSI/IGA),Agadir,12.51,1,4,10,9,9,2,1,0,0,7,1,1,11400
Développement Web,ENSA,Kenitra,15.47,4,5,3,10,7,1,2,1,1,7,1,1,11900
Cybersécurité,EST,Rabat,11.72,1,6,6,4,7,1,0,0,0,9,0,0,0
GI,EST,Kenitra,13.36,4,6,5,9,3,0,2,0,0,5,0,0,0
GI,OFPPT,Fès,11.51,3,6,8,8,10,1,1,0,1,9,1,1,9000
Développement Web,Privée (EMSI/IGA),Agadir,10.07,4,8,7,6,8,5,2,0,0,9,1,1,12700
Développement Web,ENSA,Agadir,17.76,0,5,5,7,5,5,3,0,0,4,1,0,0
Data Science,OFPPT,Marrakech,13.45,3,10,6,8,9,1,0,0,1,5,1,1,8200
GI,OFPPT,Rabat,17.75,0,4,7,10,9,1,2,0,1,7,1,0,0
Cybersécurité,ENSA,Rabat,11.12,3,6,3,3,7,1,0,0,0,4,1,0,0
Réseaux & Télécoms,EST,Fès,14.7,4,5,9,5,4,3,1,1,0,10,1,1,9700
Cybersécurité,FST,Agadir,11.61,4,10,10,9,8,2,3,0,0,6,1,1,12200
GINF,Privée (EMSI/IGA),Rabat,16.32,0,9,9,4,10,7,3,0,1,9,1,1,13000
GINF,ENSA,Rabat,16.27,2,8,10,7,6,6,2,0,0,6,1,0,0
Développement Web,OFPPT,Kenitra,10.9,4,8,5,10,10,7,0,0,0,8,1,1,8000
Data Science,EST,Fès,17.3,2,9,9,9,9,5,0,1,0,7,1,1,8300
GINF,OFPPT,Marrakech,11.56,3,5,5,5,5,3,2,0,0,8,0,0,0
GI,FST,Kenitra,14.9,2,4,9,7,8,6,2,0,0,5,1,1,10600
Cybersécurité,Faculté (FS),Kenitra,17.89,0,5,10,6,10,0,2,0,0,5,1,0,0
Cybersécurité,OFPPT,Tanger,17.06,1,5,8,5,9,4,2,0,0,9,1,1,7900
Développement Web,OFPPT,Casablanca,17.65,1,7,9,9,10,1,3,0,0,4,0,0,0
Réseaux & Télécoms,OFPPT,Tanger,12.74,0,10,10,4,6,5,2,0,0,9,1,0,0
Développement Web,ENSA,Rabat,10.84,1,8,8,6,8,6,0,0,1,7,0,1,11600
Réseaux & Télécoms,Faculté (FS),Agadir,11.51,0,4,7,5,8,0,1,1,0,4,1,0,0
Développement Web,ENSA,Casablanca,14.0,4,7,3,7,5,5,0,1,0,4,1,0,0
Développement Web,FST,Casablanca,16.35,2,9,5,9,4,7,2,0,0,10,1,1,10800
Développement Web,FST,Agadir,11.2,1,5,7,6,6,7,3,1,0,10,0,1,10100
Réseaux & Télécoms,FST,Casablanca,15.28,4,9,5,4,4,4,2,0,0,5,1,0,0
Réseaux & Télécoms,FST,Agadir,12.59,1,8,9,5,10,6,1,0,0,5,1,1,9700
Développement Web,Privée (EMSI/IGA),Casablanca,12.73,3,7,8,7,6,1,2,0,0,9,1,1,13400
GINF,ENSA,Kenitra,15.3,0,10,3,9,9,5,1,0,0,7,1,1,9000
Data Science,Faculté (FS),Fès,13.74,0,7,9,7,9,1,2,0,0,5,1,0,0
Data Science,EST,Fès,16.5,4,4,3,10,5,4,3,1,1,7,1,1,9800
Data Science,ENSA,Tanger,11.25,3,10,4,8,10,3,0,0,0,8,1,1,10300
Réseaux & Télécoms,ENSA,Kenitra,16.32,2,5,7,6,4,6,1,0,0,9,1,0,0
Réseaux & Télécoms,Privée (EMSI/IGA),Casablanca,10.51,3,4,8,9,9,4,0,1,0,6,0,1,12600
GINF,OFPPT,Marrakech,11.55,3,7,8,5,5,4,2,0,0,9,1,1,8900
Data Science,Privée (EMSI/IGA),Agadir,15.25,2,10,8,8,8,5,0,0,0,8,0,1,11100
Data Science,Privée (EMSI/IGA),Kenitra,16.84,2,7,9,7,8,7,3,0,0,10,0,1,12500
Développement Web,ENSA,Casablanca,12.02,3,4,6,6,5,6,3,0,0,10,1,0,0
Réseaux & Télécoms,EST,Fès,12.62,1,7,5,3,10,2,0,0,0,5,1,0,0
Data Science,Faculté (FS),Fès,14.3,1,10,3,9,6,1,0,0,0,6,1,1,7100
Cybersécurité,FST,Agadir,11.69,3,6,5,7,9,6,3,0,0,6,1,1,10700
GINF,FST,Marrakech,16.49,1,8,5,6,8,7,1,0,0,9,1,0,0
Cybersécurité,EST,Casablanca,16.19,2,5,6,3,6,5,1,0,0,9,1,0,0
Cybersécurité,Faculté (FS),Casablanca,11.16,2,8,3,9,4,1,3,1,0,4,1,0,0
GINF,Faculté (FS),Marrakech,13.71,1,5,4,6,7,3,3,0,0,6,1,0,0
Cybersécurité,ENSA,Marrakech,16.2,2,10,8,7,8,6,1,1,0,7,0,1,11000
Data Science,FST,Marrakech,12.7,0,7,7,3,8,3,0,1,0,5,1,0,0
Réseaux & Télécoms,Faculté (FS),Fès,15.06,2,10,5,10,3,2,0,0,0,10,1,0,0
GINF,Faculté (FS),Agadir,10.4,3,4,6,9,10,2,2,1,0,5,1,1,9500
Développement Web,ENSA,Kenitra,14.87,4,4,6,6,6,2,1,0,1,4,1,0,0
Cybersécurité,OFPPT,Marrakech,11.22,1,7,7,5,10,7,3,1,0,9,1,1,8100
GINF,ENSA,Agadir,16.64,1,5,7,3,5,3,2,0,1,9,0,0,0
GI,EST,Tanger,12.84,2,7,9,6,3,4,0,0,0,4,0,0,0
GI,OFPPT,Casablanca,12.25,2,5,10,5,4,7,1,0,0,5,1,0,0
Réseaux & Télécoms,Faculté (FS),Casablanca,16.73,4,7,3,10,3,5,2,0,0,4,0,0,0
Data Science,EST,Rabat,10.4,4,7,5,3,3,1,0,0,0,6,0,0,0
Réseaux & Télécoms,Faculté (FS),Tanger,13.17,3,7,5,6,7,1,3,0,0,10,1,1,9700
Réseaux & Télécoms,Faculté (FS),Kenitra,12.96,0,4,7,7,7,5,0,1,0,6,1,0,0
Réseaux & Télécoms,OFPPT,Marrakech,12.28,3,5,10,3,3,0,0,0,0,7,0,0,0
Réseaux & Télécoms,OFPPT,Marrakech,17.29,1,9,8,3,7,3,1,1,0,9,0,1,7500
Développement Web,Faculté (FS),Kenitra,16.01,2,7,9,9,9,3,3,0,0,4,1,1,10000
Développement Web,FST,Fès,10.51,3,8,4,5,7,2,1,0,1,5,1,0,0
GINF,ENSA,Tanger,15.72,2,8,5,8,3,7,3,1,0,9,1,1,11200
GI,EST,Marrakech,14.22,2,10,6,9,6,6,2,0,0,9,1,1,8500
Réseaux & Télécoms,FST,Rabat,17.21,3,10,8,8,7,6,0,0,0,8,0,1,11100
GINF,Faculté (FS),Agadir,12.5,3,4,7,6,3,5,1,1,0,5,1,0,0
GI,FST,Casablanca,14.59,4,6,5,7,10,0,3,0,0,9,1,1,12200
Cybersécurité,EST,Tanger,14.01,0,9,3,5,6,0,1,0,0,8,0,0,0
Data Science,ENSA,Casablanca,13.92,4,4,7,3,10,3,0,1,0,8,1,0,0
Développement Web,FST,Agadir,13.65,0,6,6,8,8,2,0,1,0,10,1,0,0
Cybersécurité,EST,Tanger,11.65,3,4,3,5,7,1,2,1,0,7,1,0,0
GI,OFPPT,Agadir,16.05,0,10,9,5,3,2,3,1,1,8,1,0,0
Cybersécurité,ENSA,Marrakech,13.61,1,8,7,9,7,1,3,0,0,6,1,0,0
Data Science,Faculté (FS),Kenitra,17.67,4,7,7,5,6,6,2,0,0,6,1,1,10200
GI,Privée (EMSI/IGA),Marrakech,12.09,4,5,5,3,9,3,2,1,0,9,0,1,12300
Cybersécurité,ENSA,Kenitra,15.46,4,10,3,9,3,7,3,0,0,7,1,1,11800
Développement Web,FST,Marrakech,17.53,2,7,10,4,6,2,3,0,1,5,1,1,11700
Développement Web,ENSA,Agadir,15.31,2,8,9,5,10,0,1,0,0,5,1,0,0
GINF,Faculté (FS),Agadir,16.97,3,5,10,4,10,5,3,1,0,9,1,1,10700
Cybersécurité,Faculté (FS),Agadir,16.62,3,6,7,8,8,4,1,0,0,9,1,1,9300
Réseaux & Télécoms,FST,Casablanca,12.88,2,6,8,7,10,0,1,0,0,5,0,0,0
Cybersécurité,FST,Agadir,14.8,4,8,10,9,5,6,1,0,1,5,1,1,11900
GI,OFPPT,Marrakech,11.25,2,5,6,8,4,5,1,1,0,6,1,0,0
GI,ENSA,Rabat,14.28,0,7,3,9,10,1,0,1,0,6,0,0,0
Cybersécurité,ENSA,Agadir,11.84,4,8,8,7,9,3,2,0,0,7,1,1,12400
Data Science,OFPPT,Rabat,15.95,2,6,5,7,5,2,2,0,0,7,1,0,0
Développement Web,Faculté (FS),Kenitra,14.22,3,8,4,9,7,6,3,1,0,7,0,1,9500
GI,OFPPT,Marrakech,13.29,2,7,9,8,6,6,2,1,1,5,1,1,9100
Développement Web,Faculté (FS),Agadir,12.15,1,4,7,6,10,3,2,0,0,5,0,1,8700
GI,OFPPT,Casablanca,17.99,2,9,4,10,3,3,0,1,0,6,1,0,0
GINF,FST,Casablanca,10.57,4,9,7,3,9,1,1,1,0,6,1,0,0
Réseaux & Télécoms,OFPPT,Kenitra,10.35,2,10,10,4,6,3,1,0,0,4,1,0,0
GI,Privée (EMSI/IGA),Rabat,11.74,3,9,8,6,7,2,1,0,0,4,0,1,13000
Développement Web,Faculté (FS),Fès,17.77,0,4,5,4,3,6,2,1,1,9,1,0,0
GINF,ENSA,Casablanca,17.83,1,7,10,9,9,0,2,0,0,5,0,0,0
GI,EST,Casablanca,15.24,4,10,5,3,5,3,3,0,0,9,1,1,10700
Data Science,ENSA,Casablanca,17.04,3,5,10,9,10,2,0,1,0,6,0,1,12500
Réseaux & Télécoms,ENSA,Marrakech,11.71,1,8,5,5,6,2,0,0,0,5,1,0,0
GI,EST,Casablanca,17.78,2,7,5,9,4,1,3,0,1,9,1,1,10200
GINF,Faculté (FS),Tanger,11.14,1,4,3,8,9,3,3,1,0,9,0,0,0
Data Science,Faculté (FS),Agadir,10.81,0,10,10,6,8,6,3,0,0,8,1,1,9200
Cybersécurité,FST,Kenitra,10.9,1,6,3,9,8,1,1,0,0,4,1,0,0
GINF,Faculté (FS),Casablanca,14.59,1,9,7,3,7,0,1,0,0,7,1,1,9300
GINF,ENSA,Fès,16.25,2,9,3,8,7,0,1,0,0,5,1,0,0
Data Science,ENSA,Fès,12.93,2,7,7,6,6,5,1,1,0,10,0,0,0
GINF,ENSA,Casablanca,17.82,4,9,9,9,5,7,3,1,1,8,0,1,14500
Data Science,FST,Casablanca,13.48,2,9,3,7,5,2,3,0,0,7,1,0,0
GI,ENSA,Tanger,11.2,1,7,3,9,4,3,3,0,0,9,1,0,0
Data Science,EST,Casablanca,13.73,0,7,3,10,4,5,1,1,0,8,1,0,0
Data Science,FST,Casablanca,15.43,2,10,9,6,6,6,1,0,0,10,1,1,11200
Réseaux & Télécoms,OFPPT,Agadir,16.66,4,4,6,5,3,2,2,0,0,6,1,0,0
Data Science,ENSA,Fès,13.67,4,4,9,5,5,6,3,1,0,6,1,1,13000
Data Science,Faculté (FS),Tanger,14.75,1,9,5,4,9,3,0,0,0,6,0,0,0
Cybersécurité,Faculté (FS),Fès,12.14,2,10,9,10,9,7,0,0,0,9,1,1,8800
GI,OFPPT,Tanger,15.17,2,7,6,6,9,1,2,1,1,7,0,0,0
Réseaux & Télécoms,Privée (EMSI/IGA),Fès,17.89,4,7,3,9,3,0,1,1,0,7,1,0,0
Cybersécurité,ENSA,Casablanca,10.39,2,9,3,7,10,5,3,0,1,6,1,1,12300
Développement Web,ENSA,Fès,17.09,1,5,6,9,10,6,1,1,0,9,1,1,10100
GI,OFPPT,Fès,14.5,0,6,10,5,3,5,1,0,0,7,0,0,0
GI,FST,Tanger,12.02,1,8,8,10,6,0,0,0,0,6,1,0,0
Développement Web,Faculté (FS),Kenitra,17.64,2,8,7,4,10,1,0,1,0,5,1,0,0
Data Science,Faculté (FS),Rabat,13.87,1,9,5,9,4,4,3,0,0,6,0,0,0
Cybersécurité,Faculté (FS),Tanger,12.65,3,10,9,7,3,4,3,0,0,9,1,1,10500
GINF,Privée (EMSI/IGA),Tanger,11.45,3,8,7,7,6,6,1,0,0,4,1,1,11800
Réseaux & Télécoms,Privée (EMSI/IGA),Tanger,11.96,2,4,10,9,4,4,1,0,0,5,1,0,0
GINF,OFPPT,Marrakech,16.66,2,10,8,7,3,3,2,0,0,9,1,1,8400
Développement Web,EST,Kenitra,14.92,0,10,5,3,3,5,1,1,1,10,1,0,0
GI,OFPPT,Marrakech,17.31,1,4,4,5,9,1,2,0,0,6,1,0,0
GI,ENSA,Marrakech,11.86,0,5,5,3,4,3,1,0,0,4,1,0,0
Réseaux & Télécoms,ENSA,Tanger,10.97,2,9,9,3,8,3,1,0,0,6,1,0,0
GI,OFPPT,Rabat,10.05,2,4,7,5,4,6,1,0,0,5,1,0,0
GI,EST,Tanger,14.06,4,9,5,6,7,1,3,0,1,6,0,0,0
Réseaux & Télécoms,ENSA,Casablanca,17.99,0,9,4,8,9,3,3,0,0,7,1,1,11000
Cybersécurité,ENSA,Rabat,15.56,2,10,4,4,7,6,3,0,0,6,1,0,0
Cybersécurité,OFPPT,Marrakech,12.47,3,7,3,10,6,5,2,0,0,5,1,1,7900
Réseaux & Télécoms,FST,Fès,17.01,4,6,9,9,6,1,2,1,0,8,1,1,11600
Développement Web,Faculté (FS),Fès,16.25,1,6,4,10,10,7,3,0,1,6,0,1,9000
GI,ENSA,Kenitra,10.12,4,9,6,8,5,4,2,0,1,7,1,1,12500
GI,OFPPT,Agadir,16.53,1,6,7,8,7,4,3,0,0,10,1,1,8100
Développement Web,OFPPT,Kenitra,12.4,3,6,6,8,4,3,0,0,0,5,1,0,0
Cybersécurité,EST,Rabat,11.2,1,8,8,8,10,0,3,0,1,4,1,1,10300
Data Science,FST,Marrakech,11.81,0,10,6,5,10,1,0,0,0,8,1,0,0
Data Science,ENSA,Rabat,13.75,1,8,7,8,7,2,1,0,0,10,1,0,0
Data Science,Privée (EMSI/IGA),Rabat,13.4,1,7,10,4,8,6,2,0,1,9,0,1,13300
Cybersécurité,Faculté (FS),Fès,12.31,4,5,8,9,9,7,2,0,0,6,0,1,10400
Cybersécurité,Privée (EMSI/IGA),Tanger,11.38,3,10,6,6,10,2,3,0,0,5,1,1,12400
Développement Web,EST,Casablanca,16.1,1,4,10,5,10,3,1,0,0,7,0,1,9400
GI,OFPPT,Agadir,17.92,0,4,6,8,6,0,1,1,0,7,1,0,0
Développement Web,OFPPT,Marrakech,16.22,4,8,9,7,8,1,1,1,0,5,1,1,9200
Développement Web,Faculté (FS),Rabat,12.37,3,9,8,9,6,4,1,1,0,10,0,1,10500
Cybersécurité,Privée (EMSI/IGA),Agadir,11.96,3,6,6,5,8,3,2,0,0,7,0,0,0
Data Science,EST,Rabat,11.74,2,7,4,6,10,1,3,0,0,9,1,0,0
GINF,ENSA,Fès,11.09,0,5,10,8,6,1,3,0,0,10,1,0,0
GI,Faculté (FS),Casablanca,14.41,4,8,7,3,4,1,0,0,0,8,1,0,0
Cybersécurité,OFPPT,Fès,14.84,4,9,7,5,8,0,2,0,0,4,1,1,9200
Data Science,Faculté (FS),Agadir,15.64,0,7,7,9,9,1,0,0,1,10,0,1,7900
GINF,ENSA,Marrakech,15.44,3,9,6,9,3,0,1,0,0,7,1,0,0
GINF,FST,Rabat,12.34,1,7,4,7,6,0,3,0,1,7,1,1,11000
Cybersécurité,EST,Casablanca,12.64,0,8,7,9,10,5,0,0,0,4,1,1,7900
Réseaux & Télécoms,FST,Fès,15.45,4,7,5,5,7,7,2,0,0,8,1,1,10800
GI,Faculté (FS),Agadir,12.8,0,10,7,3,3,1,3,0,0,8,1,0,0
GINF,OFPPT,Fès,11.7,3,6,3,5,7,5,2,0,0,8,1,0,0
Cybersécurité,ENSA,Rabat,12.99,2,7,5,7,10,4,3,0,1,9,1,1,12700
Cybersécurité,FST,Rabat,12.18,2,5,7,6,6,5,2,0,1,10,1,1,11700
Data Science,EST,Marrakech,10.71,1,7,6,7,10,7,2,0,0,7,1,1,8000
Réseaux & Télécoms,ENSA,Casablanca,16.64,1,10,10,6,4,5,3,0,0,10,0,1,12700
GI,OFPPT,Tanger,16.82,3,4,7,7,9,7,2,0,0,7,0,1,8700
Développement Web,Privée (EMSI/IGA),Fès,11.76,1,10,4,4,9,6,2,0,0,8,0,1,10600
Data Science,EST,Rabat,10.52,2,7,4,5,3,6,1,1,0,7,0,0,0
GINF,OFPPT,Agadir,15.91,3,9,7,10,3,6,3,1,0,10,0,1,9100
GINF,OFPPT,Fès,11.69,3,8,9,9,6,1,0,1,0,6,1,1,8300
Data Science,OFPPT,Marrakech,13.15,3,4,6,5,9,4,3,0,0,10,0,1,8900
Cybersécurité,ENSA,Marrakech,10.51,0,8,6,3,9,3,3,0,0,7,1,0,0
GINF,Privée (EMSI/IGA),Rabat,11.81,1,9,6,4,8,2,1,0,0,9,1,0,0
Réseaux & Télécoms,EST,Rabat,16.34,4,5,7,3,6,3,0,1,0,8,1,0,0
GI,EST,Rabat,16.44,2,6,10,5,6,0,0,1,1,10,1,0,0
Réseaux & Télécoms,ENSA,Kenitra,11.66,1,5,7,3,9,7,0,1,1,5,1,0,0
GINF,FST,Tanger,12.69,2,4,3,6,5,3,2,0,0,8,1,0,0
Développement Web,ENSA,Rabat,11.07,1,9,4,4,4,2,2,0,0,5,0,0,0
GI,ENSA,Fès,10.59,4,9,9,9,8,7,2,0,0,7,1,1,12600
GI,EST,Fès,17.94,2,6,5,7,10,2,0,1,0,7,0,1,7500
Data Science,OFPPT,Kenitra,15.24,4,7,5,6,4,4,3,0,0,9,1,0,0
Data Science,OFPPT,Kenitra,14.34,2,4,10,8,9,6,3,0,0,5,1,1,9200
Développement Web,EST,Casablanca,16.12,0,6,4,7,6,3,0,0,0,10,1,0,0
Cybersécurité,OFPPT,Agadir,16.72,0,10,8,3,5,0,0,1,0,8,1,0,0
GI,OFPPT,Rabat,16.45,2,10,3,5,10,5,1,0,0,4,1,0,0
Développement Web,OFPPT,Fès,10.13,2,8,4,6,10,5,2,1,0,10,1,1,7600
Data Science,ENSA,Kenitra,11.49,4,6,3,4,9,0,2,0,0,4,1,0,0
Data Science,Faculté (FS),Fès,15.24,3,8,8,7,6,4,2,0,0,8,0,1,9900
GI,Privée (EMSI/IGA),Fès,13.01,2,10,3,8,6,7,1,0,0,7,0,0,0
Réseaux & Télécoms,Faculté (FS),Kenitra,17.86,1,10,6,6,4,5,1,1,0,5,1,1,8100
GINF,EST,Tanger,15.32,1,8,4,9,9,4,1,1,1,10,1,1,7700
Data Science,FST,Kenitra,17.65,1,9,5,9,5,5,0,0,0,5,1,0,0
Cybersécurité,Faculté (FS),Kenitra,11.61,0,6,7,5,4,5,1,0,0,8,1,0,0
Cybersécurité,FST,Agadir,16.91,4,9,8,4,6,3,3,0,0,8,0,1,11800
Data Science,ENSA,Kenitra,12.57,0,10,8,4,7,4,0,0,0,6,1,0,0
Réseaux & Télécoms,EST,Marrakech,17.92,1,9,7,7,3,2,0,0,0,9,0,0,0
Réseaux & Télécoms,OFPPT,Kenitra,11.26,2,5,4,6,9,0,2,0,0,5,1,0,0
Développement Web,OFPPT,Fès,14.13,1,5,9,6,8,5,2,0,0,9,0,0,0
Cybersécurité,ENSA,Rabat,16.34,2,9,7,10,6,6,1,0,0,6,1,1,11800
Développement Web,Privée (EMSI/IGA),Fès,13.46,4,9,3,4,8,2,3,1,0,7,0,0,0
Cybersécurité,EST,Agadir,13.74,3,8,7,9,10,1,0,1,0,5,1,1,8400
GINF,Faculté (FS),Marrakech,17.89,2,9,3,10,5,2,0,0,0,9,0,0,0
GINF,OFPPT,Kenitra,13.4,0,4,3,3,9,6,0,0,0,8,1,0,0
GI,OFPPT,Tanger,14.83,1,6,5,4,7,0,2,1,0,8,1,0,0
Développement Web,Privée (EMSI/IGA),Casablanca,10.44,1,4,7,5,8,1,2,0,0,7,1,1,12200
Data Science,EST,Kenitra,16.74,1,5,9,6,9,3,3,0,0,9,1,1,9000
Développement Web,OFPPT,Rabat,15.19,2,4,5,9,8,6,2,1,0,9,1,1,8800
Data Science,ENSA,Casablanca,13.23,4,7,9,7,5,1,3,1,0,4,1,0,0
Réseaux & Télécoms,OFPPT,Tanger,10.13,2,7,7,10,6,4,2,1,0,6,0,1,8200
Développement Web,OFPPT,Agadir,14.73,0,5,9,6,6,0,3,0,0,8,1,0,0
Réseaux & Télécoms,Faculté (FS),Agadir,10.1,1,4,3,9,3,4,2,0,0,9,1,0,0
GINF,EST,Tanger,10.01,2,6,9,4,5,2,2,0,0,10,1,0,0
GINF,OFPPT,Fès,14.93,1,5,7,5,7,3,1,0,0,5,1,0,0
GI,ENSA,Tanger,11.51,0,7,8,3,3,0,1,0,0,9,1,0,0
Développement Web,ENSA,Kenitra,11.54,3,5,8,9,9,3,1,0,0,5,0,0,0
Réseaux & Télécoms,OFPPT,Rabat,15.23,3,4,5,9,5,5,3,0,1,10,1,1,10200
Data Science,FST,Marrakech,10.43,3,4,10,6,6,0,3,0,1,5,1,0,0
GINF,OFPPT,Kenitra,12.51,1,4,6,4,3,6,3,1,1,7,0,0,0
GINF,EST,Kenitra,11.2,2,8,8,8,6,4,3,0,0,10,1,1,9300
Data Science,ENSA,Kenitra,14.64,1,4,9,4,4,2,1,0,0,4,1,0,0
Réseaux & Télécoms,OFPPT,Casablanca,15.29,4,9,5,4,4,1,0,0,0,6,1,0,0
Réseaux & Télécoms,FST,Casablanca,15.77,2,7,9,5,3,7,2,0,0,5,1,0,0
Développement Web,ENSA,Agadir,12.04,0,10,6,10,3,7,2,0,0,5,1,1,10000
Développement Web,OFPPT,Kenitra,10.71,3,7,4,10,5,3,3,1,0,8,0,0,0
Cybersécurité,FST,Fès,10.63,2,8,5,4,9,0,1,0,0,4,0,0,0
Cybersécurité,Faculté (FS),Agadir,13.41,2,7,8,9,7,0,0,0,0,8,0,0,0
GI,FST,Rabat,17.57,3,7,8,4,7,5,1,0,0,7,0,0,0
GINF,OFPPT,Tanger,11.74,0,5,7,4,4,3,2,0,0,7,1,0,0
Développement Web,OFPPT,Casablanca,12.05,1,10,6,10,10,1,3,0,0,6,0,1,8900
Réseaux & Télécoms,OFPPT,Kenitra,10.81,1,10,8,6,4,2,3,1,1,10,1,1,8800
Data Science,ENSA,Rabat,14.84,2,4,7,4,4,0,1,1,0,7,1,0,0
Réseaux & Télécoms,OFPPT,Agadir,15.44,3,9,6,5,6,7,3,1,0,10,1,1,8900
GINF,Faculté (FS),Agadir,15.14,4,9,5,8,7,0,0,0,0,6,1,0,0
Cybersécurité,Faculté (FS),Casablanca,16.89,0,5,5,6,3,3,2,1,0,8,1,0,0
Réseaux & Télécoms,EST,Agadir,13.89,1,9,7,10,4,3,0,0,0,5,1,0,0
GI,OFPPT,Fès,11.08,0,5,5,9,8,0,1,1,0,5,1,0,0
GINF,OFPPT,Agadir,12.32,0,10,7,8,10,0,2,0,1,10,1,1,7700
Cybersécurité,ENSA,Marrakech,15.3,0,10,3,4,5,5,0,1,0,4,1,0,0
Data Science,FST,Tanger,14.9,3,10,9,3,9,0,0,0,0,7,0,1,10300
Cybersécurité,OFPPT,Agadir,14.25,3,9,6,8,3,4,0,1,0,4,1,1,7700
GI,ENSA,Marrakech,15.46,3,7,7,5,9,0,2,0,0,4,1,0,0
GINF,Privée (EMSI/IGA),Rabat,15.1,2,10,6,10,3,2,2,0,0,5,1,0,0
Data Science,Faculté (FS),Agadir,17.05,3,6,10,3,3,2,3,0,0,7,1,0,0
GI,Faculté (FS),Fès,14.69,2,4,3,5,7,6,1,0,0,5,1,0,0
Cybersécurité,EST,Rabat,16.23,1,6,6,9,10,5,3,0,1,10,0,1,9900
GI,ENSA,Kenitra,11.99,1,7,7,3,4,1,1,0,0,9,1,0,0
GINF,Privée (EMSI/IGA),Agadir,15.43,1,8,9,4,5,3,2,0,1,4,1,0,0
Développement Web,EST,Casablanca,17.22,1,5,9,3,10,1,0,0,0,7,1,0,0
GI,OFPPT,Marrakech,13.09,1,9,5,9,9,0,3,0,0,9,1,1,7700
GI,EST,Marrakech,16.23,3,9,9,8,6,3,2,0,0,9,0,1,9600
Cybersécurité,ENSA,Casablanca,15.8,4,7,9,10,5,0,2,0,0,9,1,1,13600
Cybersécurité,ENSA,Tanger,10.48,3,9,10,3,5,3,2,0,0,10,1,1,12300
Data Science,FST,Kenitra,14.65,4,7,6,5,8,5,3,0,0,5,1,0,0
Cybersécurité,Privée (EMSI/IGA),Fès,11.04,3,6,6,4,5,6,2,1,0,6,1,0,0
Réseaux & Télécoms,EST,Marrakech,17.74,1,8,8,5,6,4,1,1,0,9,1,1,8000
GINF,EST,Rabat,16.49,0,5,8,4,5,7,1,1,0,6,0,0,0
GINF,EST,Fès,10.88,4,9,3,8,8,6,0,0,0,8,0,0,0
Développement Web,FST,Marrakech,10.97,0,8,4,7,5,4,3,1,0,8,1,0,0
Développement Web,FST,Kenitra,14.76,1,8,9,6,10,4,3,0,1,7,1,1,11000
GINF,OFPPT,Tanger,12.76,4,8,5,8,9,6,3,0,0,8,1,1,9200
Développement Web,FST,Kenitra,10.28,0,4,9,9,4,5,3,1,0,10,0,0,0
Data Science,FST,Rabat,14.33,3,8,7,8,8,6,3,1,0,7,1,1,12100
Cybersécurité,ENSA,Kenitra,13.1,1,10,3,6,4,1,2,1,0,4,1,0,0
GINF,Privée (EMSI/IGA),Fès,10.81,3,7,7,5,4,3,2,0,0,6,1,0,0
Développement Web,ENSA,Rabat,16.42,3,4,7,8,3,1,1,0,0,7,1,0,0
GINF,ENSA,Casablanca,17.32,1,10,6,4,8,7,3,0,0,10,1,1,11900
Réseaux & Télécoms,Faculté (FS),Agadir,16.05,4,4,3,3,5,3,3,0,0,10,1,0,0
GI,Faculté (FS),Casablanca,16.58,2,8,3,10,9,7,3,1,0,4,0,1,9800
Cybersécurité,FST,Fès,11.73,2,9,8,8,9,7,1,0,0,6,1,1,10000
GINF,FST,Agadir,12.11,1,9,10,6,9,0,3,0,0,5,1,1,10700
GI,OFPPT,Casablanca,11.67,2,9,5,8,7,7,3,0,0,4,1,1,9200
Développement Web,ENSA,Agadir,16.12,0,9,4,5,7,4,2,0,0,5,1,0,0
GI,OFPPT,Marrakech,17.58,4,7,7,10,7,4,1,1,0,8,0,1,8800
Cybersécurité,Faculté (FS),Kenitra,15.73,3,9,9,5,9,3,2,0,0,10,1,1,10100
GINF,FST,Rabat,17.05,3,5,5,10,6,1,0,0,0,7,1,0,0
Réseaux & Télécoms,FST,Agadir,15.11,1,8,9,5,10,1,3,0,1,6,1,0,0
Développement Web,EST,Marrakech,13.1,3,4,8,4,9,2,0,0,0,10,1,0,0
GINF,OFPPT,Kenitra,13.41,0,5,10,9,4,4,3,1,0,8,0,1,8200
Cybersécurité,FST,Kenitra,10.6,0,9,10,9,4,4,0,0,0,4,1,0,0
Développement Web,EST,Tanger,10.25,1,5,5,8,9,1,2,0,0,10,1,0,0
Data Science,Faculté (FS),Casablanca,15.56,3,4,7,10,4,4,1,0,1,8,1,1,10800
GI,Privée (EMSI/IGA),Tanger,13.51,2,9,6,5,8,1,0,1,0,5,1,1,10700
Cybersécurité,FST,Fès,14.42,2,5,6,7,6,2,2,0,0,10,0,0,0
Data Science,Privée (EMSI/IGA),Marrakech,14.46,4,7,7,3,5,3,0,1,0,5,0,0,0
GINF,EST,Tanger,12.22,1,7,8,9,3,7,0,0,1,9,1,1,8100
Réseaux & Télécoms,ENSA,Tanger,13.81,4,8,8,5,10,3,1,1,1,7,1,1,12500
Développement Web,ENSA,Kenitra,13.77,2,8,3,9,9,2,2,0,1,8,1,1,10900
GI,FST,Marrakech,13.11,2,10,4,10,9,4,1,0,0,9,1,1,9200
Développement Web,ENSA,Kenitra,16.57,2,5,9,4,10,6,3,0,0,6,1,1,12000
GINF,ENSA,Rabat,13.61,4,4,6,3,8,0,1,0,0,5,1,1,12600
Développement Web,Privée (EMSI/IGA),Agadir,14.83,1,7,4,3,4,4,1,0,0,4,0,0,0
GI,OFPPT,Fès,17.16,0,6,5,6,10,7,0,0,0,8,1,1,6000
GINF,OFPPT,Fès,16.93,0,8,9,5,5,1,0,0,0,6,0,0,0
Développement Web,ENSA,Casablanca,17.12,2,10,9,5,7,5,0,0,0,6,1,1,11800
Réseaux & Télécoms,ENSA,Kenitra,12.16,1,7,9,8,9,7,2,0,0,10,1,1,11100
Cybersécurité,ENSA,Agadir,10.28,1,10,5,4,3,0,1,1,0,6,0,0,0
GINF,OFPPT,Casablanca,12.09,3,9,7,7,7,2,3,0,0,6,0,0,0
Cybersécurité,Privée (EMSI/IGA),Fès,12.23,3,5,10,8,9,3,0,1,0,9,1,1,12000
GINF,FST,Agadir,17.27,4,10,10,7,5,3,3,0,0,5,0,1,12200
Réseaux & Télécoms,ENSA,Tanger,15.19,3,7,7,6,5,6,1,0,0,7,0,1,11300
Cybersécurité,FST,Rabat,10.65,4,7,7,9,7,4,1,0,0,8,0,1,11800
Data Science,EST,Tanger,11.08,0,5,9,9,8,3,1,0,0,5,0,1,7700
GI,EST,Rabat,11.25,2,8,8,7,3,7,3,0,0,10,1,1,10300
Data Science,Faculté (FS),Kenitra,15.04,1,8,6,9,7,4,3,1,0,7,1,1,8900
Développement Web,OFPPT,Marrakech,15.88,0,6,4,10,7,6,3,0,0,6,1,0,0
Réseaux & Télécoms,ENSA,Casablanca,16.88,0,6,10,4,10,6,1,1,0,4,1,0,0
Data Science,ENSA,Casablanca,17.53,4,8,5,10,8,1,1,0,1,6,1,1,12900
GINF,Privée (EMSI/IGA),Marrakech,11.61,2,8,4,9,7,1,0,0,0,7,0,0,0
Développement Web,ENSA,Agadir,12.48,4,10,10,6,3,2,2,1,0,7,0,1,12800
Développement Web,ENSA,Marrakech,11.92,0,8,6,5,6,5,3,1,0,4,1,0,0
Data Science,ENSA,Kenitra,12.87,1,8,9,7,3,1,2,0,0,9,1,0,0
Data Science,ENSA,Fès,17.32,3,7,4,4,8,4,3,0,0,5,1,1,11500
Réseaux & Télécoms,EST,Marrakech,14.6,4,6,9,4,7,3,3,0,1,9,1,1,11000
GI,OFPPT,Rabat,15.91,0,5,4,5,4,1,2,0,0,4,1,0,0
Data Science,EST,Fès,13.92,3,4,8,9,4,1,2,0,0,6,1,1,9400
Data Science,FST,Marrakech,10.23,3,5,10,4,5,4,3,1,0,8,0,1,11700
Cybersécurité,Faculté (FS),Casablanca,10.51,0,9,7,6,10,6,1,0,0,5,1,0,0
GINF,FST,Tanger,14.3,2,4,8,6,6,1,0,0,0,8,1,0,0
Cybersécurité,OFPPT,Rabat,15.75,0,7,8,10,10,3,3,0,0,10,1,1,8800
Cybersécurité,OFPPT,Kenitra,11.72,1,9,9,8,9,5,0,0,0,8,1,1,7300
Développement Web,ENSA,Rabat,15.78,3,6,4,3,9,3,1,1,1,5,0,0,0
GI,OFPPT,Agadir,16.49,1,4,4,5,8,6,1,0,0,6,1,0,0
GINF,FST,Tanger,13.3,4,8,8,9,10,5,0,0,0,9,1,1,10600
Réseaux & Télécoms,Privée (EMSI/IGA),Rabat,15.97,3,9,4,4,5,3,3,0,0,10,1,1,13000
Réseaux & Télécoms,FST,Marrakech,13.23,2,7,8,7,9,7,0,0,1,7,1,1,10100
Data Science,Privée (EMSI/IGA),Rabat,15.43,0,4,3,8,5,7,3,0,0,6,1,0,0
Data Science,OFPPT,Rabat,16.11,4,8,10,10,4,6,2,1,0,9,1,1,10800
Réseaux & Télécoms,ENSA,Rabat,17.94,1,9,8,6,3,3,3,0,0,7,1,1,12300
Data Science,FST,Agadir,12.76,4,7,5,5,5,0,2,1,1,7,0,0,0
GI,Privée (EMSI/IGA),Rabat,13.29,2,9,5,9,5,6,2,0,0,5,1,0,0
Cybersécurité,OFPPT,Rabat,11.32,0,4,4,5,9,3,0,1,0,5,1,0,0
Data Science,ENSA,Agadir,11.63,4,8,8,9,10,6,2,0,0,4,1,1,12400
Développement Web,OFPPT,Fès,15.55,1,6,8,6,6,6,0,0,1,9,1,0,0
Data Science,EST,Tanger,17.34,4,10,7,10,9,0,0,0,0,10,1,1,8900
GINF,ENSA,Kenitra,13.16,0,7,10,3,4,3,1,0,0,8,0,1,10400
GI,FST,Fès,11.44,4,4,9,5,3,6,0,0,0,8,0,0,0
GINF,ENSA,Casablanca,12.28,1,8,7,4,6,6,1,1,0,8,1,0,0
GINF,OFPPT,Agadir,13.64,0,6,7,7,3,3,1,0,0,8,1,0,0
Développement Web,EST,Agadir,12.33,2,9,8,7,9,4,0,0,0,4,1,0,0
GI,OFPPT,Rabat,11.87,2,8,10,6,10,5,3,0,0,7,1,1,10200
GI,ENSA,Rabat,15.89,3,10,8,5,3,3,3,0,0,4,1,0,0
GI,EST,Kenitra,10.06,4,6,5,7,5,1,0,1,0,9,1,0,0
GI,ENSA,Casablanca,14.31,1,4,6,5,6,3,2,0,0,10,0,0,0
GI,ENSA,Rabat,16.35,4,8,4,6,5,7,0,0,0,5,1,1,11800
Développement Web,ENSA,Marrakech,12.13,0,10,5,3,10,2,2,0,0,6,1,0,0
Data Science,ENSA,Rabat,14.83,3,8,7,7,7,7,3,0,0,7,1,1,13100
GINF,Faculté (FS),Rabat,15.35,1,5,5,4,3,4,2,0,0,7,1,0,0
GI,EST,Marrakech,15.24,4,7,5,10,6,4,0,0,0,4,1,1,8500
Data Science,FST,Casablanca,13.57,1,8,5,8,4,3,2,1,0,5,1,0,0
Data Science,EST,Marrakech,12.77,0,10,10,6,5,2,1,1,0,5,1,0,0
GINF,OFPPT,Agadir,16.69,3,6,7,8,7,6,1,1,0,9,1,1,8300
Développement Web,Privée (EMSI/IGA),Marrakech,16.07,1,7,6,10,8,5,0,1,0,10,1,1,10200
Réseaux & Télécoms,FST,Tanger,12.57,0,4,3,10,10,3,0,0,0,7,0,0,0
Réseaux & Télécoms,EST,Agadir,10.82,2,10,4,3,7,1,0,0,0,4,1,0,0
Data Science,ENSA,Rabat,10.57,1,7,4,4,7,6,3,0,0,8,1,0,0
Cybersécurité,Privée (EMSI/IGA),Kenitra,10.75,3,5,9,8,5,4,3,0,0,7,1,0,0
Cybersécurité,ENSA,Agadir,14.66,1,4,5,4,4,6,3,0,0,8,1,0,0
GINF,EST,Casablanca,10.41,1,8,6,7,9,4,1,0,0,6,0,0,0
Réseaux & Télécoms,EST,Casablanca,12.7,0,10,7,5,6,5,2,0,0,5,0,0,0
Data Science,EST,Marrakech,16.03,4,9,3,6,3,2,1,0,0,7,0,0,0
Développement Web,ENSA,Agadir,12.35,4,4,3,4,4,0,2,0,0,6,1,0,0
Réseaux & Télécoms,OFPPT,Rabat,16.11,1,10,5,10,5,5,2,0,0,8,1,1,8300
Data Science,ENSA,Casablanca,15.96,3,4,5,7,8,2,0,1,0,7,1,0,0
Data Science,Faculté (FS),Fès,11.97,3,5,7,10,6,7,0,1,0,6,0,1,8900
GI,ENSA,Rabat,15.83,0,6,9,3,3,6,3,0,0,7,1,0,0
Développement Web,ENSA,Fès,15.98,1,4,7,9,8,1,0,1,1,6,1,0,0
GI,Privée (EMSI/IGA),Tanger,13.18,1,10,10,4,6,2,1,0,1,6,1,0,0
GINF,ENSA,Fès,11.68,4,6,8,3,10,5,1,0,0,8,1,1,12000
GI,OFPPT,Casablanca,14.17,0,7,7,6,3,0,1,0,0,5,0,0,0
GI,FST,Marrakech,17.37,2,9,5,7,9,6,0,0,1,4,1,0,0
Réseaux & Télécoms,ENSA,Tanger,15.12,3,5,6,3,3,1,0,0,0,6,1,0,0
Cybersécurité,Privée (EMSI/IGA),Agadir,11.38,3,8,5,5,7,1,2,0,0,5,1,0,0
Data Science,ENSA,Rabat,15.46,1,10,9,8,8,7,2,1,0,9,1,1,12100
Développement Web,OFPPT,Casablanca,13.42,0,10,5,3,8,0,0,1,0,4,1,0,0
GI,ENSA,Tanger,14.73,2,10,3,3,5,7,1,0,0,8,1,0,0
Développement Web,OFPPT,Tanger,15.87,3,4,10,10,10,3,0,0,0,7,0,0,0
Cybersécurité,ENSA,Casablanca,14.12,0,9,7,7,4,2,3,0,1,5,1,0,0
Cybersécurité,FST,Agadir,16.51,2,9,4,7,9,5,3,1,0,10,1,1,10000
GI,OFPPT,Agadir,15.78,1,6,7,4,7,1,1,0,0,7,0,0,0
GINF,Privée (EMSI/IGA),Marrakech,14.92,4,4,8,8,10,5,3,0,0,7,1,1,13300
GI,Privée (EMSI/IGA),Kenitra,11.21,3,10,6,10,7,2,0,1,0,4,0,1,11200
Réseaux & Télécoms,OFPPT,Fès,16.69,3,9,6,3,6,6,0,0,1,9,1,1,8200
Data Science,OFPPT,Agadir,17.49,2,10,7,3,8,0,2,0,0,5,0,0,0
GINF,ENSA,Marrakech,11.1,4,10,7,7,3,7,3,1,0,6,1,1,12600
GI,EST,Fès,13.91,0,10,5,9,3,4,3,0,0,9,0,0,0
Développement Web,EST,Tanger,12.07,1,5,4,5,10,0,3,0,0,4,1,0,0
GINF,EST,Casablanca,16.04,0,8,9,10,9,2,3,0,0,5,0,1,9500
GINF,EST,Agadir,15.77,2,7,5,9,6,1,1,0,0,6,1,1,7900
GI,FST,Marrakech,11.13,3,7,10,10,8,6,1,1,0,10,1,1,10900
GINF,ENSA,Tanger,17.02,3,6,3,7,5,2,0,0,0,10,1,0,0
Développement Web,Faculté (FS),Agadir,11.45,0,9,10,5,3,6,3,1,0,7,1,0,0
Cybersécurité,ENSA,Rabat,16.38,1,7,3,8,7,4,2,0,0,8,0,0,0
GINF,EST,Kenitra,13.66,2,6,10,9,7,1,0,0,0,8,1,1,8500
Cybersécurité,FST,Tanger,12.63,1,8,6,7,8,6,0,0,0,4,1,1,8700
Développement Web,OFPPT,Agadir,11.27,2,10,6,8,3,4,1,1,0,9,1,0,0
GI,OFPPT,Tanger,11.34,1,4,4,6,3,6,0,0,1,10,1,0,0
Data Science,Faculté (FS),Casablanca,15.3,0,5,6,3,5,3,2,0,0,6,1,0,0
GINF,ENSA,Casablanca,14.4,4,8,8,8,8,5,3,0,0,6,1,1,13800
Data Science,FST,Kenitra,10.98,2,8,10,5,3,0,0,1,0,8,1,0,0
Développement Web,ENSA,Casablanca,10.9,0,7,3,6,5,3,2,1,0,6,0,0,0
GINF,EST,Fès,10.58,3,7,4,5,7,2,1,0,0,5,0,0,0
Cybersécurité,FST,Rabat,15.95,3,5,3,4,5,7,1,0,0,5,1,0,0
Réseaux & Télécoms,ENSA,Casablanca,15.7,1,4,7,4,3,3,3,0,0,8,1,0,0
Data Science,EST,Rabat,10.47,3,8,7,3,4,0,0,0,0,7,1,0,0
GINF,Privée (EMSI/IGA),Casablanca,14.48,4,9,4,6,10,1,2,0,0,7,1,1,13100
Data Science,Privée (EMSI/IGA),Fès,10.68,2,7,5,6,8,5,1,0,0,7,0,0,0
GINF,EST,Tanger,17.23,1,8,8,4,9,4,2,1,0,8,0,0,0
GI,ENSA,Agadir,17.26,2,4,9,3,3,6,1,0,0,4,0,0,0
Cybersécurité,ENSA,Agadir,15.59,2,6,8,8,4,7,1,0,0,10,1,1,11000
Data Science,EST,Casablanca,17.41,0,4,10,4,7,1,3,1,0,10,1,1,9700
Réseaux & Télécoms,Privée (EMSI/IGA),Agadir,16.49,3,8,9,6,8,5,2,1,0,6,1,1,12600
Réseaux & Télécoms,ENSA,Casablanca,16.63,2,8,6,5,9,3,2,0,0,5,1,0,0
Développement Web,OFPPT,Casablanca,14.56,4,5,9,9,6,2,2,0,0,9,0,1,10600
GINF,ENSA,Kenitra,12.45,4,8,4,6,8,3,1,0,0,10,0,0,0
Data Science,Privée (EMSI/IGA),Marrakech,11.74,3,7,8,3,7,0,3,0,1,5,0,0,0
Développement Web,EST,Marrakech,12.62,3,9,9,6,7,0,2,0,0,9,1,1,9600
Data Science,OFPPT,Kenitra,15.03,1,5,6,7,7,2,0,1,0,4,0,0,0
GINF,EST,Marrakech,11.38,1,8,3,6,5,5,2,0,0,6,1,0,0
Réseaux & Télécoms,Faculté (FS),Rabat,12.07,1,4,9,7,9,1,1,1,0,7,0,0,0
GI,ENSA,Marrakech,13.74,3,8,5,4,10,6,3,0,0,9,1,1,11700
Réseaux & Télécoms,ENSA,Casablanca,11.86,2,4,6,8,7,6,2,0,1,5,1,1,12500
Développement Web,Privée (EMSI/IGA),Fès,14.71,0,4,7,7,6,0,2,0,0,10,0,0,0
Cybersécurité,Privée (EMSI/IGA),Fès,17.39,1,8,9,6,3,0,2,1,0,10,1,0,0
GI,OFPPT,Tanger,15.98,0,4,7,8,4,2,0,0,0,7,1,0,0
Développement Web,Faculté (FS),Marrakech,15.33,4,9,3,10,8,1,1,0,1,7,0,1,9500
GINF,OFPPT,Fès,14.66,3,6,4,9,8,7,0,0,0,8,1,1,7300
GI,ENSA,Marrakech,13.9,4,5,6,8,7,7,0,0,1,8,1,1,11700
Développement Web,EST,Tanger,11.49,1,8,9,6,4,3,1,0,0,6,0,0,0
GINF,EST,Fès,17.16,2,10,9,6,7,4,1,0,0,5,1,1,8700
Réseaux & Télécoms,Faculté (FS),Casablanca,11.99,1,6,3,9,10,2,2,0,0,8,0,0,0
Cybersécurité,EST,Rabat,10.73,0,4,9,10,5,1,1,0,1,6,1,0,0
GINF,ENSA,Kenitra,16.0,1,4,7,3,4,4,2,0,0,4,1,0,0
Data Science,Faculté (FS),Kenitra,11.4,2,5,9,4,7,6,0,1,0,7,1,1,8800
GINF,OFPPT,Kenitra,12.98,2,6,10,7,7,2,2,0,0,5,0,0,0
GINF,EST,Marrakech,10.23,3,6,9,5,6,3,1,1,0,5,1,0,0
Cybersécurité,ENSA,Fès,11.1,3,8,7,7,6,3,2,0,0,6,0,0,0
Data Science,ENSA,Fès,11.39,2,4,7,6,9,1,0,0,0,8,1,0,0
Développement Web,ENSA,Tanger,10.44,2,10,5,5,6,1,1,0,1,7,1,0,0
Développement Web,EST,Casablanca,15.25,0,7,5,5,9,3,1,0,0,7,1,0,0
GINF,Faculté (FS),Agadir,16.7,1,10,7,7,5,3,3,0,0,5,1,0,0
Data Science,Faculté (FS),Fès,12.99,3,8,8,9,10,2,2,0,0,5,1,1,9900
Data Science,Faculté (FS),Rabat,17.0,0,8,4,7,9,5,2,0,0,7,0,1,8600
Cybersécurité,EST,Tanger,11.71,1,8,5,7,4,6,2,0,0,4,1,0,0
Réseaux & Télécoms,OFPPT,Fès,12.6,3,5,6,7,5,5,0,0,0,6,0,0,0
Développement Web,ENSA,Fès,11.21,0,5,5,9,3,1,0,0,1,4,1,0,0
Cybersécurité,FST,Tanger,14.96,4,8,6,9,7,4,1,0,0,8,1,1,10600
GI,OFPPT,Tanger,13.36,4,9,5,4,7,3,1,0,0,4,1,0,0
Développement Web,ENSA,Marrakech,14.91,3,7,7,3,10,4,0,0,0,4,1,0,0
Cybersécurité,ENSA,Fès,16.09,0,6,9,3,7,1,2,0,0,8,1,0,0
Développement Web,OFPPT,Agadir,14.37,1,6,6,7,6,6,2,0,1,9,1,1,8000
Réseaux & Télécoms,EST,Rabat,15.02,1,4,10,3,7,1,0,0,0,10,1,0,0
GI,Faculté (FS),Casablanca,17.48,0,6,9,7,9,0,2,0,0,10,0,1,9600
Réseaux & Télécoms,ENSA,Casablanca,12.39,4,10,9,7,6,3,0,0,0,9,1,1,12800
GI,Faculté (FS),Agadir,12.87,0,6,4,7,3,6,2,0,1,6,0,0,0
GINF,EST,Tanger,15.74,4,7,5,8,5,5,2,1,1,10,1,1,9800
Cybersécurité,ENSA,Tanger,14.89,4,6,5,4,10,5,3,0,0,7,1,1,12200
GI,Faculté (FS),Tanger,11.43,1,10,7,6,5,7,1,0,0,4,0,0,0
Réseaux & Télécoms,ENSA,Fès,13.01,3,7,6,3,9,1,2,0,1,6,0,0,0
Développement Web,EST,Tanger,13.74,2,5,8,3,5,1,2,1,0,8,1,0,0
GI,ENSA,Tanger,13.36,0,7,7,4,6,3,0,1,0,10,1,0,0
Cybersécurité,ENSA,Fès,11.43,4,5,9,4,10,0,3,0,0,9,1,1,13000
GI,EST,Fès,17.4,0,7,6,7,8,0,3,0,0,6,1,0,0
Data Science,ENSA,Agadir,16.1,3,8,5,7,8,0,0,0,0,9,1,0,0
Développement Web,Privée (EMSI/IGA),Marrakech,13.85,3,10,5,8,4,0,0,0,0,4,1,0,0
Cybersécurité,ENSA,Fès,15.44,2,9,5,8,8,6,0,0,0,7,1,0,0
Cybersécurité,FST,Rabat,17.18,2,5,5,10,10,2,2,0,0,8,1,0,0
GINF,ENSA,Tanger,11.09,4,5,10,6,4,3,0,0,1,8,1,1,12500
Réseaux & Télécoms,EST,Marrakech,12.0,2,6,3,3,3,3,1,1,0,4,1,0,0
GINF,Privée (EMSI/IGA),Casablanca,14.34,4,5,5,4,4,3,0,1,0,9,1,0,0
Cybersécurité,ENSA,Agadir,16.39,1,7,5,6,3,6,2,0,0,6,1,0,0
Développement Web,Privée (EMSI/IGA),Marrakech,10.29,4,8,8,3,7,5,1,1,1,7,1,1,13000
GI,ENSA,Fès,17.87,2,8,8,6,9,6,2,0,0,8,1,1,11400
GI,OFPPT,Tanger,13.64,0,6,6,10,5,0,1,0,0,4,0,0,0
Développement Web,FST,Tanger,12.87,2,7,9,6,9,0,1,0,0,4,1,0,0
Cybersécurité,OFPPT,Tanger,12.34,3,7,5,9,8,5,1,1,1,5,1,1,8400
GI,Faculté (FS),Marrakech,11.39,2,4,5,7,6,7,2,0,1,9,0,1,9300
GI,FST,Tanger,16.33,1,5,10,6,3,6,1,1,0,5,1,0,0
GI,ENSA,Fès,17.64,4,6,6,7,10,5,3,0,0,6,1,1,12400
Réseaux & Télécoms,ENSA,Marrakech,13.31,3,8,9,3,10,1,3,1,0,10,0,1,12500
Réseaux & Télécoms,Privée (EMSI/IGA),Tanger,17.62,4,10,5,8,8,2,2,1,0,4,0,1,12300
Data Science,EST,Casablanca,16.59,4,9,10,3,6,5,3,1,0,9,0,1,11700
GINF,EST,Casablanca,13.85,2,4,5,10,6,3,1,1,0,6,1,0,0
Développement Web,OFPPT,Rabat,15.39,0,7,7,7,5,2,0,0,0,6,0,0,0
Développement Web,EST,Tanger,13.48,3,5,3,8,9,6,0,0,0,7,1,0,0
Développement Web,Privée (EMSI/IGA),Tanger,14.47,1,8,6,9,7,5,1,0,0,5,1,1,10600
Data Science,OFPPT,Marrakech,10.46,1,10,7,5,7,7,3,0,0,6,1,0,0
Réseaux & Télécoms,Faculté (FS),Marrakech,15.57,0,4,8,8,9,3,1,1,0,7,1,0,0
Cybersécurité,OFPPT,Kenitra,10.42,0,7,9,6,4,0,0,0,1,7,1,0,0
Cybersécurité,ENSA,Tanger,16.54,2,8,4,10,8,6,0,1,0,9,1,1,9800
Data Science,EST,Rabat,16.6,1,8,4,10,7,0,2,1,0,5,0,0,0
Cybersécurité,FST,Tanger,11.9,3,7,8,3,5,3,0,0,0,5,0,0,0
Développement Web,ENSA,Fès,12.59,0,7,3,9,8,7,2,0,1,4,1,1,9900
GINF,OFPPT,Marrakech,13.85,0,6,9,6,6,4,3,0,0,6,0,0,0
GI,Privée (EMSI/IGA),Tanger,14.77,0,8,9,9,3,6,1,1,1,7,1,1,11200
Réseaux & Télécoms,FST,Marrakech,12.3,3,7,10,8,3,0,2,0,0,4,1,0,0
Réseaux & Télécoms,EST,Tanger,14.74,1,9,4,5,10,7,1,0,0,9,0,0,0
Data Science,Privée (EMSI/IGA),Agadir,12.38,3,10,3,6,10,7,2,0,0,6,1,0,0
Réseaux & Télécoms,FST,Marrakech,10.44,3,10,4,5,7,1,3,0,0,6,1,0,0
Développement Web,FST,Rabat,10.02,2,9,4,4,10,5,3,0,1,4,1,0,0
Cybersécurité,EST,Agadir,10.81,0,10,9,5,4,0,2,1,1,7,1,0,0
Développement Web,Privée (EMSI/IGA),Fès,16.34,1,4,10,3,3,1,2,0,0,4,1,0,0
Data Science,Faculté (FS),Tanger,17.69,2,10,7,8,4,7,3,0,0,6,1,1,9600
Développement Web,OFPPT,Kenitra,13.42,2,5,9,7,3,2,1,0,0,4,1,0,0
Cybersécurité,OFPPT,Fès,14.1,4,10,4,7,4,6,3,0,0,4,1,0,0
GINF,EST,Marrakech,11.17,0,9,9,10,9,0,1,0,0,9,0,1,7700
Data Science,FST,Agadir,14.41,1,6,8,6,4,5,2,0,0,6,0,0,0
GINF,OFPPT,Fès,11.16,1,7,3,8,6,0,1,0,0,5,0,0,0
GI,EST,Rabat,14.89,1,5,5,10,5,5,2,0,0,9,1,0,0
GINF,OFPPT,Kenitra,17.47,0,6,9,9,3,2,1,0,0,10,1,0,0
GI,Privée (EMSI/IGA),Marrakech,11.57,1,8,9,4,8,5,2,0,0,7,0,1,11600
GI,Faculté (FS),Agadir,16.12,3,5,5,10,7,1,0,0,0,6,1,0,0
GINF,OFPPT,Fès,10.19,3,9,5,6,5,4,0,1,0,9,0,0,0
Data Science,OFPPT,Agadir,13.0,0,6,3,5,6,6,3,0,0,10,1,0,0
Cybersécurité,OFPPT,Agadir,10.89,1,7,10,7,6,5,3,0,0,9,1,1,8700
Développement Web,EST,Fès,12.82,4,7,3,5,6,6,2,1,0,5,1,0,0
Développement Web,ENSA,Casablanca,11.39,4,10,5,7,7,5,1,0,1,4,1,1,12900
Cybersécurité,FST,Tanger,12.99,4,6,8,10,10,6,2,0,0,5,1,1,11400
GI,Faculté (FS),Marrakech,13.34,3,8,4,7,10,1,0,0,0,6,1,0,0
GI,FST,Marrakech,12.4,4,10,5,7,3,7,0,0,0,9,1,0,0
Data Science,OFPPT,Kenitra,15.25,1,9,6,10,3,6,2,0,0,9,0,1,7500
Réseaux & Télécoms,EST,Kenitra,17.35,1,6,9,8,9,3,0,1,0,6,1,1,7800
GINF,Faculté (FS),Kenitra,13.2,4,4,3,9,10,3,3,0,0,10,1,1,9800
GI,ENSA,Marrakech,11.54,2,6,6,10,9,3,2,0,0,4,1,1,11000
Développement Web,OFPPT,Agadir,12.17,4,6,6,9,4,5,3,0,0,10,1,1,9400
Data Science,FST,Kenitra,16.83,2,9,3,9,4,2,3,1,0,9,1,0,0
GINF,ENSA,Fès,14.57,0,7,10,3,8,1,3,0,0,6,1,0,0
Data Science,EST,Tanger,13.64,0,10,9,10,4,5,0,1,0,10,0,1,7300
GINF,OFPPT,Rabat,11.2,1,8,5,8,7,6,1,0,0,8,1,0,0
GINF,FST,Marrakech,13.6,3,10,8,5,5,0,1,0,0,5,1,0,0
Cybersécurité,ENSA,Fès,12.23,1,6,7,9,9,5,1,0,0,8,1,0,0
GI,Privée (EMSI/IGA),Tanger,17.55,1,5,10,8,3,3,3,1,0,8,1,0,0
Data Science,OFPPT,Tanger,17.07,3,7,10,9,4,1,2,0,1,5,1,1,9800
Data Science,Privée (EMSI/IGA),Casablanca,10.67,1,7,6,6,9,0,3,1,0,6,1,0,0
Cybersécurité,FST,Fès,14.13,3,6,5,4,10,7,3,0,0,5,1,0,0
Développement Web,FST,Marrakech,11.8,1,9,7,6,7,1,2,1,0,4,1,0,0
Développement Web,OFPPT,Kenitra,13.29,0,5,9,8,7,2,1,1,0,8,1,0,0
GI,FST,Agadir,17.01,2,6,6,5,10,3,1,0,0,9,1,0,0
GI,OFPPT,Kenitra,14.22,1,5,5,4,8,4,1,1,0,8,1,0,0
Réseaux & Télécoms,EST,Tanger,12.67,2,7,6,6,4,5,3,1,1,10,0,1,9400
Cybersécurité,FST,Tanger,11.66,4,5,10,4,9,6,3,0,0,6,0,1,12200
Développement Web,ENSA,Rabat,16.4,1,10,5,5,10,3,0,1,1,5,1,1,11000
GINF,ENSA,Kenitra,15.0,0,6,10,7,9,3,1,0,0,9,1,1,10400
Data Science,ENSA,Casablanca,13.74,3,4,9,5,8,2,3,1,0,10,1,0,0
GI,ENSA,Tanger,11.74,0,4,8,9,9,0,0,0,0,7,1,1,9600
Data Science,Privée (EMSI/IGA),Tanger,12.67,2,5,9,3,6,3,3,0,0,9,0,0,0
Data Science,ENSA,Agadir,17.68,3,9,4,4,6,0,3,1,1,6,1,0,0
Réseaux & Télécoms,Faculté (FS),Agadir,14.16,0,6,4,5,6,0,1,0,1,6,1,0,0
Développement Web,OFPPT,Rabat,13.21,0,8,9,7,4,2,2,0,0,6,1,0,0
GI,Faculté (FS),Fès,14.17,0,4,3,10,7,3,3,0,0,10,1,0,0
Data Science,ENSA,Rabat,16.23,3,7,7,7,7,5,3,1,1,5,1,1,13600
GI,OFPPT,Rabat,12.72,0,10,9,5,3,2,3,0,1,6,1,0,0
GINF,Faculté (FS),Agadir,11.43,0,6,9,6,9,2,1,0,0,10,1,0,0
Réseaux & Télécoms,OFPPT,Kenitra,14.68,2,6,6,5,6,4,3,0,0,4,1,0,0
GINF,OFPPT,Kenitra,15.32,0,10,6,7,4,5,0,0,0,4,1,0,0
GI,Privée (EMSI/IGA),Kenitra,15.7,0,4,5,10,3,2,1,0,0,8,0,0,0
GI,Faculté (FS),Fès,17.06,4,10,7,5,7,4,0,0,0,8,1,1,9400
Développement Web,EST,Agadir,12.97,3,10,10,3,9,7,1,0,0,5,1,1,9400
Data Science,Faculté (FS),Casablanca,10.6,4,8,6,6,9,0,3,1,0,7,0,1,11400
Data Science,ENSA,Marrakech,17.67,2,10,7,5,3,5,3,1,0,8,1,0,0
GINF,OFPPT,Marrakech,13.48,4,7,9,7,6,5,0,1,0,8,1,1,8800
Réseaux & Télécoms,ENSA,Casablanca,14.99,1,8,7,5,10,0,0,1,0,8,1,0,0
Cybersécurité,EST,Kenitra,15.33,3,7,4,9,9,7,1,0,0,9,0,1,8200
Data Science,OFPPT,Marrakech,14.37,0,4,10,5,9,1,1,0,0,10,0,0,0
Développement Web,Faculté (FS),Fès,11.64,4,6,6,4,10,5,2,1,0,8,0,1,10000
GINF,EST,Agadir,16.04,4,7,6,5,9,7,2,0,0,6,1,1,9500
GINF,FST,Marrakech,16.43,0,6,3,10,5,6,2,0,1,8,0,1,8900
Cybersécurité,OFPPT,Fès,14.42,0,5,7,3,6,1,3,0,0,9,1,0,0
Développement Web,EST,Agadir,13.91,2,5,5,7,6,0,0,0,1,5,1,0,0
Réseaux & Télécoms,OFPPT,Fès,10.91,4,4,10,8,4,3,0,0,0,9,0,1,9000
Développement Web,ENSA,Casablanca,10.67,4,4,4,4,5,1,2,0,0,6,1,0,0
Réseaux & Télécoms,OFPPT,Rabat,12.72,1,9,9,8,9,2,2,1,0,9,0,1,9100
Développement Web,OFPPT,Casablanca,12.49,1,4,3,5,8,5,1,0,0,6,1,0,0
Développement Web,ENSA,Marrakech,17.63,4,5,4,9,5,6,2,0,0,5,1,0,0
GI,FST,Agadir,16.27,1,7,5,6,5,1,0,0,0,7,0,0,0
GINF,ENSA,Fès,15.28,4,10,3,3,7,5,1,1,0,8,1,0,0
Développement Web,OFPPT,Marrakech,14.14,3,10,4,3,3,0,2,0,0,4,0,0,0
Cybersécurité,FST,Marrakech,11.34,2,10,5,9,7,3,3,0,0,7,1,0,0
Développement Web,Faculté (FS),Rabat,17.83,1,8,8,3,8,7,2,0,0,8,1,1,9900
Data Science,ENSA,Kenitra,13.0,4,10,3,9,5,0,3,0,0,4,0,1,11800
GINF,ENSA,Marrakech,10.86,1,4,5,4,4,7,2,0,0,6,1,0,0
Data Science,ENSA,Rabat,13.95,2,10,3,9,8,3,1,0,0,9,0,1,11000
GINF,EST,Agadir,16.99,3,8,6,10,9,7,3,0,0,6,1,1,9400
Data Science,Faculté (FS),Agadir,17.1,0,8,6,9,6,5,3,0,1,6,1,1,8900
Développement Web,OFPPT,Fès,10.09,0,5,4,5,10,1,1,0,1,8,0,0,0
Développement Web,Faculté (FS),Kenitra,17.09,1,9,10,3,9,2,3,0,0,5,0,1,9700
GI,FST,Rabat,12.17,4,7,7,5,6,2,1,0,0,6,0,0,0
Cybersécurité,Privée (EMSI/IGA),Casablanca,10.31,2,5,8,6,7,7,2,1,1,10,0,1,13400
Data Science,OFPPT,Agadir,16.78,3,4,9,9,9,7,1,1,1,6,1,1,9200
Réseaux & Télécoms,Privée (EMSI/IGA),Kenitra,16.91,3,5,7,5,8,7,1,0,0,6,1,1,11800
GI,FST,Fès,14.77,3,5,9,8,7,0,1,0,0,9,0,1,10700
Data Science,EST,Casablanca,14.6,0,5,9,5,4,5,1,1,0,8,1,0,0
Data Science,ENSA,Agadir,16.5,2,4,9,5,6,3,0,1,0,4,1,0,0
GI,OFPPT,Agadir,16.29,0,4,5,9,9,7,3,1,0,7,0,1,7200
Développement Web,ENSA,Fès,17.12,1,5,3,10,7,1,2,0,0,6,0,0,0
Data Science,EST,Fès,14.42,3,5,6,7,9,6,1,0,0,7,0,1,8600
Développement Web,FST,Tanger,17.74,2,8,7,8,3,7,0,1,0,5,1,1,9400
GI,Faculté (FS),Marrakech,17.97,3,7,10,4,7,3,0,0,0,5,1,0,0
Développement Web,Faculté (FS),Marrakech,10.93,0,8,9,9,7,3,2,0,0,10,1,0,0
GINF,ENSA,Casablanca,16.8,0,9,6,5,5,3,3,1,1,5,1,0,0
Réseaux & Télécoms,EST,Marrakech,14.0,0,7,9,3,3,5,2,1,0,6,1,0,0
Data Science,Faculté (FS),Casablanca,13.1,3,9,8,9,3,1,1,1,0,7,1,1,10500
Cybersécurité,Privée (EMSI/IGA),Kenitra,14.9,2,7,5,10,9,5,3,0,0,4,1,0,0
Réseaux & Télécoms,OFPPT,Agadir,10.45,2,5,10,7,4,6,3,0,0,8,1,0,0
Développement Web,Privée (EMSI/IGA),Tanger,14.05,1,8,8,5,10,3,2,0,0,7,0,0,0
Data Science,OFPPT,Tanger,16.97,3,7,8,7,9,6,2,1,0,8,1,1,8900
Développement Web,Faculté (FS),Agadir,11.71,1,9,5,4,5,6,3,0,1,10,1,1,9200
GINF,ENSA,Fès,13.41,1,7,3,9,3,5,2,0,0,7,1,0,0
GI,Faculté (FS),Rabat,17.52,1,4,10,7,5,7,3,1,0,6,0,1,10700
Data Science,Faculté (FS),Rabat,13.43,1,7,8,3,5,7,2,0,0,4,1,0,0
GINF,Faculté (FS),Marrakech,12.87,0,10,7,5,6,2,3,1,0,6,1,0,0
GINF,FST,Fès,13.52,1,5,9,3,9,0,1,0,0,5,0,0,0
Data Science,FST,Casablanca,14.16,2,6,5,9,3,4,0,0,0,4,0,0,0
Développement Web,EST,Kenitra,15.06,1,4,5,9,6,7,2,0,0,9,1,1,7800
Cybersécurité,FST,Tanger,16.41,0,6,9,10,9,3,3,0,0,9,1,1,10000
GINF,ENSA,Marrakech,13.62,4,5,6,6,7,6,0,0,0,7,0,0,0
Réseaux & Télécoms,OFPPT,Agadir,16.54,4,10,4,7,10,2,0,0,0,10,0,1,7800
GINF,ENSA,Fès,14.27,4,6,10,7,9,5,0,0,0,6,1,1,12000
Cybersécurité,ENSA,Tanger,12.71,3,7,8,7,7,6,2,0,0,8,0,1,11900
Développement Web,FST,Casablanca,15.26,2,6,7,8,6,2,2,0,0,6,0,0,0
Développement Web,Faculté (FS),Casablanca,15.74,0,8,3,9,7,0,1,1,0,6,1,0,0
Réseaux & Télécoms,FST,Rabat,14.46,4,5,8,9,6,0,2,1,0,7,0,1,12400
GINF,EST,Marrakech,10.45,0,8,9,4,9,4,2,0,0,7,1,1,8100
Développement Web,Faculté (FS),Agadir,11.36,0,6,3,8,4,4,2,0,0,5,1,0,0
Cybersécurité,EST,Tanger,12.28,3,10,6,3,10,6,0,1,1,10,0,1,8700
Data Science,Privée (EMSI/IGA),Kenitra,12.26,4,8,8,9,5,7,1,0,0,4,0,1,12500
GI,Privée (EMSI/IGA),Casablanca,15.39,1,4,3,6,10,4,0,1,0,6,0,0,0
GI,FST,Tanger,10.15,0,6,8,10,4,1,1,0,0,8,1,0,0
GI,EST,Agadir,16.05,4,9,5,4,3,1,2,0,1,9,1,0,0
GINF,OFPPT,Tanger,12.12,0,8,8,4,4,2,3,1,0,9,1,1,7800
Réseaux & Télécoms,ENSA,Marrakech,12.48,3,7,7,5,4,5,2,0,0,7,1,0,0
Développement Web,FST,Rabat,14.22,3,6,8,9,7,0,0,0,0,7,0,0,0
Data Science,EST,Tanger,11.73,1,10,3,6,8,3,0,0,0,5,1,0,0
Cybersécurité,Privée (EMSI/IGA),Fès,17.08,3,9,7,9,9,7,0,0,0,4,1,1,11400
Data Science,ENSA,Rabat,10.68,4,10,3,7,10,0,1,1,0,9,1,1,12000
Cybersécurité,Faculté (FS),Agadir,13.56,3,4,10,8,8,1,0,0,0,5,0,0,0
GINF,OFPPT,Rabat,16.8,1,7,9,10,10,2,3,0,0,7,0,1,9500
GI,FST,Tanger,14.93,2,6,9,10,6,3,3,1,0,10,1,1,11000
GINF,ENSA,Tanger,12.34,0,10,4,7,3,4,2,0,1,8,1,0,0
Réseaux & Télécoms,Privée (EMSI/IGA),Fès,13.37,0,7,4,9,8,4,1,0,0,5,1,0,0
Réseaux & Télécoms,FST,Casablanca,15.65,4,6,7,5,7,1,1,0,1,10,0,0,0
Cybersécurité,Faculté (FS),Fès,17.79,1,6,9,8,3,2,2,1,0,6,1,0,0
Développement Web,ENSA,Tanger,17.15,1,5,4,7,10,6,0,0,0,7,1,0,0
Développement Web,FST,Kenitra,12.74,1,8,4,10,5,5,0,1,0,7,1,1,8300
Cybersécurité,FST,Rabat,17.99,0,6,5,3,6,0,2,0,0,5,1,0,0
Réseaux & Télécoms,ENSA,Fès,10.03,3,4,3,10,7,1,2,0,0,8,1,1,10900
Réseaux & Télécoms,ENSA,Fès,10.22,0,9,4,7,4,5,2,1,0,5,1,0,0
Réseaux & Télécoms,OFPPT,Kenitra,16.59,0,8,7,9,9,5,2,0,0,10,1,1,7200
GINF,ENSA,Kenitra,11.6,0,5,5,10,5,0,1,0,0,8,1,0,0
Réseaux & Télécoms,ENSA,Kenitra,10.49,3,8,9,8,4,3,1,1,0,7,1,1,11700
Data Science,FST,Casablanca,11.9,2,8,4,3,8,0,0,0,0,10,1,0,0
GI,OFPPT,Tanger,13.41,4,6,8,5,9,3,1,1,0,5,1,1,9000
Réseaux & Télécoms,ENSA,Tanger,15.84,2,4,9,10,3,7,1,0,1,4,1,0,0
Cybersécurité,Faculté (FS),Agadir,14.99,2,6,7,5,5,5,1,0,1,9,1,1,9300
GI,ENSA,Casablanca,11.9,0,10,3,3,9,2,2,0,1,5,1,0,0
GINF,ENSA,Agadir,14.03,2,4,10,8,9,1,1,1,0,5,0,0,0
Cybersécurité,ENSA,Agadir,17.41,0,10,9,8,7,0,0,0,0,10,0,0,0
GI,OFPPT,Agadir,16.52,0,4,8,7,4,2,1,0,0,4,0,0,0
Cybersécurité,ENSA,Marrakech,12.59,4,7,9,10,8,2,2,0,0,4,1,1,12600
GINF,ENSA,Agadir,17.86,1,6,4,5,4,0,1,1,0,6,0,0,0
Data Science,FST,Fès,15.67,0,10,7,5,3,4,3,1,0,4,1,0,0
GINF,OFPPT,Rabat,10.5,2,5,8,10,3,5,0,1,1,8,1,1,9100
GINF,EST,Fès,10.28,4,9,10,3,8,4,1,1,0,9,1,1,9900
Cybersécurité,FST,Fès,11.35,2,8,7,5,6,3,0,0,1,9,1,1,9900
Développement Web,ENSA,Tanger,15.82,1,7,6,9,10,7,2,1,0,6,1,1,10500
Réseaux & Télécoms,FST,Marrakech,11.47,3,10,9,7,8,2,0,0,0,8,1,1,10300
Réseaux & Télécoms,Faculté (FS),Agadir,14.09,1,5,8,5,10,1,3,1,0,10,1,1,9300
Data Science,Faculté (FS),Tanger,10.75,4,9,7,10,6,1,3,0,0,6,1,1,10600
Data Science,EST,Casablanca,17.37,1,9,8,10,8,2,0,0,0,10,1,1,8600
Réseaux & Télécoms,EST,Casablanca,12.75,1,6,6,3,8,4,2,0,0,6,1,0,0
Développement Web,ENSA,Tanger,17.27,4,4,3,7,3,5,0,1,0,9,0,0,0
Réseaux & Télécoms,EST,Rabat,17.56,4,10,10,6,10,2,1,1,1,10,1,1,11400
Développement Web,ENSA,Tanger,10.05,2,6,3,3,6,6,1,0,0,8,1,0,0
Data Science,OFPPT,Tanger,13.71,0,9,9,10,8,3,0,0,1,7,1,1,7300
GI,Privée (EMSI/IGA),Marrakech,10.2,3,6,5,6,9,2,1,1,0,9,1,1,11400
Cybersécurité,Privée (EMSI/IGA),Casablanca,17.27,3,7,8,10,4,0,1,0,0,7,0,1,13000
Data Science,OFPPT,Casablanca,14.15,3,10,6,5,3,4,2,0,0,5,1,0,0
Data Science,Faculté (FS),Agadir,10.6,1,5,10,7,9,0,0,1,0,10,1,1,8500
GINF,OFPPT,Fès,10.88,4,9,7,5,9,0,1,1,0,7,0,1,8800
GINF,EST,Tanger,13.07,4,10,5,7,5,2,0,0,1,9,0,1,9000
GINF,Faculté (FS),Tanger,17.52,4,7,8,4,3,5,0,0,0,5,1,0,0
Cybersécurité,FST,Rabat,15.54,0,5,5,5,10,2,1,0,0,7,1,0,0
GINF,FST,Kenitra,16.94,4,7,10,5,8,5,2,0,0,5,1,1,11800
Développement Web,OFPPT,Kenitra,12.93,4,8,8,5,7,1,2,0,0,9,0,1,9400
Réseaux & Télécoms,EST,Casablanca,10.35,1,4,9,8,7,5,3,1,0,5,0,0,0
GI,EST,Rabat,17.79,2,4,9,3,9,7,0,0,0,9,1,0,0
Data Science,Privée (EMSI/IGA),Marrakech,10.14,3,4,3,8,9,0,3,0,0,4,1,0,0
Développement Web,ENSA,Agadir,17.58,1,8,7,7,3,7,2,0,1,9,1,1,11200
GI,FST,Rabat,12.95,1,9,6,7,10,2,1,0,0,5,0,0,0
Développement Web,Privée (EMSI/IGA),Casablanca,10.08,1,9,9,7,5,7,1,0,0,10,1,0,0
Développement Web,Faculté (FS),Marrakech,15.51,3,8,3,3,3,1,2,1,0,9,1,0,0
Data Science,FST,Tanger,17.84,1,4,5,7,5,6,2,0,0,9,1,0,0
Réseaux & Télécoms,ENSA,Marrakech,17.73,2,4,4,8,8,0,0,1,0,10,1,0,0
GINF,EST,Fès,11.29,4,5,9,9,4,1,3,0,0,8,1,1,10500
Cybersécurité,OFPPT,Rabat,11.45,2,5,5,8,4,4,3,0,0,8,0,0,0
Réseaux & Télécoms,Faculté (FS),Casablanca,14.52,4,6,10,9,5,3,2,0,0,5,1,1,11800
Cybersécurité,FST,Rabat,15.1,4,10,4,5,9,0,0,0,0,8,0,0,0
Data Science,ENSA,Tanger,15.92,1,10,8,6,6,2,1,0,0,7,1,0,0
Data Science,ENSA,Kenitra,11.45,1,10,3,9,4,5,2,0,0,8,1,0,0
Data Science,Privée (EMSI/IGA),Tanger,17.67,3,7,8,4,10,4,3,0,0,4,1,0,0
GI,EST,Casablanca,15.11,0,5,6,10,7,7,0,0,1,8,1,1,8200
Cybersécurité,Faculté (FS),Fès,16.78,2,5,7,7,3,6,0,0,0,7,0,0,0
Réseaux & Télécoms,ENSA,Agadir,14.32,3,5,9,3,8,1,0,0,0,9,0,0,0
Réseaux & Télécoms,Faculté (FS),Marrakech,13.31,3,5,4,9,6,3,3,0,0,7,0,0,0
Développement Web,Privée (EMSI/IGA),Marrakech,17.82,2,8,9,3,9,5,0,0,0,5,1,0,0
Développement Web,Faculté (FS),Tanger,14.66,2,6,7,7,10,0,1,0,0,6,1,0,0
Développement Web,ENSA,Rabat,16.93,4,5,8,6,7,3,3,0,0,7,0,1,13800
Data Science,Faculté (FS),Kenitra,17.63,0,9,3,8,10,7,2,0,0,5,0,0,0
Réseaux & Télécoms,OFPPT,Rabat,15.4,1,7,3,7,3,4,0,1,0,5,1,0,0
Cybersécurité,FST,Fès,14.39,0,10,8,3,7,7,3,0,0,8,0,0,0
Data Science,OFPPT,Agadir,10.03,0,5,8,4,6,3,2,0,0,8,1,0,0
GI,Faculté (FS),Rabat,10.32,1,8,3,6,5,7,2,1,0,5,1,0,0
Développement Web,OFPPT,Marrakech,11.61,0,9,6,10,3,0,1,0,0,9,1,0,0
Data Science,Faculté (FS),Kenitra,11.49,3,10,4,7,10,4,2,0,1,4,0,1,9600
Data Science,ENSA,Rabat,12.04,3,4,7,9,7,1,1,1,0,9,1,1,12300
GI,EST,Kenitra,12.44,1,4,5,4,8,0,3,0,0,5,1,0,0
GINF,ENSA,Agadir,12.88,1,10,9,10,9,3,1,0,0,8,0,1,10700
Réseaux & Télécoms,Privée (EMSI/IGA),Marrakech,13.36,2,6,8,7,8,0,3,1,1,7,1,1,12800
Cybersécurité,OFPPT,Kenitra,10.79,2,4,8,6,7,7,3,0,0,4,0,0,0
GINF,Faculté (FS),Rabat,10.34,0,5,9,3,9,7,0,0,1,6,1,0,0
Développement Web,EST,Marrakech,15.39,0,10,3,8,6,7,1,0,1,9,1,0,0
Data Science,ENSA,Tanger,14.3,1,8,7,9,6,4,3,1,0,7,1,1,11100
GI,OFPPT,Tanger,13.55,0,6,7,8,9,3,0,0,0,8,1,1,6400
GI,FST,Fès,15.08,4,9,6,6,8,1,1,1,0,7,0,0,0
Réseaux & Télécoms,ENSA,Tanger,16.62,3,5,4,10,8,6,1,0,0,7,1,1,10700
GINF,Faculté (FS),Rabat,13.42,0,4,6,10,9,6,2,0,0,8,1,1,9000
Réseaux & Télécoms,ENSA,Agadir,15.13,0,7,10,5,6,5,0,0,1,7,1,0,0
Data Science,EST,Marrakech,17.63,2,5,6,8,5,2,2,0,0,5,1,0,0
Réseaux & Télécoms,FST,Kenitra,16.72,4,7,10,7,4,1,3,1,1,9,1,1,12700
Cybersécurité,ENSA,Casablanca,13.41,0,9,7,4,7,0,1,0,0,4,0,0,0
GI,Privée (EMSI/IGA),Tanger,15.16,3,7,4,4,10,2,3,0,0,9,0,0,0
GI,ENSA,Tanger,11.42,0,9,4,9,5,5,0,0,1,10,1,0,0
Développement Web,ENSA,Casablanca,14.48,1,6,10,8,7,5,1,1,0,8,1,0,0
Développement Web,ENSA,Kenitra,17.85,4,8,4,6,8,7,3,0,0,4,1,1,12000
Data Science,OFPPT,Kenitra,14.15,0,4,9,9,10,4,1,0,0,5,1,1,7200
Cybersécurité,FST,Casablanca,17.42,4,4,3,6,5,5,2,1,0,8,1,0,0
GINF,Faculté (FS),Kenitra,13.26,0,5,4,6,8,6,0,0,0,5,1,0,0
Réseaux & Télécoms,ENSA,Rabat,17.99,3,10,7,4,9,3,0,0,0,6,1,0,0
Data Science,ENSA,Kenitra,14.63,3,4,9,3,9,7,0,1,1,6,1,0,0
Développement Web,FST,Marrakech,10.34,4,6,3,4,10,3,1,0,0,6,1,0,0
Réseaux & Télécoms,OFPPT,Kenitra,14.69,2,4,5,3,8,4,3,1,0,4,1,0,0
Développement Web,OFPPT,Tanger,12.2,2,5,10,9,8,5,3,0,0,10,0,1,9200
Réseaux & Télécoms,ENSA,Agadir,10.26,1,4,8,9,3,0,0,0,0,9,1,0,0
GINF,FST,Rabat,16.57,2,8,6,9,4,1,1,0,0,9,1,0,0
Data Science,Privée (EMSI/IGA),Rabat,12.21,4,9,4,6,8,7,1,0,0,6,1,0,0
Réseaux & Télécoms,EST,Kenitra,16.37,2,7,10,10,10,6,1,0,1,6,1,1,9400
Cybersécurité,OFPPT,Agadir,12.31,1,7,5,5,7,2,3,0,1,5,1,0,0
GI,ENSA,Agadir,11.55,0,9,4,4,6,4,0,0,0,10,1,0,0
Cybersécurité,Privée (EMSI/IGA),Fès,17.79,2,7,6,10,4,7,3,0,0,7,0,1,11900
Cybersécurité,OFPPT,Agadir,12.89,4,8,7,6,7,5,2,0,1,10,1,1,9700
GI,Privée (EMSI/IGA),Kenitra,14.81,4,6,7,4,10,0,1,0,0,10,1,0,0
Cybersécurité,Faculté (FS),Kenitra,14.88,1,5,6,6,3,7,2,0,0,7,1,0,0
Réseaux & Télécoms,EST,Casablanca,14.48,1,8,5,4,8,0,0,0,0,9,1,0,0
Réseaux & Télécoms,Privée (EMSI/IGA),Tanger,17.32,3,5,10,7,7,2,0,1,1,9,1,1,12500
Réseaux & Télécoms,EST,Fès,15.4,3,6,3,4,7,7,3,0,0,6,0,0,0
GI,EST,Kenitra,13.23,3,8,8,7,7,4,0,1,1,9,1,1,9100
Cybersécurité,OFPPT,Casablanca,16.9,0,4,8,10,4,1,0,0,1,7,1,0,0
GI,OFPPT,Fès,11.45,4,10,10,3,8,6,3,0,0,10,0,1,10200
Réseaux & Télécoms,Privée (EMSI/IGA),Tanger,14.35,3,6,8,4,7,1,3,0,1,6,1,0,0
Cybersécurité,ENSA,Fès,17.6,4,7,3,3,6,4,3,0,0,6,1,0,0
Cybersécurité,OFPPT,Casablanca,15.0,1,8,4,5,10,3,3,1,0,4,0,0,0
Développement Web,OFPPT,Marrakech,16.54,0,6,10,8,8,6,0,0,0,8,1,1,7000
Développement Web,ENSA,Kenitra,15.23,1,6,6,8,5,5,2,0,0,7,1,0,0
GINF,EST,Tanger,16.71,4,8,6,7,6,1,3,0,0,6,1,0,0
Data Science,EST,Rabat,17.56,3,7,3,10,3,3,0,1,0,7,1,1,8600
Développement Web,EST,Tanger,12.18,1,9,5,10,9,4,0,0,0,4,0,0,0
GI,Privée (EMSI/IGA),Tanger,11.36,2,7,8,4,4,5,0,0,0,10,0,0,0
Développement Web,Faculté (FS),Tanger,13.87,0,6,10,8,10,0,0,1,0,4,0,1,8000
GINF,OFPPT,Marrakech,15.61,4,5,9,3,5,4,0,1,0,6,0,0,0
Cybersécurité,Privée (EMSI/IGA),Kenitra,11.82,3,9,6,8,4,0,3,0,0,7,1,0,0
GINF,EST,Casablanca,10.03,1,9,10,8,4,7,3,0,0,7,1,0,0
Cybersécurité,OFPPT,Kenitra,12.74,0,6,7,6,7,4,1,0,0,7,0,0,0
Cybersécurité,FST,Rabat,17.75,3,8,7,8,6,6,1,0,0,4,1,1,11300
Data Science,OFPPT,Casablanca,15.56,1,8,9,3,5,3,3,0,0,5,1,0,0
Développement Web,ENSA,Fès,13.21,4,8,6,8,7,5,3,1,0,5,0,0,0
GI,Privée (EMSI/IGA),Fès,11.54,2,7,8,4,10,3,3,0,0,7,0,1,12300
GI,ENSA,Fès,12.85,2,4,8,8,5,5,2,1,0,7,0,0,0
Réseaux & Télécoms,EST,Casablanca,11.36,4,8,8,5,8,6,3,0,0,8,0,1,11300
Cybersécurité,OFPPT,Agadir,10.85,0,8,5,8,8,4,0,1,0,6,1,0,0
GI,EST,Marrakech,17.25,4,9,7,7,6,0,2,0,0,4,0,0,0
Data Science,Faculté (FS),Agadir,17.98,1,5,5,10,7,4,2,1,0,8,1,1,8300
Cybersécurité,FST,Kenitra,11.31,0,5,3,6,5,0,0,0,0,7,0,0,0
Data Science,OFPPT,Fès,10.44,2,6,4,9,9,3,0,0,0,9,1,0,0
GI,ENSA,Marrakech,12.64,1,6,8,3,8,2,1,0,1,5,1,0,0
GI,ENSA,Casablanca,13.69,3,6,3,10,10,1,0,1,0,5,1,0,0
Réseaux & Télécoms,EST,Fès,11.64,3,8,4,10,7,3,3,0,0,8,1,1,9000
GI,FST,Casablanca,12.41,3,5,9,8,4,4,3,1,0,5,1,0,0
Cybersécurité,ENSA,Marrakech,11.61,2,6,7,8,8,4,1,0,0,5,1,1,10800
Cybersécurité,EST,Casablanca,16.19,4,5,4,4,3,0,2,1,1,9,1,0,0
Cybersécurité,EST,Casablanca,15.7,0,8,10,9,5,1,2,1,0,6,1,0,0
Réseaux & Télécoms,ENSA,Rabat,15.08,2,9,4,4,9,5,1,0,0,7,0,1,11200
Réseaux & Télécoms,Faculté (FS),Kenitra,13.1,1,8,6,7,10,3,3,0,0,10,1,1,8900
GI,OFPPT,Agadir,17.27,1,6,4,9,8,6,1,0,0,8,1,0,0
GINF,ENSA,Agadir,17.76,3,8,6,10,6,1,3,0,0,9,1,1,11900
GINF,Faculté (FS),Agadir,11.39,0,8,4,6,5,7,3,0,0,4,1,0,0
Réseaux & Télécoms,Faculté (FS),Tanger,11.78,3,5,6,3,3,1,0,0,0,4,0,0,0
GI,FST,Rabat,14.21,1,4,7,3,5,3,1,0,0,9,1,0,0
GINF,OFPPT,Fès,10.73,1,7,7,10,5,0,1,0,0,7,0,0,0
GI,FST,Fès,13.49,4,6,10,3,8,5,3,0,0,4,1,1,12200
GI,FST,Fès,14.65,4,10,4,7,5,0,3,0,0,9,1,1,11000
GI,ENSA,Agadir,14.18,4,4,9,7,6,6,0,0,0,5,0,0,0
Développement Web,Faculté (FS),Kenitra,12.65,3,9,9,8,3,0,3,1,0,6,0,1,10500
Cybersécurité,Faculté (FS),Agadir,14.34,0,10,5,6,8,2,3,0,0,8,1,1,8200
GI,ENSA,Kenitra,17.67,4,6,9,3,3,1,2,0,0,8,0,0,0
Développement Web,EST,Rabat,11.65,2,4,10,3,6,2,1,0,0,5,1,0,0
Réseaux & Télécoms,Privée (EMSI/IGA),Kenitra,15.24,4,8,7,8,10,0,0,0,0,10,0,1,11900
GINF,FST,Casablanca,10.35,3,6,3,6,5,5,0,0,1,7,0,0,0
Cybersécurité,FST,Agadir,10.53,0,4,9,9,10,3,3,0,0,6,0,1,10000
GINF,Privée (EMSI/IGA),Fès,14.41,4,7,3,6,5,1,1,0,0,4,0,0,0
Cybersécurité,OFPPT,Casablanca,10.84,0,8,6,6,8,3,2,0,0,10,1,0,0
GINF,Faculté (FS),Agadir,10.18,2,6,5,10,3,4,0,0,0,8,1,0,0
Cybersécurité,OFPPT,Marrakech,11.37,1,9,10,4,5,1,3,0,0,8,1,0,0
GINF,OFPPT,Tanger,14.52,0,9,10,6,9,3,1,1,0,7,1,1,7400
GINF,FST,Agadir,15.63,4,6,8,5,4,0,2,0,0,6,1,0,0
GINF,FST,Marrakech,11.62,3,4,6,7,10,2,1,0,1,9,0,0,0
GINF,EST,Rabat,15.35,3,6,4,6,5,3,0,0,0,4,1,0,0
Réseaux & Télécoms,Privée (EMSI/IGA),Marrakech,11.46,3,10,9,4,10,6,3,1,0,8,1,1,13000
GI,Faculté (FS),Rabat,14.91,3,8,10,10,9,5,3,0,0,8,1,1,11700
Data Science,ENSA,Agadir,13.3,0,5,7,10,10,7,0,0,0,4,1,0,0
Développement Web,OFPPT,Rabat,15.23,3,9,5,9,5,4,0,0,0,10,1,1,8500
Data Science,FST,Marrakech,17.96,1,4,6,5,7,0,1,1,1,6,1,0,0
Data Science,ENSA,Kenitra,17.5,2,7,6,4,3,6,0,0,0,6,1,0,0
Cybersécurité,FST,Tanger,10.03,0,6,3,4,3,4,1,0,0,6,1,0,0
GI,FST,Casablanca,17.08,0,8,4,8,9,5,3,0,1,8,1,0,0
Cybersécurité,OFPPT,Casablanca,10.53,3,6,6,4,10,5,2,0,0,9,1,1,9500
GI,ENSA,Tanger,17.62,3,7,10,4,4,2,3,0,0,5,1,1,12700
GI,OFPPT,Fès,12.25,0,8,3,3,4,7,3,0,0,10,0,0,0
GINF,Faculté (FS),Casablanca,13.06,3,7,5,7,4,4,2,1,0,8,0,0,0
Réseaux & Télécoms,ENSA,Agadir,10.73,3,8,6,8,3,5,2,0,0,7,1,0,0
GINF,Privée (EMSI/IGA),Fès,10.9,3,5,8,8,7,3,2,1,0,10,1,1,12400
Réseaux & Télécoms,FST,Agadir,15.81,3,9,8,3,7,5,3,0,0,7,0,1,11300
Cybersécurité,EST,Marrakech,17.55,3,8,3,5,6,5,0,0,0,9,1,0,0
Réseaux & Télécoms,FST,Marrakech,14.89,4,7,8,3,3,7,3,0,0,10,1,0,0
Cybersécurité,OFPPT,Fès,15.73,4,4,10,8,6,3,0,0,0,8,1,1,9000
Data Science,EST,Fès,16.1,4,9,4,5,10,0,1,1,0,8,1,0,0
Data Science,ENSA,Fès,12.1,0,10,10,8,10,2,3,0,0,4,0,0,0
Réseaux & Télécoms,ENSA,Fès,10.36,2,5,7,6,5,2,2,1,0,6,0,0,0
Réseaux & Télécoms,EST,Rabat,10.01,0,6,8,5,4,1,3,0,0,9,0,0,0
Cybersécurité,OFPPT,Kenitra,12.81,4,5,10,8,6,6,3,0,1,4,1,1,10700
GINF,FST,Fès,11.93,0,5,5,3,8,1,2,0,0,9,1,0,0
Cybersécurité,ENSA,Kenitra,10.5,2,6,6,8,10,3,1,1,0,7,0,1,10600
GINF,ENSA,Fès,11.44,3,8,10,3,6,5,1,0,1,7,0,1,12400
Data Science,EST,Marrakech,11.0,1,5,3,5,3,4,1,1,0,5,0,0,0
GI,Privée (EMSI/IGA),Agadir,17.32,4,9,6,3,4,5,1,1,0,6,1,0,0
Réseaux & Télécoms,EST,Kenitra,11.12,4,5,7,5,10,5,3,0,0,6,1,1,10100
GINF,Privée (EMSI/IGA),Marrakech,14.3,2,4,10,4,4,4,3,1,0,9,1,1,12700
Cybersécurité,FST,Casablanca,14.74,3,9,6,7,7,0,2,0,1,7,0,1,12000
Data Science,ENSA,Rabat,14.35,3,4,6,9,6,2,0,1,0,4,1,0,0
GINF,OFPPT,Rabat,10.79,1,9,3,5,7,7,2,1,0,8,1,0,0
Cybersécurité,FST,Agadir,12.55,3,7,10,9,6,3,1,0,0,6,1,1,10900
Réseaux & Télécoms,OFPPT,Fès,10.41,2,6,7,10,3,4,0,0,1,8,1,0,0
Réseaux & Télécoms,Privée (EMSI/IGA),Marrakech,13.17,3,9,5,9,3,7,2,1,0,7,1,1,11800
Développement Web,ENSA,Casablanca,11.51,2,9,3,4,5,1,1,0,0,5,1,0,0
GI,ENSA,Marrakech,14.49,4,8,9,4,6,3,0,0,0,7,0,0,0
Développement Web,OFPPT,Fès,15.54,4,8,7,4,10,0,0,0,0,8,1,0,0
Data Science,EST,Fès,14.26,4,7,7,9,6,3,1,0,0,7,1,1,9300
GINF,ENSA,Tanger,13.47,0,8,6,4,4,4,0,1,1,6,1,0,0
Data Science,ENSA,Marrakech,13.1,4,10,4,5,9,6,2,0,0,9,1,1,11600
Cybersécurité,ENSA,Agadir,16.73,2,10,4,9,4,0,2,1,0,9,1,0,0
Réseaux & Télécoms,OFPPT,Marrakech,11.75,1,8,10,9,10,5,2,0,1,8,0,1,8800
Développement Web,ENSA,Rabat,15.87,3,10,5,10,9,1,0,0,1,8,1,1,12000
Développement Web,FST,Casablanca,16.06,4,4,6,3,7,1,0,0,0,5,0,0,0
Développement Web,Faculté (FS),Kenitra,13.35,0,10,4,4,5,4,1,1,0,10,0,0,0
Data Science,FST,Agadir,12.38,0,8,3,6,3,0,1,0,0,6,1,0,0
Réseaux & Télécoms,ENSA,Tanger,13.76,2,8,10,4,6,1,0,0,0,4,1,1,11000
GINF,OFPPT,Casablanca,10.75,1,10,5,10,10,7,2,1,0,10,1,1,8300
Cybersécurité,ENSA,Casablanca,10.37,4,7,6,3,7,0,0,1,0,5,1,0,0
GINF,OFPPT,Kenitra,10.89,4,7,8,3,5,3,3,1,0,6,1,0,0
Data Science,OFPPT,Rabat,11.5,0,5,3,7,4,6,2,1,0,9,1,0,0
Cybersécurité,FST,Rabat,14.03,2,8,4,7,5,2,3,1,0,4,1,0,0
Développement Web,FST,Rabat,16.79,0,8,4,9,7,2,1,1,0,10,1,0,0
GI,FST,Agadir,11.89,0,9,4,4,3,2,0,0,0,9,1,0,0
Data Science,EST,Marrakech,17.48,1,8,4,4,4,1,3,0,1,8,0,0,0
Data Science,OFPPT,Casablanca,17.64,2,4,7,8,8,4,0,0,0,9,1,1,8400
Réseaux & Télécoms,OFPPT,Marrakech,17.67,1,10,8,9,4,2,3,1,0,10,1,1,8300
GINF,EST,Marrakech,16.7,2,9,5,8,3,5,0,0,0,5,1,0,0
Data Science,Faculté (FS),Rabat,12.91,4,8,5,7,10,6,2,1,0,8,1,1,10800
Data Science,Privée (EMSI/IGA),Marrakech,10.58,3,4,4,4,9,4,1,0,0,8,1,0,0
Développement Web,Privée (EMSI/IGA),Casablanca,14.55,3,5,5,8,4,6,2,1,0,10,1,1,12800
Développement Web,FST,Casablanca,14.47,2,9,8,6,7,2,1,0,0,8,0,0,0
Cybersécurité,FST,Fès,16.8,3,10,3,5,9,7,2,1,0,6,1,1,9900
GI,EST,Tanger,17.97,0,10,3,7,4,3,1,0,0,4,1,0,0
Réseaux & Télécoms,Privée (EMSI/IGA),Agadir,14.07,4,6,9,7,6,7,2,1,0,6,0,1,13100
GI,ENSA,Marrakech,12.76,4,8,5,3,5,7,0,0,0,8,1,0,0
Cybersécurité,Faculté (FS),Agadir,11.49,3,9,4,4,9,6,2,0,1,10,1,1,9600
Développement Web,EST,Agadir,10.04,2,10,6,7,7,2,3,0,0,5,0,1,8900
GINF,EST,Agadir,14.07,0,7,8,7,3,7,3,0,0,9,1,0,0
Développement Web,FST,Kenitra,14.44,2,9,4,10,7,4,0,0,0,10,1,1,8800
Réseaux & Télécoms,Privée (EMSI/IGA),Fès,16.6,3,7,7,8,6,1,0,1,0,8,0,1,11400
Développement Web,ENSA,Agadir,14.04,4,8,10,6,9,6,0,0,0,4,1,1,12000
Réseaux & Télécoms,Faculté (FS),Fès,17.33,4,4,6,9,4,7,3,0,1,6,1,0,0
Réseaux & Télécoms,ENSA,Casablanca,15.02,2,7,8,4,10,5,2,0,0,4,0,0,0
Réseaux & Télécoms,ENSA,Kenitra,16.72,1,9,7,10,4,7,0,0,0,6,0,1,9900
Cybersécurité,FST,Marrakech,11.19,2,9,5,5,8,3,2,1,0,9,1,0,0
Réseaux & Télécoms,FST,Fès,16.84,1,10,7,6,7,4,1,0,0,10,1,1,9300
Réseaux & Télécoms,EST,Tanger,15.4,2,7,5,5,4,0,2,1,0,4,1,0,0
GINF,EST,Agadir,11.36,1,5,7,3,4,2,2,1,0,4,0,0,0
GI,ENSA,Kenitra,11.52,1,10,6,7,6,3,3,1,0,6,1,0,0
Data Science,EST,Tanger,17.41,1,5,7,8,3,1,2,0,0,10,1,0,0
GI,Privée (EMSI/IGA),Casablanca,10.26,1,5,4,6,8,6,3,1,1,6,1,1,12500
Réseaux & Télécoms,Privée (EMSI/IGA),Casablanca,13.7,0,7,5,10,8,0,1,0,1,6,0,0,0
GINF,EST,Rabat,12.51,1,7,3,5,8,6,3,0,0,7,0,0,0
Développement Web,Faculté (FS),Agadir,15.32,1,9,7,4,9,2,1,0,0,9,0,0,0
GINF,Privée (EMSI/IGA),Rabat,16.72,4,8,5,3,5,3,1,0,0,4,1,0,0
Réseaux & Télécoms,ENSA,Kenitra,12.88,0,8,3,10,7,5,0,1,0,7,1,1,8600
GINF,OFPPT,Tanger,13.42,1,4,5,9,10,4,2,0,0,7,0,0,0
GINF,Privée (EMSI/IGA),Marrakech,17.86,3,7,10,3,3,6,2,1,0,8,0,1,12800
Réseaux & Télécoms,ENSA,Rabat,16.27,0,10,9,7,5,2,0,0,1,10,1,0,0
Cybersécurité,ENSA,Casablanca,17.18,4,10,5,7,3,3,0,1,0,7,1,1,12000
GINF,Privée (EMSI/IGA),Agadir,13.51,2,8,10,5,10,2,2,0,0,7,1,1,12300
Data Science,FST,Tanger,11.87,4,8,3,5,7,5,0,1,0,6,1,1,9600
Data Science,ENSA,Fès,13.29,4,5,3,3,8,3,0,1,0,6,1,0,0
GINF,EST,Kenitra,15.73,0,5,6,5,6,4,1,0,0,5,1,0,0
Cybersécurité,FST,Kenitra,10.88,0,10,8,7,6,2,0,0,1,9,0,0,0
Développement Web,Faculté (FS),Casablanca,12.16,3,10,9,3,6,6,0,1,0,10,1,0,0
Réseaux & Télécoms,OFPPT,Fès,10.37,3,5,7,3,3,3,3,0,0,4,0,0,0
Data Science,Privée (EMSI/IGA),Kenitra,13.46,0,6,7,9,7,6,2,0,0,9,1,1,10700
Développement Web,EST,Marrakech,16.62,0,8,9,4,4,0,3,1,0,7,0,0,0
GINF,FST,Agadir,10.2,0,5,5,4,10,1,0,0,0,7,0,0,0
Développement Web,FST,Marrakech,15.4,2,5,9,5,4,5,0,0,0,4,0,0,0
GI,FST,Kenitra,17.46,4,7,4,10,6,3,3,0,0,9,0,1,11000
Data Science,ENSA,Marrakech,11.9,3,10,10,5,9,6,0,0,0,6,1,1,11500
GINF,Privée (EMSI/IGA),Kenitra,15.55,3,9,4,10,3,7,1,0,0,6,0,1,11200
Réseaux & Télécoms,OFPPT,Agadir,17.8,1,5,8,7,4,7,3,1,0,4,1,1,8300
Cybersécurité,FST,Agadir,17.7,2,7,5,10,3,3,3,1,0,10,1,1,10200
GINF,Faculté (FS),Fès,11.88,0,4,6,7,7,3,2,0,1,4,1,0,0
Réseaux & Télécoms,ENSA,Marrakech,10.8,0,5,3,4,9,7,3,0,0,6,1,0,0
Cybersécurité,FST,Tanger,11.19,2,9,5,3,9,2,1,0,0,10,0,1,9400
Cybersécurité,Faculté (FS),Fès,15.62,3,7,10,6,6,5,0,1,0,4,0,0,0
GINF,FST,Agadir,15.81,0,9,7,8,5,1,3,0,0,10,0,1,9600
Développement Web,Privée (EMSI/IGA),Casablanca,15.39,1,5,4,8,6,5,3,1,0,9,1,1,12000
Développement Web,Faculté (FS),Kenitra,12.69,3,4,10,9,5,2,2,0,0,6,1,0,0
Cybersécurité,EST,Fès,11.36,4,5,4,6,9,6,2,0,0,4,1,0,0
Développement Web,OFPPT,Rabat,14.65,2,7,4,10,4,3,0,0,1,6,1,0,0
GI,ENSA,Tanger,13.87,3,4,6,9,9,5,3,0,1,5,0,1,12400
Cybersécurité,EST,Kenitra,15.83,4,4,7,5,8,3,1,0,0,6,1,1,9300
Cybersécurité,EST,Fès,13.53,1,4,6,8,5,1,0,1,0,6,0,0,0
Réseaux & Télécoms,FST,Agadir,12.71,2,6,3,9,8,0,1,1,0,7,1,1,9000
Développement Web,OFPPT,Agadir,12.35,0,7,5,8,3,2,3,1,0,9,1,0,0
Cybersécurité,FST,Tanger,11.69,0,6,5,6,10,0,0,0,0,10,0,0,0
GI,OFPPT,Rabat,12.13,4,9,9,9,9,5,2,0,0,6,1,1,10600
Réseaux & Télécoms,Faculté (FS),Fès,10.76,3,4,4,6,8,3,2,0,0,4,1,0,0
GINF,EST,Fès,12.77,1,6,9,4,5,6,1,0,0,8,0,0,0
Cybersécurité,OFPPT,Marrakech,10.29,4,5,4,3,4,6,0,0,0,4,0,0,0
GI,ENSA,Casablanca,11.49,1,6,3,7,4,3,1,0,1,7,1,0,0
Data Science,ENSA,Agadir,15.97,1,8,10,10,9,4,2,1,0,4,0,1,11300
GI,FST,Fès,12.6,1,9,6,4,6,4,3,0,0,5,1,0,0
GI,EST,Fès,15.35,2,4,8,8,4,0,2,1,0,8,1,0,0
Réseaux & Télécoms,ENSA,Kenitra,15.74,4,4,8,7,3,4,3,1,0,8,1,1,12800
GINF,Faculté (FS),Kenitra,14.65,2,10,8,4,5,6,1,0,0,10,0,1,9000
Data Science,FST,Fès,17.67,3,9,7,4,7,5,1,1,0,9,0,1,10300
Développement Web,FST,Rabat,10.17,3,9,3,6,4,7,1,0,0,7,1,0,0
Développement Web,Privée (EMSI/IGA),Casablanca,15.91,0,7,5,7,8,1,3,0,0,9,1,0,0
GI,Faculté (FS),Fès,17.67,0,5,5,4,5,5,1,0,1,8,1,0,0
Réseaux & Télécoms,OFPPT,Tanger,16.9,0,10,6,6,6,0,1,0,0,6,1,0,0
Réseaux & Télécoms,ENSA,Agadir,11.34,3,9,9,5,7,5,0,0,0,7,1,1,11300
Développement Web,Faculté (FS),Marrakech,12.61,1,10,3,7,6,4,3,0,1,9,1,0,0
Data Science,OFPPT,Kenitra,11.38,1,9,7,10,3,4,1,1,1,5,0,0,0
GINF,Faculté (FS),Tanger,14.81,4,10,3,9,6,1,1,1,0,8,0,1,9000
Data Science,OFPPT,Agadir,15.7,3,7,3,4,5,7,3,0,0,8,1,0,0
Cybersécurité,EST,Kenitra,12.54,0,9,6,8,7,5,3,0,0,7,1,1,7900
Cybersécurité,ENSA,Rabat,14.32,3,6,10,5,9,1,2,0,0,8,1,1,13300
GINF,FST,Kenitra,15.53,1,8,7,6,6,6,2,0,0,10,1,1,9700
Développement Web,EST,Casablanca,13.37,1,8,8,4,6,0,0,0,0,8,1,0,0
GINF,OFPPT,Casablanca,16.83,2,8,5,8,10,2,1,0,0,5,0,0,0
Réseaux & Télécoms,ENSA,Agadir,16.17,2,9,10,6,9,7,3,0,0,5,1,1,12200
Cybersécurité,Privée (EMSI/IGA),Tanger,10.52,4,10,4,6,8,5,1,0,1,7,1,1,12200
GI,Privée (EMSI/IGA),Marrakech,14.97,3,8,9,9,8,6,2,0,1,8,0,1,13100
GI,ENSA,Rabat,11.88,2,5,8,8,3,6,2,0,0,9,1,1,12400
Développement Web,EST,Agadir,14.46,2,6,7,6,9,5,2,0,0,10,1,1,8700
Réseaux & Télécoms,OFPPT,Rabat,17.66,3,8,5,7,9,1,3,1,0,4,1,1,9700
Data Science,Privée (EMSI/IGA),Casablanca,17.03,1,4,8,9,5,4,1,1,0,7,0,0,0
Réseaux & Télécoms,FST,Fès,13.24,4,9,10,5,6,0,3,0,0,9,1,1,12200
GI,EST,Fès,12.33,4,6,10,9,5,2,1,0,0,5,1,1,9900
GI,FST,Marrakech,11.88,4,5,6,5,4,5,0,0,0,4,0,0,0
Cybersécurité,Faculté (FS),Rabat,14.26,2,8,9,3,3,0,2,0,0,9,0,0,0
Réseaux & Télécoms,EST,Agadir,10.91,1,5,7,9,8,4,2,1,0,9,0,1,8200
Réseaux & Télécoms,OFPPT,Marrakech,14.39,4,9,7,9,9,7,2,0,0,8,1,1,9200
GI,ENSA,Kenitra,10.01,3,8,5,10,3,2,2,1,0,10,1,1,11300
Data Science,ENSA,Kenitra,12.59,4,4,5,4,3,2,3,0,0,7,1,0,0
Développement Web,EST,Tanger,11.76,0,6,3,9,5,6,2,1,0,7,0,0,0
Développement Web,EST,Fès,17.77,1,10,10,6,9,1,1,0,1,5,0,0,0
Réseaux & Télécoms,EST,Agadir,15.82,0,4,3,10,8,3,1,0,0,6,0,0,0
Développement Web,FST,Rabat,12.8,1,8,7,4,8,4,2,0,0,6,1,0,0
GI,EST,Marrakech,10.74,3,7,4,10,10,3,2,1,1,6,1,1,9100
GI,ENSA,Agadir,14.13,2,6,6,10,6,4,3,0,0,7,0,1,11400
Réseaux & Télécoms,EST,Marrakech,11.71,2,5,5,5,6,0,3,0,0,10,1,0,0
Réseaux & Télécoms,Privée (EMSI/IGA),Marrakech,14.29,1,8,3,5,5,3,1,1,0,10,0,0,0
Cybersécurité,FST,Marrakech,16.68,4,4,6,6,5,6,1,0,0,5,0,1,10600
Réseaux & Télécoms,FST,Rabat,14.93,0,9,9,7,10,5,0,0,0,5,0,1,9800
Data Science,Faculté (FS),Agadir,15.07,3,10,8,8,10,7,1,1,0,6,1,1,9500
Développement Web,Privée (EMSI/IGA),Casablanca,14.33,4,7,8,6,4,6,0,0,0,4,0,1,13100
Réseaux & Télécoms,ENSA,Casablanca,17.42,2,10,10,6,10,6,2,0,0,6,0,1,12800
GINF,Faculté (FS),Rabat,17.46,4,9,7,3,10,5,2,0,0,7,1,1,11200
Cybersécurité,OFPPT,Kenitra,14.1,0,8,5,8,7,5,2,0,0,4,1,0,0
GINF,Faculté (FS),Rabat,12.45,2,5,10,10,10,2,1,0,0,5,0,1,10400
GI,ENSA,Fès,13.68,1,4,8,10,7,1,1,0,0,8,0,0,0
Développement Web,Faculté (FS),Marrakech,11.49,3,6,9,9,10,6,2,0,0,9,1,1,10100
Réseaux & Télécoms,ENSA,Agadir,15.09,3,7,5,10,3,4,3,0,0,4,1,0,0
GINF,Faculté (FS),Agadir,14.0,2,8,3,7,6,1,2,1,0,10,1,0,0
Développement Web,OFPPT,Tanger,10.83,1,8,8,10,8,4,0,1,0,5,0,1,7100
GI,ENSA,Tanger,11.58,0,8,4,4,9,5,3,1,1,4,0,0,0
Data Science,OFPPT,Casablanca,13.84,3,8,8,8,3,2,3,0,0,6,1,0,0
Cybersécurité,ENSA,Tanger,17.1,2,4,5,7,9,2,1,1,0,4,1,0,0
Développement Web,OFPPT,Tanger,14.53,3,6,4,6,8,2,1,0,0,4,1,1,7700
Développement Web,FST,Casablanca,15.45,1,5,6,6,6,2,0,0,0,4,1,0,0
Data Science,ENSA,Fès,12.71,0,7,8,6,6,6,2,0,1,7,1,1,10900
Développement Web,ENSA,Kenitra,14.57,1,10,5,6,4,2,2,1,0,9,1,0,0
GI,Privée (EMSI/IGA),Casablanca,13.58,4,8,8,6,5,5,1,0,0,7,1,1,13500
GI,ENSA,Kenitra,15.27,1,9,8,8,9,1,1,0,0,9,1,1,10500
Data Science,ENSA,Tanger,10.4,1,8,5,9,5,0,2,1,0,6,0,0,0
Cybersécurité,EST,Agadir,13.95,3,6,4,8,5,3,3,1,0,8,1,1,9000
Réseaux & Télécoms,Faculté (FS),Tanger,12.37,1,6,3,9,7,1,0,0,1,7,0,0,0
GINF,FST,Marrakech,12.61,2,4,9,8,5,5,0,0,1,8,1,1,10300
Réseaux & Télécoms,ENSA,Kenitra,17.69,3,4,8,7,7,7,0,0,0,7,1,1,11100
Développement Web,EST,Kenitra,11.46,3,9,7,6,8,3,1,0,0,5,1,1,8800
GINF,ENSA,Marrakech,12.49,4,9,6,5,10,0,3,1,0,5,0,1,12400
Data Science,ENSA,Marrakech,14.08,2,4,5,8,3,4,0,1,0,4,1,0,0
Data Science,FST,Fès,16.9,1,7,8,5,9,6,3,0,0,8,1,1,10300
Cybersécurité,OFPPT,Rabat,13.33,4,9,9,10,10,0,1,0,0,4,0,1,10200
GINF,ENSA,Marrakech,15.95,2,4,3,3,7,0,1,0,0,9,1,0,0
GI,EST,Kenitra,16.85,4,8,5,10,6,7,2,0,0,4,1,0,0
GINF,EST,Agadir,12.48,0,4,10,4,4,5,3,0,0,7,0,0,0
Développement Web,Privée (EMSI/IGA),Kenitra,13.14,1,10,8,8,9,6,3,0,1,7,1,1,12300
GI,Privée (EMSI/IGA),Kenitra,12.85,4,7,6,5,4,4,3,0,1,4,1,0,0
Data Science,OFPPT,Fès,16.66,0,4,7,3,6,3,2,0,0,9,0,0,0
GINF,ENSA,Rabat,10.35,1,4,5,7,8,6,0,1,1,7,1,0,0
Réseaux & Télécoms,ENSA,Rabat,12.47,4,8,8,4,9,2,0,0,0,9,0,1,12600
Cybersécurité,EST,Marrakech,15.44,4,9,4,9,3,7,1,0,0,5,1,1,8700
Réseaux & Télécoms,EST,Tanger,14.52,4,8,3,10,4,4,2,0,0,5,1,1,8900
Cybersécurité,FST,Kenitra,13.49,4,10,7,6,9,4,3,0,0,8,1,1,11600
Développement Web,OFPPT,Casablanca,14.32,3,10,5,8,6,0,2,1,0,5,0,0,0
Réseaux & Télécoms,OFPPT,Tanger,11.58,4,8,8,8,4,4,1,0,1,9,1,1,9500
GINF,OFPPT,Tanger,13.45,3,4,7,6,7,6,0,1,0,4,1,0,0
GINF,EST,Rabat,14.01,3,8,4,10,8,1,0,0,0,6,0,0,0
Réseaux & Télécoms,Faculté (FS),Rabat,17.21,0,6,5,10,10,6,1,0,0,7,1,1,8400
GINF,EST,Fès,12.09,1,5,10,9,10,2,2,0,0,4,1,1,8800
Développement Web,ENSA,Fès,16.94,3,5,7,7,10,7,1,1,0,7,1,1,11300
GI,OFPPT,Rabat,15.15,2,8,5,4,4,6,3,1,0,8,0,0,0
Développement Web,ENSA,Agadir,10.16,3,9,10,8,8,0,3,0,0,4,1,1,12700
Cybersécurité,FST,Agadir,15.8,2,7,5,5,8,3,1,0,0,4,1,0,0
Développement Web,EST,Casablanca,10.28,0,10,7,10,7,3,3,0,0,4,1,1,9100
Cybersécurité,Faculté (FS),Rabat,17.98,2,8,5,9,9,3,3,1,1,8,0,1,10700
GINF,OFPPT,Marrakech,16.98,0,9,4,10,8,3,0,0,0,4,1,1,5800
GI,EST,Fès,12.38,0,8,7,4,7,3,2,0,0,7,1,0,0
GINF,OFPPT,Rabat,12.06,0,4,8,3,10,0,0,1,0,6,1,0,0
Data Science,EST,Agadir,13.05,2,10,9,9,4,1,0,0,0,4,1,0,0
GINF,FST,Rabat,12.85,2,10,7,10,4,1,2,1,0,8,1,0,0
Cybersécurité,OFPPT,Agadir,12.98,0,9,4,8,8,3,0,1,0,8,1,0,0
GINF,Faculté (FS),Rabat,12.55,0,10,4,7,7,1,3,1,0,4,1,0,0
GINF,Privée (EMSI/IGA),Kenitra,14.97,1,7,4,9,4,2,1,1,1,8,1,0,0
GI,ENSA,Marrakech,11.31,0,8,10,5,8,1,1,0,1,10,1,0,0
GINF,Faculté (FS),Casablanca,16.77,4,6,8,4,9,6,2,0,0,5,0,1,11400
GI,Faculté (FS),Kenitra,16.5,1,9,8,9,3,4,1,0,0,9,1,0,0
Réseaux & Télécoms,Privée (EMSI/IGA),Marrakech,13.81,1,5,9,4,5,3,1,1,0,8,0,0,0
Data Science,ENSA,Agadir,16.82,1,9,9,5,9,6,1,0,0,10,0,1,10700
GI,OFPPT,Fès,11.98,4,6,5,3,9,4,1,0,1,10,1,1,8900
Cybersécurité,Faculté (FS),Fès,10.14,1,10,5,3,5,4,0,1,0,6,1,0,0
Réseaux & Télécoms,EST,Tanger,14.95,1,6,6,9,6,3,3,1,0,5,0,0,0
GI,FST,Marrakech,13.66,2,10,9,4,8,5,3,0,0,7,0,0,0
GI,EST,Rabat,14.54,2,6,9,6,5,0,1,0,0,5,0,0,0
Data Science,Faculté (FS),Casablanca,17.19,0,7,5,5,3,5,2,0,0,6,1,0,0
Cybersécurité,OFPPT,Rabat,17.76,0,7,4,10,8,1,0,0,0,9,0,1,6800
Développement Web,Faculté (FS),Rabat,15.08,3,9,6,8,5,5,1,0,0,5,0,0,0
Développement Web,Faculté (FS),Marrakech,16.11,4,7,9,10,5,2,1,0,0,4,0,1,10200
GI,FST,Casablanca,10.67,2,5,4,9,3,5,2,0,0,8,0,0,0
GINF,ENSA,Tanger,11.29,0,10,3,3,10,5,0,0,0,4,1,0,0
Cybersécurité,ENSA,Kenitra,15.87,4,4,10,8,7,0,1,0,0,10,0,1,12400
Réseaux & Télécoms,FST,Rabat,13.45,1,9,9,3,10,7,2,1,0,4,1,1,11100
GINF,EST,Casablanca,13.57,4,8,8,3,10,2,0,0,0,10,1,1,10100
GINF,ENSA,Tanger,12.47,2,8,7,7,10,5,0,0,0,4,0,1,10400
Cybersécurité,FST,Kenitra,14.86,3,9,3,9,5,3,1,0,1,10,1,1,10000
GI,EST,Rabat,11.48,2,4,8,8,9,1,2,1,0,5,1,0,0
GI,EST,Casablanca,15.02,0,8,8,6,10,5,2,1,0,7,1,0,0
GI,FST,Kenitra,11.39,0,9,10,3,6,0,1,0,0,10,1,0,0
GI,ENSA,Marrakech,10.51,4,9,4,6,9,3,1,1,0,9,1,1,11200
Développement Web,Privée (EMSI/IGA),Fès,12.64,2,6,5,4,10,0,1,0,0,8,1,0,0
GI,OFPPT,Fès,11.85,0,5,7,4,5,4,2,0,0,5,1,0,0
Développement Web,OFPPT,Rabat,17.11,1,8,5,10,10,5,0,0,0,9,1,1,7500
Développement Web,ENSA,Rabat,10.44,1,5,5,10,5,1,1,0,1,4,0,0,0
GI,OFPPT,Kenitra,11.41,3,10,9,7,3,1,3,0,0,6,1,0,0
Data Science,OFPPT,Casablanca,14.39,4,9,7,10,10,7,3,0,0,6,1,1,10600
Réseaux & Télécoms,OFPPT,Fès,13.85,0,4,7,6,10,3,1,0,0,10,0,0,0
GINF,ENSA,Rabat,10.37,3,9,3,5,3,3,3,0,1,4,1,0,0
Développement Web,Faculté (FS),Tanger,10.06,1,8,4,7,8,3,0,0,0,10,1,1,7300
Cybersécurité,OFPPT,Rabat,17.9,3,5,5,3,6,1,0,0,1,7,1,0,0
Cybersécurité,Faculté (FS),Fès,15.27,3,6,10,4,4,5,3,0,0,9,1,0,0
Réseaux & Télécoms,Faculté (FS),Agadir,12.92,0,6,4,10,3,4,2,1,0,8,1,0,0
Cybersécurité,FST,Fès,13.76,0,9,4,9,10,1,1,1,1,10,0,1,8700
Data Science,FST,Tanger,12.13,0,4,10,4,4,3,2,0,0,9,1,0,0
Cybersécurité,ENSA,Casablanca,12.76,4,10,9,5,10,2,0,0,0,5,1,1,12800
GINF,Faculté (FS),Tanger,15.19,3,7,6,7,6,5,3,0,0,7,0,1,9900
GINF,ENSA,Agadir,17.06,3,8,3,6,5,7,1,1,0,6,1,1,10500
Développement Web,FST,Agadir,11.47,4,9,5,9,8,4,3,0,0,4,1,1,11200
GI,EST,Rabat,16.72,1,6,8,4,5,1,3,0,0,5,1,0,0
Data Science,FST,Rabat,10.97,2,6,7,3,9,2,2,0,0,7,0,0,0
Développement Web,ENSA,Fès,11.72,1,4,7,5,8,7,2,0,0,9,1,0,0
Data Science,Faculté (FS),Marrakech,10.3,4,6,4,5,4,5,3,1,1,7,1,0,0
GI,OFPPT,Tanger,11.13,3,8,10,8,9,7,0,0,0,7,1,1,8500
Cybersécurité,ENSA,Fès,17.34,3,4,3,5,6,6,1,1,0,9,0,0,0
Cybersécurité,ENSA,Marrakech,13.68,0,5,3,3,6,6,3,1,0,5,1,0,0
GI,ENSA,Fès,10.62,0,4,5,5,3,4,3,1,0,10,0,0,0
Développement Web,OFPPT,Agadir,17.68,3,10,5,10,10,6,3,1,0,8,1,1,8700
GI,FST,Rabat,17.03,3,8,4,6,4,1,3,0,0,9,1,0,0
Réseaux & Télécoms,FST,Rabat,16.04,0,10,4,8,8,6,2,0,0,5,1,1,9600
GINF,ENSA,Fès,17.47,0,8,4,10,3,5,2,0,0,9,1,0,0
Développement Web,Faculté (FS),Rabat,11.76,1,5,6,6,4,5,0,0,0,4,1,0,0
Data Science,OFPPT,Casablanca,16.69,3,9,3,9,9,3,1,0,0,5,0,1,8500
Réseaux & Télécoms,OFPPT,Fès,15.52,3,4,4,7,3,1,3,0,0,7,1,0,0
Développement Web,Faculté (FS),Agadir,16.96,4,8,9,7,3,5,0,0,0,8,1,0,0
GI,ENSA,Kenitra,16.38,1,8,3,9,6,4,2,0,0,8,0,0,0
GI,ENSA,Fès,12.77,2,5,8,10,6,3,1,0,1,4,1,1,11500
GI,ENSA,Fès,16.2,2,7,7,9,5,5,0,1,0,4,1,1,10400
GI,EST,Rabat,12.1,2,4,7,10,5,0,1,1,1,6,1,0,0
Data Science,ENSA,Agadir,12.63,0,8,3,10,6,7,1,1,0,6,1,0,0
Réseaux & Télécoms,EST,Fès,10.86,2,6,8,6,6,2,1,0,0,6,0,0,0
Cybersécurité,EST,Rabat,17.48,4,5,7,3,9,5,2,0,0,5,1,0,0
GINF,Privée (EMSI/IGA),Tanger,12.33,0,7,7,8,10,6,3,0,1,8,1,1,11600
Data Science,Faculté (FS),Agadir,14.16,0,7,7,7,3,3,1,0,0,4,0,0,0
Data Science,OFPPT,Marrakech,13.13,2,5,5,10,5,3,0,0,0,10,1,0,0
Cybersécurité,OFPPT,Casablanca,17.68,0,7,8,5,6,4,1,1,0,6,1,0,0
Cybersécurité,ENSA,Marrakech,12.68,1,8,10,9,4,5,1,0,0,4,1,1,10900
GINF,OFPPT,Kenitra,16.23,1,7,5,6,4,5,2,0,0,6,1,0,0
GINF,EST,Agadir,16.84,2,4,3,4,5,4,0,1,0,5,1,0,0
Cybersécurité,Faculté (FS),Fès,13.48,4,6,3,3,4,2,1,1,0,9,0,0,0
GI,EST,Rabat,13.03,0,8,6,3,8,7,2,1,0,5,1,0,0
Data Science,Privée (EMSI/IGA),Kenitra,15.98,3,5,10,6,3,4,2,0,0,7,0,0,0
Développement Web,EST,Agadir,17.3,2,6,5,10,5,3,3,1,0,4,1,0,0
GINF,EST,Casablanca,16.04,0,9,3,4,8,2,3,0,0,10,1,0,0
GINF,Privée (EMSI/IGA),Agadir,11.82,2,8,10,3,6,6,3,0,0,9,1,1,12700
Cybersécurité,ENSA,Kenitra,17.11,2,6,5,8,9,2,1,0,1,9,1,1,10900
Réseaux & Télécoms,Faculté (FS),Rabat,13.1,4,7,6,7,9,1,1,0,0,7,0,0,0
Développement Web,OFPPT,Marrakech,14.61,3,9,3,8,8,3,1,1,0,9,0,0,0
Développement Web,OFPPT,Tanger,16.65,0,5,3,4,4,3,2,1,0,5,0,0,0
GINF,Privée (EMSI/IGA),Marrakech,11.51,2,5,3,8,3,4,1,0,0,9,1,0,0
GI,Privée (EMSI/IGA),Rabat,16.28,2,4,3,5,6,3,2,0,0,10,0,0,0
Réseaux & Télécoms,ENSA,Kenitra,14.77,0,7,4,9,7,5,0,0,0,5,1,0,0
Développement Web,OFPPT,Rabat,17.15,2,4,8,9,3,4,1,0,0,9,0,0,0
GINF,Faculté (FS),Casablanca,11.38,2,4,8,7,10,6,0,0,0,9,1,1,9600
Développement Web,Faculté (FS),Agadir,13.37,2,7,5,4,4,3,3,0,0,4,0,0,0
Réseaux & Télécoms,ENSA,Agadir,16.66,1,8,5,6,3,5,0,0,0,10,1,0,0
Réseaux & Télécoms,Faculté (FS),Marrakech,10.15,1,9,10,10,9,1,0,1,1,7,1,1,9000
Data Science,Privée (EMSI/IGA),Kenitra,10.9,3,10,10,3,7,3,2,0,0,9,1,0,0
Cybersécurité,Privée (EMSI/IGA),Tanger,17.92,4,4,5,7,10,1,2,1,1,10,0,1,12800
Cybersécurité,FST,Tanger,12.24,0,6,6,6,7,6,2,0,0,9,1,0,0
GINF,ENSA,Casablanca,17.8,4,9,9,4,3,3,2,0,0,7,1,0,0
Réseaux & Télécoms,EST,Rabat,11.46,4,8,4,5,9,7,3,1,0,7,1,1,10500
Data Science,OFPPT,Casablanca,12.89,1,7,9,3,6,3,0,0,0,4,1,0,0
Data Science,OFPPT,Agadir,16.02,3,5,5,3,9,0,3,1,0,4,1,0,0
Développement Web,FST,Fès,15.26,4,8,10,7,8,6,3,1,0,4,1,1,12200
Développement Web,ENSA,Fès,14.65,4,4,10,6,6,5,2,0,0,8,1,1,12800
Data Science,FST,Fès,14.24,2,6,5,9,7,7,0,0,0,9,0,1,9000
Développement Web,FST,Rabat,16.75,0,9,3,4,5,3,0,1,0,10,1,0,0
Réseaux & Télécoms,Privée (EMSI/IGA),Casablanca,11.88,3,7,10,4,5,1,3,0,0,5,0,0,0
GI,Faculté (FS),Kenitra,13.54,0,5,9,6,6,2,2,0,1,8,1,0,0
Réseaux & Télécoms,EST,Marrakech,11.24,1,9,10,3,5,1,3,1,1,8,1,0,0
Data Science,FST,Agadir,14.77,4,6,3,10,6,5,0,0,0,5,1,0,0
Data Science,ENSA,Fès,12.0,4,10,10,6,4,3,2,0,0,9,1,1,12800
Réseaux & Télécoms,Privée (EMSI/IGA),Kenitra,12.67,0,5,9,8,10,4,3,0,0,6,1,1,11500
Développement Web,EST,Tanger,13.77,1,7,9,9,6,0,0,0,0,6,1,0,0
Développement Web,FST,Casablanca,10.21,2,9,3,4,4,4,1,0,1,6,1,0,0
Cybersécurité,EST,Agadir,10.74,2,8,5,10,8,0,2,0,0,10,1,1,8300
Data Science,Faculté (FS),Agadir,15.49,4,4,3,6,7,0,0,0,0,4,1,0,0
GINF,Faculté (FS),Tanger,13.43,4,7,5,3,5,7,2,0,0,4,1,0,0
Cybersécurité,OFPPT,Tanger,16.92,3,6,9,7,8,4,0,1,1,7,1,1,8800
Développement Web,EST,Tanger,15.56,0,8,6,10,8,5,2,0,0,10,1,1,7500
Réseaux & Télécoms,EST,Fès,10.06,4,9,6,8,9,3,1,1,1,10,1,1,9600
Développement Web,ENSA,Fès,14.93,1,5,7,3,9,1,3,0,0,7,1,0,0
Réseaux & Télécoms,Faculté (FS),Casablanca,10.75,0,8,10,5,7,4,3,1,0,8,1,1,10200
Cybersécurité,ENSA,Tanger,16.25,3,8,4,5,3,2,3,0,0,7,0,0,0
Data Science,Faculté (FS),Marrakech,17.93,2,6,3,6,10,0,1,0,0,4,1,0,0
Développement Web,OFPPT,Agadir,14.25,3,4,8,9,3,7,2,1,1,8,0,0,0
Réseaux & Télécoms,OFPPT,Tanger,15.46,0,10,3,9,8,1,2,0,0,7,0,0,0
Data Science,FST,Agadir,11.9,2,8,4,3,8,6,0,1,0,7,1,0,0
GINF,FST,Rabat,13.5,1,8,10,3,9,6,0,0,0,10,0,1,10500
Réseaux & Télécoms,ENSA,Kenitra,16.85,2,4,10,4,7,2,2,1,0,6,1,1,11800
Cybersécurité,Faculté (FS),Rabat,11.34,2,4,9,7,10,1,1,0,0,4,1,0,0
GINF,OFPPT,Tanger,12.12,1,5,4,8,6,3,1,0,0,8,1,0,0
GINF,ENSA,Agadir,13.56,4,9,9,3,6,2,3,0,0,5,1,1,13000
GI,FST,Kenitra,15.7,4,5,7,10,10,5,3,0,0,9,1,1,11600
Développement Web,OFPPT,Rabat,13.01,2,4,4,8,5,5,3,0,0,7,0,0,0
Réseaux & Télécoms,OFPPT,Tanger,17.42,2,10,5,6,7,4,2,0,0,4,1,0,0
GINF,ENSA,Agadir,10.76,3,7,3,4,3,1,0,1,0,8,0,0,0
GI,Faculté (FS),Tanger,12.97,4,4,4,9,7,7,2,0,0,9,1,1,9600
Cybersécurité,ENSA,Fès,15.67,1,5,5,8,7,7,2,1,0,10,1,1,10300
Data Science,ENSA,Agadir,11.81,2,6,4,8,10,6,1,1,0,4,1,0,0
Réseaux & Télécoms,Privée (EMSI/IGA),Rabat,15.25,2,6,8,8,10,5,1,0,0,4,1,1,12500
GINF,OFPPT,Tanger,11.31,3,9,5,8,9,5,0,0,0,8,1,1,7500
Développement Web,OFPPT,Rabat,10.45,3,8,6,8,5,4,0,0,0,6,1,0,0
GI,ENSA,Tanger,10.97,3,10,10,9,6,4,2,0,0,9,1,1,12300
GINF,OFPPT,Casablanca,17.44,0,6,5,4,8,5,2,1,0,6,1,0,0
Développement Web,FST,Rabat,14.41,1,5,7,6,3,1,2,0,0,7,0,0,0
GINF,EST,Rabat,16.37,0,6,9,8,5,1,2,0,0,6,1,0,0
Réseaux & Télécoms,FST,Marrakech,12.66,2,10,5,8,10,0,1,0,0,7,1,0,0
Réseaux & Télécoms,ENSA,Kenitra,14.74,3,10,4,6,3,0,3,0,0,7,1,0,0
Réseaux & Télécoms,OFPPT,Fès,13.96,3,7,6,3,3,7,3,0,0,8,0,0,0
Cybersécurité,Faculté (FS),Rabat,17.57,3,4,10,3,6,2,3,0,0,4,1,0,0
Cybersécurité,ENSA,Agadir,15.98,4,4,10,9,8,6,0,1,0,5,1,1,12000
GI,ENSA,Kenitra,15.84,1,5,6,4,8,2,0,0,0,10,0,0,0
Réseaux & Télécoms,ENSA,Tanger,10.37,0,8,5,4,9,2,0,0,0,5,1,0,0
Développement Web,ENSA,Casablanca,14.4,1,10,4,7,6,0,0,1,0,6,1,0,0
GINF,Faculté (FS),Agadir,13.74,3,4,10,4,5,4,1,0,1,8,1,1,10400
Data Science,OFPPT,Kenitra,17.42,2,6,6,9,4,5,2,0,0,5,1,1,8000
Développement Web,ENSA,Agadir,12.06,4,10,8,6,5,3,0,0,0,10,0,0,0
Cybersécurité,ENSA,Agadir,12.16,1,7,5,8,5,3,3,0,0,4,1,0,0
Cybersécurité,Faculté (FS),Agadir,13.29,2,8,5,6,4,6,0,0,0,7,0,0,0
Développement Web,OFPPT,Kenitra,11.95,3,8,9,9,3,5,3,0,0,7,0,0,0
Cybersécurité,EST,Casablanca,11.03,3,8,10,7,7,1,2,0,1,8,1,1,11300
Réseaux & Télécoms,EST,Marrakech,16.86,3,4,10,5,4,0,1,0,1,6,1,0,0
GI,Faculté (FS),Fès,14.47,3,9,10,9,7,1,1,0,0,4,0,1,9900
GINF,EST,Rabat,16.89,4,8,5,9,10,7,0,0,0,10,0,1,9500
GI,ENSA,Kenitra,16.65,4,5,6,5,3,3,0,1,0,6,1,0,0
GINF,OFPPT,Agadir,12.26,1,6,3,6,4,1,3,1,0,10,0,0,0
GINF,Faculté (FS),Rabat,14.38,3,9,4,5,6,0,0,1,0,6,1,0,0
GI,Faculté (FS),Kenitra,10.67,4,7,7,9,5,7,1,0,0,8,1,1,9800
Développement Web,OFPPT,Rabat,17.32,2,6,7,9,4,0,0,0,0,7,1,0,0
GINF,Faculté (FS),Agadir,13.23,4,5,10,5,4,0,3,0,0,6,0,0,0
GI,ENSA,Marrakech,13.15,4,5,4,10,3,3,2,1,0,10,1,1,11600
GINF,EST,Kenitra,12.42,1,10,3,9,6,0,1,0,0,6,1,0,0
Data Science,ENSA,Rabat,13.69,4,9,9,7,4,2,1,1,0,4,0,1,13200
Développement Web,ENSA,Tanger,12.01,2,6,9,9,10,2,2,1,0,9,1,1,11600
Réseaux & Télécoms,Faculté (FS),Rabat,13.0,3,4,9,9,6,6,2,0,0,7,1,1,11100
GINF,OFPPT,Fès,16.4,0,10,9,8,7,5,1,0,0,6,0,0,0
Data Science,Privée (EMSI/IGA),Agadir,16.67,1,5,4,4,4,7,3,0,0,9,0,0,0
Réseaux & Télécoms,Faculté (FS),Casablanca,12.43,2,8,5,4,10,6,3,0,1,5,1,1,10700
Réseaux & Télécoms,ENSA,Rabat,13.75,1,7,8,5,6,0,0,0,0,10,0,0,0
GINF,ENSA,Marrakech,16.99,3,7,4,3,5,2,3,0,0,9,0,0,0
GI,OFPPT,Tanger,10.42,4,5,4,7,3,0,1,0,0,5,1,0,0
GINF,Faculté (FS),Tanger,17.11,4,8,8,8,8,3,0,0,0,10,1,1,9600
Data Science,Faculté (FS),Casablanca,11.75,2,6,6,8,6,2,3,1,1,7,1,1,10900
Réseaux & Télécoms,OFPPT,Fès,15.43,3,7,7,5,3,3,2,1,0,7,1,0,0
GINF,OFPPT,Casablanca,14.66,0,8,10,3,8,2,3,1,0,8,1,0,0
GI,OFPPT,Fès,14.42,0,8,7,3,10,4,0,0,0,9,1,0,0
GINF,ENSA,Rabat,16.87,4,4,10,8,4,4,2,0,0,10,1,1,13800
Développement Web,OFPPT,Agadir,10.81,3,5,5,7,4,5,0,0,0,6,1,0,0
GI,OFPPT,Marrakech,12.78,3,8,8,4,7,5,0,0,0,5,1,1,8100
Data Science,EST,Tanger,14.31,2,10,9,8,3,5,2,0,0,9,1,1,9100
Réseaux & Télécoms,Faculté (FS),Casablanca,16.49,0,6,9,10,5,6,0,0,0,5,1,1,8800
GINF,EST,Marrakech,11.73,2,7,5,10,9,3,1,0,0,10,1,1,7900
GI,Privée (EMSI/IGA),Fès,16.42,1,10,6,9,5,2,0,0,0,7,1,1,10200
Développement Web,ENSA,Agadir,13.2,3,4,5,8,6,4,1,0,0,10,1,1,10900
GI,Faculté (FS),Tanger,11.51,0,6,8,9,5,7,2,1,0,7,0,0,0
Cybersécurité,ENSA,Tanger,16.07,2,7,8,6,8,0,0,1,0,4,1,0,0
Développement Web,OFPPT,Fès,10.73,4,5,3,3,3,1,3,1,0,4,0,0,0
Data Science,ENSA,Agadir,14.12,1,6,6,6,4,4,0,0,0,10,1,0,0
Réseaux & Télécoms,ENSA,Tanger,10.51,2,7,8,10,3,6,1,1,0,7,1,1,11000
Data Science,FST,Agadir,12.85,4,4,8,6,3,4,1,0,0,4,1,0,0
GINF,Privée (EMSI/IGA),Tanger,14.81,0,10,6,7,4,0,3,0,0,7,1,0,0
GI,ENSA,Rabat,14.45,0,7,9,10,8,4,2,1,1,9,0,1,12100
Cybersécurité,ENSA,Fès,13.24,1,8,4,8,10,7,1,0,1,7,1,1,10200
Développement Web,OFPPT,Agadir,13.43,4,4,9,4,3,4,1,1,0,8,1,0,0
Développement Web,FST,Marrakech,11.81,3,6,4,10,5,4,1,0,0,4,0,0,0
GI,Privée (EMSI/IGA),Rabat,13.65,0,9,3,9,6,5,0,0,0,6,1,0,0
Cybersécurité,ENSA,Kenitra,17.63,3,5,9,9,9,5,0,0,1,6,1,1,11800
GI,Faculté (FS),Marrakech,16.8,3,10,8,7,6,2,0,1,0,9,1,1,9100
GINF,ENSA,Fès,11.16,2,4,6,3,3,5,0,0,0,8,0,0,0
Data Science,ENSA,Tanger,10.24,2,10,6,4,8,4,0,1,0,10,1,0,0
Développement Web,Faculté (FS),Kenitra,17.47,0,4,10,8,4,1,3,0,0,6,0,0,0
GINF,Faculté (FS),Marrakech,14.21,3,4,4,10,7,7,1,0,0,6,1,1,8700
Data Science,OFPPT,Rabat,14.3,2,7,9,5,8,6,3,1,0,9,1,1,10000
GINF,EST,Kenitra,16.25,4,8,7,4,3,5,1,0,0,9,1,1,9300
Cybersécurité,FST,Kenitra,12.52,4,9,7,9,3,2,0,0,0,8,1,0,0
Développement Web,FST,Agadir,13.86,4,5,8,7,7,6,0,0,0,5,1,1,10600
GI,Privée (EMSI/IGA),Casablanca,17.75,4,10,4,7,6,2,2,0,1,8,0,1,13600
GI,EST,Marrakech,15.38,3,5,8,6,8,3,2,0,1,8,1,0,0
Data Science,EST,Casablanca,11.23,4,8,5,10,6,4,3,0,1,4,1,1,11200
Réseaux & Télécoms,EST,Fès,11.07,3,7,6,8,9,7,1,1,0,6,0,1,8600
Cybersécurité,Faculté (FS),Marrakech,11.63,0,7,9,5,7,6,3,0,0,10,1,1,9000
Data Science,EST,Marrakech,16.13,0,8,9,8,4,1,2,1,0,6,0,0,0
Réseaux & Télécoms,Privée (EMSI/IGA),Agadir,12.36,4,10,8,4,9,1,1,0,0,5,1,0,0
GINF,EST,Tanger,10.17,4,8,3,5,3,3,3,0,0,10,1,0,0
Cybersécurité,OFPPT,Rabat,17.55,4,6,9,8,5,1,2,0,0,8,1,1,10600
GINF,ENSA,Rabat,11.36,0,7,7,6,6,6,0,0,1,7,1,0,0
Développement Web,Faculté (FS),Rabat,10.08,2,10,8,5,6,2,3,0,0,5,1,0,0
Cybersécurité,Privée (EMSI/IGA),Fès,11.9,0,4,5,5,8,0,0,0,1,5,1,0,0
Réseaux & Télécoms,ENSA,Kenitra,11.88,4,5,6,4,9,2,3,0,0,6,1,0,0
Développement Web,Privée (EMSI/IGA),Tanger,13.38,2,7,10,5,9,5,1,0,0,6,0,1,11900
GI,FST,Casablanca,17.36,2,8,9,6,6,0,1,0,0,6,0,0,0
Réseaux & Télécoms,Privée (EMSI/IGA),Rabat,17.03,1,4,10,10,10,1,1,1,0,6,1,1,12400
Data Science,Faculté (FS),Casablanca,13.66,3,6,5,3,4,7,1,1,1,5,0,0,0
GI,EST,Tanger,13.29,4,9,10,3,7,4,2,1,0,9,0,1,10300
GI,ENSA,Fès,14.44,3,6,8,7,4,6,0,0,0,8,1,1,11100
Data Science,EST,Tanger,11.95,1,4,6,3,6,0,2,1,0,9,0,0,0
Cybersécurité,ENSA,Agadir,10.42,3,10,6,4,8,2,3,1,1,9,1,1,12400
GI,ENSA,Kenitra,17.51,4,10,4,7,3,2,3,0,0,6,1,0,0
Réseaux & Télécoms,ENSA,Rabat,11.49,1,4,4,3,6,5,0,1,1,4,1,0,0
Développement Web,FST,Fès,11.59,3,10,10,3,3,2,0,0,0,5,1,0,0
GI,OFPPT,Agadir,13.78,0,8,3,7,8,6,2,0,1,10,0,0,0
Réseaux & Télécoms,ENSA,Rabat,13.93,2,10,3,4,3,6,1,0,0,10,1,1,11000
GINF,ENSA,Tanger,10.15,1,9,9,7,6,5,2,0,0,7,0,1,11100
Réseaux & Télécoms,Faculté (FS),Tanger,11.18,0,8,10,9,6,2,2,0,0,7,1,1,8800
Développement Web,ENSA,Marrakech,13.03,4,5,5,10,3,3,3,1,0,8,1,0,0
Réseaux & Télécoms,ENSA,Marrakech,15.47,2,10,4,9,4,1,2,0,1,5,1,0,0
Data Science,ENSA,Tanger,11.83,1,9,6,4,4,7,0,0,0,5,0,0,0
Développement Web,Privée (EMSI/IGA),Tanger,13.38,2,9,4,4,8,4,1,0,0,5,1,0,0
Cybersécurité,OFPPT,Casablanca,14.46,1,5,10,8,4,5,3,0,0,9,1,1,9700
GINF,EST,Kenitra,17.11,1,6,6,6,9,3,0,1,1,4,1,0,0
Data Science,Faculté (FS),Casablanca,12.61,3,4,4,3,5,1,3,0,0,10,1,0,0
Cybersécurité,FST,Kenitra,11.07,2,6,6,8,3,6,2,0,0,10,0,0,0
Réseaux & Télécoms,Faculté (FS),Agadir,13.91,2,10,10,3,5,5,2,1,0,4,1,0,0
Développement Web,Faculté (FS),Marrakech,15.97,0,10,5,8,5,0,0,0,1,9,0,0,0
GINF,Faculté (FS),Marrakech,10.88,4,8,4,10,9,3,0,1,0,6,1,1,8800
Data Science,EST,Tanger,13.4,0,7,7,5,3,5,3,0,0,9,0,0,0
Cybersécurité,ENSA,Tanger,10.14,3,10,7,9,5,6,1,0,0,7,1,1,11300
Cybersécurité,FST,Agadir,10.27,1,10,6,10,8,3,3,1,1,10,1,1,10400
GINF,OFPPT,Fès,13.86,3,8,5,7,8,3,2,0,0,9,1,1,8300
Réseaux & Télécoms,Faculté (FS),Fès,12.39,3,7,6,8,3,3,0,0,0,4,0,0,0
GINF,OFPPT,Fès,16.76,0,4,5,9,7,0,0,1,0,7,1,0,0
Cybersécurité,Privée (EMSI/IGA),Marrakech,14.82,1,4,10,6,7,2,3,0,0,9,0,0,0
GI,ENSA,Casablanca,13.63,4,9,3,3,10,6,0,0,0,5,1,0,0
Data Science,Faculté (FS),Fès,13.26,3,4,4,5,9,3,0,1,0,4,1,0,0
GINF,Faculté (FS),Rabat,13.98,4,5,5,6,3,1,2,0,0,7,1,1,10800
Cybersécurité,Privée (EMSI/IGA),Agadir,10.32,1,5,10,4,3,7,1,0,0,4,1,0,0
Réseaux & Télécoms,Privée (EMSI/IGA),Fès,17.14,1,7,6,10,3,2,0,0,0,5,1,0,0
Cybersécurité,Faculté (FS),Rabat,17.99,0,6,9,3,4,0,0,0,0,5,1,0,0
Réseaux & Télécoms,ENSA,Fès,11.45,2,9,9,9,3,4,3,1,1,5,1,1,12500
GINF,OFPPT,Casablanca,10.96,0,6,3,8,8,7,1,0,0,6,1,0,0
Réseaux & Télécoms,ENSA,Casablanca,11.15,4,7,9,7,8,0,2,0,0,9,0,1,13600
Développement Web,OFPPT,Fès,15.29,0,5,6,6,6,4,0,1,1,7,1,0,0
Développement Web,Privée (EMSI/IGA),Rabat,15.29,1,8,7,9,7,1,1,1,0,10,1,1,11800
Développement Web,EST,Agadir,16.78,3,10,7,5,10,4,1,0,0,6,1,1,8800
GI,Faculté (FS),Rabat,16.01,2,9,4,7,7,5,3,0,0,10,1,1,10000
GINF,FST,Agadir,13.6,1,7,8,4,9,3,2,1,0,8,1,0,0
Cybersécurité,FST,Fès,14.9,3,6,4,7,3,2,1,0,0,8,1,0,0
Cybersécurité,EST,Agadir,15.51,4,7,9,9,7,6,2,0,0,10,0,1,10100
GI,OFPPT,Tanger,14.1,4,7,3,9,3,5,1,0,0,10,0,1,8000
Réseaux & Télécoms,Privée (EMSI/IGA),Marrakech,13.81,4,4,9,5,3,2,0,0,0,10,1,0,0
GI,Privée (EMSI/IGA),Kenitra,15.16,0,5,7,4,7,3,2,1,1,4,1,0,0
Réseaux & Télécoms,ENSA,Marrakech,14.46,4,9,10,5,7,2,3,1,0,4,0,1,13200
Réseaux & Télécoms,OFPPT,Casablanca,15.15,4,4,5,9,6,0,1,0,1,4,1,1,9900
Data Science,OFPPT,Tanger,14.9,0,5,7,3,9,3,0,1,1,10,1,0,0
Cybersécurité,EST,Marrakech,15.75,3,7,8,5,10,3,1,0,0,6,1,1,9000
Développement Web,ENSA,Fès,15.14,1,5,4,10,5,2,0,0,1,9,1,0,0
Réseaux & Télécoms,EST,Agadir,14.16,2,6,6,7,6,6,2,1,1,5,1,0,0
Data Science,Privée (EMSI/IGA),Agadir,15.45,4,9,9,9,6,5,3,0,0,4,1,1,13500
Cybersécurité,Faculté (FS),Rabat,13.6,4,4,3,3,7,4,0,1,1,4,0,0,0
Développement Web,OFPPT,Rabat,11.93,4,9,8,3,10,6,1,0,0,9,1,1,10000
Réseaux & Télécoms,EST,Agadir,10.01,0,7,7,6,9,6,0,0,1,8,1,0,0
Réseaux & Télécoms,OFPPT,Fès,14.48,0,6,5,7,8,1,0,1,0,10,1,0,0
GI,ENSA,Agadir,14.73,0,5,8,7,9,6,3,0,0,5,1,0,0
GI,EST,Rabat,17.78,2,10,10,4,6,4,2,0,0,6,1,0,0
Cybersécurité,Faculté (FS),Marrakech,12.89,1,5,10,5,8,0,0,0,0,9,0,0,0
Développement Web,ENSA,Casablanca,13.15,4,6,5,8,7,3,0,1,0,5,1,1,12000
Réseaux & Télécoms,OFPPT,Rabat,11.61,3,10,5,5,4,3,1,0,0,8,1,0,0
Cybersécurité,ENSA,Fès,10.56,4,5,3,7,3,0,1,1,1,6,1,0,0
Cybersécurité,Faculté (FS),Marrakech,16.18,4,4,10,5,5,1,2,0,0,10,1,0,0
GINF,FST,Marrakech,12.0,4,8,5,7,8,3,2,0,0,7,1,1,10800
GI,Faculté (FS),Marrakech,14.87,4,5,5,9,4,4,2,1,0,10,1,1,9800
Développement Web,ENSA,Tanger,15.5,1,7,10,3,8,0,1,0,0,10,0,0,0
Réseaux & Télécoms,ENSA,Tanger,13.77,3,5,7,5,3,3,0,0,0,4,1,0,0
Cybersécurité,Privée (EMSI/IGA),Kenitra,17.01,0,9,3,9,3,4,2,1,0,6,1,0,0
Réseaux & Télécoms,EST,Marrakech,13.55,3,7,10,5,9,0,1,0,0,8,1,0,0
GINF,OFPPT,Fès,12.28,4,5,10,7,5,0,1,0,0,5,1,0,0
Développement Web,Privée (EMSI/IGA),Agadir,17.17,3,5,6,9,6,0,2,1,1,6,1,0,0
Cybersécurité,ENSA,Fès,16.89,4,7,10,7,3,7,1,1,0,8,0,1,12400
Réseaux & Télécoms,EST,Tanger,11.31,3,4,6,4,5,1,0,0,0,9,0,0,0
GI,Faculté (FS),Rabat,10.21,2,10,5,5,8,0,3,0,0,10,0,1,10200
GINF,Privée (EMSI/IGA),Kenitra,10.72,3,10,8,6,8,6,1,1,0,6,1,1,12000
Développement Web,Privée (EMSI/IGA),Tanger,12.29,0,8,10,10,8,5,1,0,0,4,1,1,10900
GINF,FST,Agadir,17.78,0,8,4,7,9,2,3,0,1,9,1,0,0
GI,OFPPT,Casablanca,14.47,3,10,3,6,8,2,0,0,0,5,0,1,8100
Développement Web,ENSA,Kenitra,12.99,3,4,9,3,8,0,2,0,0,9,0,0,0
GINF,Privée (EMSI/IGA),Tanger,17.11,1,5,4,3,7,3,1,1,0,5,1,0,0
Data Science,Privée (EMSI/IGA),Fès,13.63,3,8,3,10,3,6,0,0,0,6,1,0,0
GI,ENSA,Kenitra,12.52,0,4,3,6,9,6,2,0,0,9,1,0,0
GI,EST,Fès,17.53,2,4,7,8,3,2,0,1,0,8,1,0,0
GI,ENSA,Marrakech,16.8,0,8,10,3,6,4,3,1,0,4,1,0,0
Data Science,EST,Marrakech,16.75,1,10,5,6,9,4,1,0,0,10,1,1,7400
Data Science,OFPPT,Marrakech,14.1,3,7,7,4,10,3,0,0,0,4,1,1,7900
Réseaux & Télécoms,EST,Kenitra,16.32,2,6,10,4,6,4,2,1,1,6,1,0,0
Cybersécurité,ENSA,Casablanca,11.43,0,10,8,3,9,5,2,1,1,7,1,1,11900
GINF,EST,Agadir,14.59,2,7,9,9,7,3,2,0,0,9,0,1,9100
Réseaux & Télécoms,Privée (EMSI/IGA),Kenitra,17.87,4,10,4,6,3,4,3,0,0,6,1,0,0
GINF,Faculté (FS),Rabat,12.33,0,5,4,6,9,0,0,0,0,9,1,0,0
Cybersécurité,FST,Fès,16.35,4,7,6,10,6,6,0,0,0,4,1,1,10200
Data Science,ENSA,Fès,13.92,2,9,8,10,9,4,2,0,1,10,1,1,11900
Cybersécurité,Privée (EMSI/IGA),Kenitra,10.32,3,6,9,6,5,6,2,1,1,9,1,1,13100
Data Science,OFPPT,Kenitra,16.1,3,10,8,10,8,0,2,0,0,10,1,1,8900
Cybersécurité,EST,Agadir,11.35,3,6,10,8,8,4,3,0,0,5,1,0,0
Réseaux & Télécoms,ENSA,Casablanca,15.05,4,4,7,3,10,4,3,0,0,6,1,1,13600
Développement Web,ENSA,Kenitra,10.69,3,9,10,8,3,4,1,0,0,10,1,1,11900
Réseaux & Télécoms,ENSA,Marrakech,17.57,1,5,7,6,8,0,1,0,0,10,1,0,0
GINF,Faculté (FS),Agadir,12.33,0,4,8,7,8,7,1,0,1,6,0,1,8500
Réseaux & Télécoms,Privée (EMSI/IGA),Rabat,11.81,0,7,7,6,10,4,2,0,0,5,0,0,0
GI,FST,Marrakech,11.03,2,7,6,7,5,4,3,1,0,9,0,0,0
GINF,OFPPT,Rabat,17.57,4,8,10,4,4,6,3,1,0,10,1,1,11200
Cybersécurité,FST,Tanger,15.7,0,4,9,7,7,5,1,0,1,6,1,0,0
GINF,OFPPT,Rabat,15.93,4,9,9,4,6,1,2,1,1,8,1,1,11100
Développement Web,OFPPT,Marrakech,14.0,2,4,7,10,4,7,0,0,1,5,0,1,7900
Data Science,ENSA,Tanger,13.8,3,4,7,3,6,0,2,1,0,5,0,0,0
Cybersécurité,EST,Marrakech,10.88,2,4,9,9,4,5,2,1,0,9,1,1,9100
GINF,Faculté (FS),Fès,14.48,1,6,8,9,8,2,1,0,0,5,0,0,0
Cybersécurité,ENSA,Marrakech,11.98,3,8,9,8,6,6,3,1,0,4,1,1,12500
Cybersécurité,EST,Tanger,17.82,3,10,8,8,7,3,3,0,0,6,1,0,0
Cybersécurité,FST,Rabat,16.37,3,5,7,4,3,6,0,0,1,7,1,0,0
Data Science,Privée (EMSI/IGA),Fès,13.3,2,5,7,4,5,1,3,0,1,6,1,0,0
Réseaux & Télécoms,FST,Casablanca,11.21,1,5,10,6,4,5,3,1,0,6,1,0,0
Cybersécurité,OFPPT,Casablanca,16.28,4,6,10,5,5,5,0,0,0,4,1,0,0
GI,FST,Casablanca,10.98,2,8,8,4,10,4,0,0,0,8,1,1,10600
Développement Web,OFPPT,Casablanca,11.51,0,9,4,7,5,2,1,0,0,10,1,0,0
Data Science,Faculté (FS),Agadir,11.69,0,8,5,3,6,2,1,0,0,8,1,0,0
GINF,OFPPT,Casablanca,14.46,2,6,4,10,3,4,1,1,0,4,0,0,0
Data Science,FST,Tanger,16.3,4,9,7,8,6,5,1,0,1,4,1,1,11300
GINF,Faculté (FS),Kenitra,12.51,0,4,3,7,10,6,3,0,1,4,0,1,8300
Data Science,Faculté (FS),Casablanca,10.68,4,7,3,8,5,5,1,0,0,6,1,0,0
GINF,FST,Marrakech,13.72,3,4,6,3,8,4,2,0,1,4,0,0,0
Cybersécurité,ENSA,Kenitra,15.98,2,5,4,10,9,1,0,0,0,7,1,0,0
Réseaux & Télécoms,ENSA,Casablanca,11.77,3,4,8,7,7,7,1,1,0,10,0,1,12500
GINF,ENSA,Kenitra,11.76,0,6,10,8,3,0,0,0,0,5,1,0,0
GINF,OFPPT,Rabat,17.58,4,5,6,4,3,1,3,0,1,8,0,0,0
GI,ENSA,Tanger,17.63,3,7,6,10,8,0,1,0,0,9,1,1,11100
GINF,ENSA,Tanger,17.92,0,9,3,5,5,2,2,0,0,7,1,0,0
GI,OFPPT,Kenitra,16.46,1,9,4,4,10,3,0,1,0,9,1,1,6300
Développement Web,EST,Fès,11.51,3,5,5,9,6,4,1,0,0,8,0,1,8400
Cybersécurité,FST,Agadir,11.7,1,10,9,8,8,1,2,0,0,10,1,1,10100
GI,ENSA,Marrakech,12.72,1,10,8,6,7,2,3,0,0,6,1,0,0
Réseaux & Télécoms,Privée (EMSI/IGA),Kenitra,12.55,0,4,4,7,4,1,2,0,0,6,1,0,0
Cybersécurité,OFPPT,Tanger,17.65,2,10,10,5,6,5,3,0,0,4,1,1,9200
GI,OFPPT,Rabat,16.31,4,8,6,7,3,0,0,0,0,8,1,0,0
Cybersécurité,FST,Casablanca,15.79,0,8,7,6,8,4,1,0,0,6,1,0,0
Cybersécurité,OFPPT,Tanger,11.49,3,9,6,6,10,5,2,0,0,6,1,1,8500
Cybersécurité,ENSA,Rabat,17.28,4,8,4,6,6,0,2,1,1,9,1,1,13100
Développement Web,ENSA,Casablanca,16.62,2,5,3,8,4,5,2,1,0,9,1,0,0
Réseaux & Télécoms,ENSA,Agadir,11.31,0,8,9,4,10,0,3,0,0,8,1,0,0
Data Science,Faculté (FS),Tanger,16.97,2,6,4,8,9,7,0,1,0,6,0,1,7800
Data Science,FST,Tanger,12.18,3,9,5,4,9,0,0,1,0,10,1,1,9500
GI,FST,Kenitra,10.65,0,7,8,5,7,5,1,0,1,4,1,0,0
Cybersécurité,ENSA,Kenitra,15.25,3,8,8,6,9,2,1,1,1,6,0,1,12000
GI,FST,Rabat,15.23,4,6,7,9,9,4,0,0,0,7,1,1,11400
Développement Web,OFPPT,Fès,10.76,4,6,7,4,8,3,0,1,0,7,0,0,0
Développement Web,FST,Kenitra,12.55,2,5,6,3,7,7,0,0,0,4,0,0,0
GINF,OFPPT,Marrakech,17.94,2,9,4,9,4,7,2,0,0,7,1,1,7600
Développement Web,ENSA,Agadir,15.43,4,5,8,3,4,7,3,1,0,9,1,1,12800
GINF,OFPPT,Marrakech,15.84,1,7,3,4,9,1,0,0,0,6,0,0,0
Réseaux & Télécoms,Faculté (FS),Tanger,11.7,4,7,5,9,5,7,1,0,0,7,0,1,9400
GI,ENSA,Marrakech,10.63,0,4,6,9,10,6,3,1,1,7,0,0,0
Réseaux & Télécoms,ENSA,Casablanca,12.22,3,7,4,5,10,0,2,0,0,6,1,0,0
Développement Web,Faculté (FS),Agadir,11.99,4,9,3,7,3,7,3,1,1,8,1,1,10300
Réseaux & Télécoms,OFPPT,Marrakech,11.88,4,10,4,8,5,4,0,0,1,4,0,0,0
Réseaux & Télécoms,FST,Casablanca,11.54,3,10,3,10,6,1,3,0,0,8,1,1,11300
Réseaux & Télécoms,EST,Rabat,14.6,3,9,10,6,4,4,1,0,0,8,1,1,10400
Développement Web,OFPPT,Marrakech,12.62,0,5,9,4,5,5,3,0,0,7,1,0,0
Cybersécurité,Faculté (FS),Agadir,16.56,3,6,4,5,3,1,0,0,0,5,0,0,0
Réseaux & Télécoms,FST,Casablanca,11.47,2,4,4,10,3,4,3,0,0,8,1,0,0
GINF,FST,Marrakech,13.72,4,10,10,9,4,3,3,0,0,10,1,1,12200
Développement Web,ENSA,Rabat,10.11,3,10,9,8,10,6,3,0,1,6,1,1,14000
Réseaux & Télécoms,Faculté (FS),Marrakech,13.85,0,7,8,7,8,4,1,0,0,6,1,0,0
Cybersécurité,EST,Casablanca,10.45,3,6,6,5,10,6,3,0,0,6,0,1,10400
Développement Web,Privée (EMSI/IGA),Marrakech,17.82,4,5,4,7,5,4,3,0,0,5,1,0,0
Data Science,FST,Agadir,16.32,1,8,4,3,7,6,2,0,0,5,1,0,0
Cybersécurité,FST,Tanger,13.92,3,4,6,8,10,0,3,0,0,9,1,0,0
GINF,Faculté (FS),Casablanca,10.69,2,9,6,8,4,6,3,0,0,4,1,1,10400
Réseaux & Télécoms,Privée (EMSI/IGA),Casablanca,14.74,4,6,7,7,9,6,2,0,0,10,1,1,13700
Data Science,OFPPT,Casablanca,16.07,0,5,7,3,6,0,1,0,1,10,1,0,0
Data Science,FST,Casablanca,11.53,4,5,8,10,5,0,1,0,0,5,1,0,0
Développement Web,OFPPT,Marrakech,14.55,1,4,6,6,5,5,2,0,0,4,0,0,0
Data Science,Faculté (FS),Agadir,16.51,0,4,9,4,4,6,2,0,0,9,0,0,0
GINF,FST,Rabat,16.15,1,7,5,9,8,4,3,0,0,6,1,1,10700
GINF,ENSA,Agadir,16.42,1,7,8,3,5,7,1,0,0,10,1,1,10500
GI,FST,Casablanca,17.03,2,9,3,5,5,3,1,0,0,5,1,0,0
GINF,ENSA,Fès,17.5,3,9,10,7,6,1,3,1,0,10,0,0,0
Cybersécurité,Privée (EMSI/IGA),Marrakech,13.24,2,4,6,8,8,7,0,0,0,7,1,1,10700
Data Science,EST,Fès,14.55,2,4,7,5,6,0,3,1,0,9,1,0,0
GINF,Privée (EMSI/IGA),Marrakech,16.33,2,6,10,8,7,2,0,0,0,7,0,1,11500
Développement Web,FST,Casablanca,15.58,0,7,4,3,6,4,3,1,0,7,1,0,0
GI,Faculté (FS),Marrakech,17.96,3,5,6,8,9,3,2,0,1,5,1,1,10000
Data Science,FST,Casablanca,10.11,3,10,6,9,7,3,3,0,0,5,1,1,11900
GI,ENSA,Agadir,12.84,0,10,7,10,6,0,2,0,0,5,1,1,10200
Data Science,EST,Kenitra,12.25,2,10,7,8,7,5,0,0,0,7,1,1,7900
Développement Web,ENSA,Tanger,12.1,2,7,5,9,8,0,0,0,0,6,0,1,10000
GI,Faculté (FS),Marrakech,11.78,1,7,8,8,6,5,2,0,0,8,1,1,8900
Réseaux & Télécoms,FST,Casablanca,15.67,1,4,7,8,6,7,2,0,0,6,0,1,10700
Cybersécurité,OFPPT,Fès,10.68,4,10,7,10,4,2,1,0,0,5,1,1,8800
Cybersécurité,ENSA,Casablanca,15.93,1,4,7,9,6,2,1,0,0,10,1,1,11300
Data Science,ENSA,Fès,15.55,3,7,10,9,7,0,3,1,1,8,1,1,13200
Réseaux & Télécoms,FST,Marrakech,12.01,0,8,8,5,4,1,2,0,1,10,0,0,0
GI,Privée (EMSI/IGA),Rabat,12.02,2,8,4,7,7,7,0,0,0,9,1,0,0
Réseaux & Télécoms,OFPPT,Fès,15.03,4,9,6,4,10,6,1,0,0,8,1,1,8600
Réseaux & Télécoms,FST,Casablanca,16.1,1,7,6,10,6,0,2,0,0,6,1,0,0
GI,FST,Marrakech,17.01,4,10,7,5,6,0,0,0,0,7,1,0,0
Développement Web,ENSA,Casablanca,16.82,0,8,9,6,10,7,0,1,0,4,1,1,10800
Réseaux & Télécoms,Privée (EMSI/IGA),Rabat,17.72,0,9,9,7,7,3,2,0,1,7,0,1,12600
Réseaux & Télécoms,Faculté (FS),Tanger,14.65,4,9,8,7,10,0,3,0,0,7,1,1,10800
Développement Web,EST,Kenitra,17.27,4,7,5,10,8,0,1,1,1,10,1,1,9400
Réseaux & Télécoms,Faculté (FS),Kenitra,16.47,4,9,7,9,8,0,1,1,0,8,1,1,9800
Réseaux & Télécoms,ENSA,Rabat,17.16,2,4,10,6,9,1,2,1,0,5,1,1,12800
Réseaux & Télécoms,Privée (EMSI/IGA),Agadir,10.09,3,4,8,9,8,3,3,1,0,5,1,1,12800
Cybersécurité,ENSA,Marrakech,17.73,1,4,8,9,5,4,0,0,1,8,1,0,0
GINF,Faculté (FS),Rabat,13.79,1,5,10,3,4,7,3,1,0,7,1,0,0
Développement Web,ENSA,Tanger,16.39,1,4,5,6,4,4,1,1,0,6,1,0,0
Réseaux & Télécoms,OFPPT,Casablanca,11.02,4,10,8,3,10,4,2,0,0,9,0,1,10400
Cybersécurité,OFPPT,Marrakech,13.17,4,4,10,4,8,4,1,0,0,10,0,0,0
Développement Web,Faculté (FS),Fès,12.17,4,7,6,3,10,3,2,0,0,4,1,0,0
Data Science,Faculté (FS),Rabat,12.33,2,8,5,9,6,0,3,0,0,7,0,0,0
Data Science,OFPPT,Tanger,10.99,2,10,5,10,4,4,1,0,0,10,0,0,0
Réseaux & Télécoms,ENSA,Rabat,16.45,2,8,3,4,7,7,3,1,0,7,1,0,0
Cybersécurité,EST,Agadir,10.07,2,4,5,4,6,0,1,0,0,4,0,0,0
Cybersécurité,ENSA,Kenitra,12.5,0,4,5,8,4,6,3,1,0,6,1,0,0
Développement Web,Privée (EMSI/IGA),Kenitra,11.4,2,4,10,8,3,6,1,0,0,4,1,0,0
Développement Web,EST,Marrakech,14.71,2,9,4,6,4,4,2,0,0,8,1,0,0
Cybersécurité,OFPPT,Casablanca,12.03,2,7,6,9,8,1,3,1,0,4,1,0,0
Développement Web,Faculté (FS),Tanger,12.07,1,7,7,4,7,7,3,0,0,4,1,0,0
Cybersécurité,ENSA,Rabat,13.91,1,7,10,9,4,0,2,1,0,7,1,0,0
GINF,ENSA,Marrakech,15.22,1,8,3,3,10,3,0,0,0,10,0,0,0
Cybersécurité,EST,Rabat,10.97,3,10,5,5,9,5,1,0,0,7,1,1,9400
Data Science,FST,Marrakech,11.4,0,10,4,8,5,1,1,1,1,5,1,0,0
Développement Web,ENSA,Kenitra,11.98,4,5,4,7,8,7,2,0,0,4,0,1,11600
Cybersécurité,ENSA,Agadir,17.79,2,8,10,7,9,5,1,0,0,8,1,1,11400
Cybersécurité,OFPPT,Rabat,13.18,1,7,8,3,9,1,3,0,0,5,1,0,0
Développement Web,Privée (EMSI/IGA),Agadir,14.79,0,6,7,8,5,3,3,1,0,9,1,0,0
GINF,EST,Fès,11.93,2,5,7,5,6,1,2,1,0,4,0,0,0
GINF,EST,Fès,13.92,3,4,9,10,10,6,3,0,0,7,1,1,10000
Développement Web,ENSA,Kenitra,10.59,4,9,6,9,5,0,0,0,0,8,0,1,11200
GI,Faculté (FS),Tanger,10.28,2,8,9,4,7,2,1,0,1,6,1,0,0
Développement Web,OFPPT,Agadir,13.75,4,9,8,8,3,2,2,1,0,5,0,0,0
Développement Web,ENSA,Marrakech,13.19,2,5,5,3,3,4,2,0,0,7,1,0,0
GINF,ENSA,Tanger,11.1,3,10,4,9,6,6,1,0,0,6,1,1,10700
GINF,OFPPT,Rabat,15.5,0,6,3,4,10,4,0,0,0,4,1,0,0
Développement Web,Faculté (FS),Rabat,17.94,4,5,6,8,6,0,2,1,0,8,1,1,11000
Développement Web,ENSA,Marrakech,13.17,4,8,10,6,10,3,1,0,0,7,0,1,12400
Développement Web,Faculté (FS),Casablanca,15.0,0,7,5,5,5,0,0,0,0,7,0,0,0
GINF,EST,Casablanca,17.7,4,4,8,7,10,4,2,0,0,8,1,1,10900
Développement Web,EST,Rabat,16.65,1,7,7,3,9,1,0,0,0,7,1,0,0
Développement Web,OFPPT,Kenitra,13.71,0,7,8,7,7,5,2,0,0,7,0,0,0
Réseaux & Télécoms,OFPPT,Kenitra,15.9,3,8,5,9,5,6,1,0,1,4,0,1,8400
GI,FST,Marrakech,11.03,2,7,8,4,7,0,1,0,0,5,0,0,0
Data Science,Privée (EMSI/IGA),Casablanca,14.1,2,7,7,4,10,0,1,0,0,6,1,0,0
GI,FST,Agadir,12.23,0,8,5,6,7,3,0,1,0,9,1,0,0
Réseaux & Télécoms,OFPPT,Rabat,11.29,1,8,3,10,3,4,3,0,1,8,1,0,0
Data Science,FST,Fès,13.41,3,6,9,4,9,7,0,0,1,6,1,1,10800
Développement Web,OFPPT,Agadir,11.05,2,7,6,4,7,0,1,1,0,8,1,0,0
Réseaux & Télécoms,Privée (EMSI/IGA),Marrakech,15.59,2,5,8,9,4,1,2,1,0,9,0,0,0
Développement Web,ENSA,Fès,13.65,1,10,7,10,7,5,3,0,0,8,1,1,11100
GINF,Privée (EMSI/IGA),Agadir,14.25,4,4,3,7,10,1,0,0,0,7,0,0,0
Cybersécurité,OFPPT,Casablanca,11.17,0,9,4,7,3,2,0,0,1,9,1,0,0
Réseaux & Télécoms,OFPPT,Kenitra,11.12,1,4,3,3,8,4,2,0,0,9,1,0,0
GINF,ENSA,Casablanca,14.67,1,8,3,3,5,1,2,1,0,4,1,0,0
Réseaux & Télécoms,OFPPT,Fès,17.88,1,9,3,4,7,3,1,0,0,8,0,0,0
Réseaux & Télécoms,OFPPT,Tanger,10.77,1,8,10,8,4,5,0,1,0,9,1,1,7500
GINF,EST,Kenitra,12.29,4,10,7,5,10,4,2,1,1,6,1,1,10200
Data Science,Privée (EMSI/IGA),Rabat,16.96,3,10,10,3,6,1,2,0,0,5,0,0,0
GI,ENSA,Fès,10.58,1,6,4,4,5,0,3,0,0,6,1,0,0
Développement Web,ENSA,Marrakech,17.01,1,7,6,8,6,4,1,0,0,9,1,0,0
Réseaux & Télécoms,FST,Rabat,14.19,0,8,3,8,4,1,1,1,1,4,0,0,0
Développement Web,Faculté (FS),Agadir,13.27,2,10,7,7,3,7,0,0,0,5,0,0,0
Cybersécurité,Faculté (FS),Kenitra,12.48,4,8,7,8,8,6,2,0,1,10,1,1,10700
GINF,ENSA,Marrakech,12.38,1,4,6,6,9,0,1,0,1,7,1,0,0
Développement Web,Privée (EMSI/IGA),Marrakech,12.45,3,7,9,7,3,2,0,0,0,10,1,1,11800
GINF,ENSA,Casablanca,17.08,3,6,5,7,8,5,1,0,1,10,1,1,12400
Développement Web,ENSA,Agadir,15.79,3,10,4,6,9,4,0,0,0,6,1,0,0
GI,ENSA,Casablanca,15.36,0,8,4,9,5,4,2,0,1,6,1,1,11100
GI,Faculté (FS),Casablanca,16.39,3,8,8,9,7,1,1,1,0,9,0,1,10500
GI,Privée (EMSI/IGA),Kenitra,12.06,0,8,3,7,7,2,0,0,0,8,1,0,0
GI,Faculté (FS),Tanger,14.94,4,4,5,3,10,3,0,0,0,8,1,0,0
GI,OFPPT,Casablanca,13.68,3,10,9,7,6,1,2,0,0,5,1,0,0
GI,ENSA,Rabat,16.26,2,8,4,6,3,1,1,1,0,7,1,0,0
GINF,FST,Marrakech,12.47,1,8,9,4,10,3,0,0,0,8,1,0,0
Réseaux & Télécoms,FST,Kenitra,15.15,4,4,8,10,7,7,0,0,0,9,0,1,10600
Développement Web,FST,Casablanca,17.06,2,8,3,4,10,3,0,0,1,6,1,0,0
GI,ENSA,Fès,13.22,4,7,5,4,8,3,0,0,0,5,1,1,11000
GINF,Faculté (FS),Rabat,10.53,3,7,7,9,9,5,1,0,0,8,1,1,10300
GINF,FST,Agadir,14.13,4,4,3,6,7,3,3,0,1,8,0,0,0
GINF,OFPPT,Marrakech,12.77,4,7,5,6,3,6,1,1,1,4,0,0,0
Réseaux & Télécoms,FST,Kenitra,15.38,4,9,6,3,3,3,0,0,0,5,1,0,0
Développement Web,ENSA,Fès,17.61,0,9,4,6,4,0,1,0,0,5,1,0,0
Réseaux & Télécoms,Faculté (FS),Kenitra,13.88,2,9,9,8,9,0,1,0,0,9,1,1,9200
Data Science,ENSA,Kenitra,13.73,3,6,3,4,6,3,2,1,0,7,0,0,0
GINF,OFPPT,Fès,15.24,1,8,8,6,10,5,2,0,1,8,0,1,8400
Data Science,Faculté (FS),Agadir,10.83,3,6,7,5,9,5,0,1,0,5,1,0,0
Cybersécurité,ENSA,Fès,12.03,3,7,8,9,10,2,3,0,0,9,0,1,12300
GI,Privée (EMSI/IGA),Rabat,17.35,0,4,9,7,3,5,2,0,0,7,0,0,0
GI,FST,Kenitra,15.36,0,9,3,3,9,6,1,0,0,8,0,0,0
Réseaux & Télécoms,ENSA,Agadir,10.11,4,4,4,4,4,6,0,0,0,10,0,0,0
Développement Web,Faculté (FS),Kenitra,11.64,3,6,4,10,9,2,3,0,0,6,1,1,9500
Data Science,EST,Fès,15.46,2,7,5,8,3,3,2,1,0,4,1,0,0
Développement Web,OFPPT,Agadir,16.12,0,10,8,8,5,5,0,1,0,7,1,1,6600
Réseaux & Télécoms,OFPPT,Agadir,16.72,0,8,8,10,8,0,3,0,0,4,1,0,0
GI,Privée (EMSI/IGA),Casablanca,12.34,2,10,7,4,8,2,0,0,0,6,1,0,0
Développement Web,FST,Casablanca,17.45,0,7,9,8,5,0,3,0,1,5,1,1,11500
Développement Web,FST,Casablanca,14.42,2,9,5,5,5,6,2,0,0,8,1,1,10800
GI,OFPPT,Fès,15.57,1,7,7,3,10,1,1,0,0,10,1,0,0
Data Science,ENSA,Marrakech,14.77,2,4,10,9,10,7,1,0,0,5,0,1,11400
GI,FST,Rabat,10.98,1,5,3,7,3,6,2,1,0,4,1,0,0
Développement Web,FST,Fès,17.7,4,9,3,3,10,6,2,1,0,10,1,1,10400
Data Science,ENSA,Kenitra,10.98,4,10,10,3,7,0,2,0,0,5,0,1,12800
Data Science,FST,Casablanca,12.04,0,8,8,9,7,3,3,0,0,5,1,0,0
GI,OFPPT,Agadir,16.51,2,9,9,10,5,5,3,0,0,7,1,1,9000
Développement Web,OFPPT,Fès,14.95,0,9,5,4,6,6,3,0,0,10,0,0,0
Réseaux & Télécoms,ENSA,Agadir,16.71,2,8,10,10,8,5,3,1,0,9,1,1,12200
Développement Web,ENSA,Kenitra,14.13,0,10,9,6,4,7,3,1,0,7,1,1,11000
GINF,EST,Agadir,13.02,4,9,6,7,5,4,3,0,1,6,1,1,10400
Cybersécurité,OFPPT,Agadir,17.37,4,4,4,3,8,7,3,0,0,7,1,0,0
Réseaux & Télécoms,ENSA,Tanger,10.29,0,7,10,5,4,7,2,0,1,7,0,0,0
Data Science,OFPPT,Marrakech,16.85,2,4,9,9,9,3,3,0,0,7,1,1,9000
Réseaux & Télécoms,ENSA,Rabat,11.85,3,7,5,4,4,7,0,0,0,10,1,0,0
Data Science,Faculté (FS),Rabat,16.79,2,5,10,6,5,1,3,0,0,7,1,1,11200
Data Science,EST,Casablanca,11.11,0,9,9,6,7,5,1,0,0,9,1,1,8700
Réseaux & Télécoms,OFPPT,Tanger,14.64,2,5,10,4,6,0,1,0,0,10,0,0,0
Data Science,ENSA,Fès,17.1,1,6,5,3,8,2,2,0,0,6,1,0,0
Data Science,Faculté (FS),Fès,13.79,2,10,3,9,5,6,1,0,1,7,1,1,8500
GINF,ENSA,Rabat,15.97,4,7,4,8,4,3,1,0,0,7,0,0,0
Développement Web,OFPPT,Marrakech,16.44,4,4,9,10,10,7,1,0,0,4,1,1,9200
Développement Web,OFPPT,Agadir,15.89,1,4,9,4,8,5,2,0,1,7,1,1,8600
Cybersécurité,ENSA,Kenitra,17.4,2,9,9,8,3,2,2,0,0,6,1,1,11600
Cybersécurité,OFPPT,Casablanca,13.57,3,4,10,6,9,0,3,1,0,9,1,1,10700
GINF,Faculté (FS),Marrakech,11.39,2,6,5,6,10,7,1,0,1,6,1,1,8900
Cybersécurité,ENSA,Rabat,10.38,4,8,10,5,3,5,3,0,1,5,1,0,0
Réseaux & Télécoms,FST,Tanger,11.97,4,4,9,5,8,7,2,0,0,7,1,0,0
GI,ENSA,Casablanca,11.15,0,9,3,6,8,7,3,0,0,8,1,0,0
GI,OFPPT,Rabat,14.46,4,5,3,5,4,1,3,0,0,5,1,0,0
GI,OFPPT,Fès,11.48,0,10,8,5,10,6,1,1,0,6,1,1,7000
GINF,ENSA,Casablanca,10.31,4,4,10,5,5,6,2,0,0,5,0,0,0
GINF,FST,Rabat,10.29,4,4,8,6,10,3,1,1,0,8,0,1,12000
Data Science,OFPPT,Fès,16.65,3,4,5,3,7,2,3,1,0,4,1,0,0
GI,Privée (EMSI/IGA),Kenitra,14.73,0,9,5,3,5,5,2,1,0,8,1,0,0
Réseaux & Télécoms,FST,Fès,12.86,0,10,3,9,6,6,3,0,0,9,1,0,0
Cybersécurité,Privée (EMSI/IGA),Agadir,17.15,4,8,8,7,8,3,3,0,1,9,1,1,13800
Réseaux & Télécoms,FST,Tanger,10.56,0,4,9,5,3,7,1,0,1,5,1,0,0
Cybersécurité,EST,Agadir,17.84,4,8,9,3,4,5,2,0,0,7,1,1,10100
GI,OFPPT,Rabat,14.93,4,8,10,7,10,3,2,0,0,4,1,1,10800
GI,FST,Kenitra,11.47,2,10,5,4,7,2,1,1,0,9,1,0,0
GI,FST,Marrakech,15.43,0,10,4,5,9,1,0,1,0,8,0,0,0
GINF,FST,Kenitra,16.11,1,6,3,3,5,3,1,0,0,7,1,0,0
Cybersécurité,OFPPT,Kenitra,13.43,0,5,3,3,6,1,1,0,0,8,1,0,0
GINF,OFPPT,Kenitra,16.89,0,4,5,8,10,1,0,0,0,6,1,0,0
GINF,FST,Agadir,11.21,3,4,5,3,5,6,2,0,0,7,1,0,0
Développement Web,EST,Marrakech,12.23,1,4,5,8,9,6,0,0,1,6,1,1,7500
Réseaux & Télécoms,FST,Fès,10.75,1,8,10,7,6,0,3,1,1,4,1,0,0
Réseaux & Télécoms,Faculté (FS),Rabat,11.69,3,10,9,8,5,5,3,1,0,4,1,1,11500
Data Science,ENSA,Tanger,11.91,3,7,9,4,7,2,1,1,0,4,1,0,0
GINF,OFPPT,Marrakech,17.34,0,5,10,10,10,7,3,0,0,10,0,1,8200
Cybersécurité,FST,Rabat,10.62,2,9,4,9,7,0,0,0,0,4,1,0,0
Développement Web,EST,Marrakech,13.42,3,4,10,10,4,4,3,1,0,6,1,1,10200
Développement Web,ENSA,Agadir,14.26,1,7,3,5,7,7,2,1,0,6,1,0,0
Réseaux & Télécoms,ENSA,Rabat,17.19,1,7,6,3,6,6,1,1,0,9,1,0,0
GINF,Privée (EMSI/IGA),Agadir,17.98,0,10,10,9,4,5,1,0,0,5,1,1,10900
Data Science,EST,Casablanca,16.03,2,7,4,6,9,0,2,1,0,5,1,1,9100
GINF,ENSA,Rabat,17.77,4,5,4,5,7,7,2,0,1,6,1,0,0
GI,FST,Marrakech,16.3,3,7,9,6,3,3,1,1,1,4,1,0,0
GINF,EST,Casablanca,17.71,3,9,10,9,10,3,2,1,0,5,0,1,10800
GI,ENSA,Agadir,15.66,0,4,8,7,9,3,3,0,0,7,0,0,0
GI,EST,Agadir,10.64,2,9,3,3,6,4,3,1,0,6,0,0,0
Data Science,FST,Marrakech,13.22,1,4,9,5,9,1,3,0,1,7,0,0,0
Cybersécurité,Faculté (FS),Casablanca,15.17,1,6,6,5,10,6,3,1,0,4,1,1,9900
Réseaux & Télécoms,EST,Kenitra,12.81,4,8,3,3,9,3,0,0,0,9,0,0,0
GINF,FST,Fès,12.19,1,7,4,9,4,7,0,0,0,6,1,0,0
GI,Privée (EMSI/IGA),Tanger,14.62,3,9,5,4,6,5,0,0,0,5,1,0,0
GINF,EST,Marrakech,17.47,4,8,3,7,4,5,0,0,0,9,1,0,0
Cybersécurité,EST,Agadir,10.28,2,8,10,3,10,6,3,1,0,10,0,1,9700
Réseaux & Télécoms,ENSA,Rabat,16.15,4,8,3,10,10,0,3,0,0,5,1,1,12800
Cybersécurité,FST,Casablanca,15.78,2,8,5,10,6,1,2,1,0,7,1,0,0
Réseaux & Télécoms,OFPPT,Fès,17.71,1,8,6,8,3,0,0,1,0,10,1,1,6700
Développement Web,ENSA,Tanger,17.45,0,4,6,5,10,0,0,0,0,6,0,0,0
Réseaux & Télécoms,OFPPT,Rabat,16.1,4,5,3,4,9,3,1,0,1,9,0,0,0
Data Science,ENSA,Casablanca,14.16,4,7,9,5,7,0,2,0,0,4,0,0,0
Cybersécurité,FST,Fès,11.63,3,7,10,6,5,7,3,0,0,8,1,1,11700
GI,OFPPT,Marrakech,14.36,3,4,5,5,9,7,2,0,0,8,1,1,8300
Développement Web,EST,Fès,16.12,2,9,8,10,5,6,2,1,0,10,1,1,8900
Data Science,Faculté (FS),Marrakech,17.17,0,4,3,7,5,4,1,1,1,9,0,0,0
GINF,ENSA,Kenitra,16.32,3,10,5,3,9,5,1,0,0,4,0,0,0
Cybersécurité,OFPPT,Casablanca,11.56,3,8,4,5,4,5,2,1,0,5,1,0,0
GI,ENSA,Fès,14.8,1,5,8,10,7,5,0,0,0,8,1,1,10100
Réseaux & Télécoms,OFPPT,Tanger,12.66,1,7,5,8,9,6,3,0,0,4,1,1,7700
GI,ENSA,Fès,10.07,3,9,9,6,8,7,1,1,0,9,1,1,11700
GINF,OFPPT,Casablanca,11.6,2,6,3,10,4,7,1,0,0,9,1,1,8000
Développement Web,EST,Rabat,10.91,0,4,7,6,9,1,3,1,1,9,1,1,9600
Développement Web,OFPPT,Rabat,16.74,3,6,6,3,10,3,1,0,1,7,1,0,0
Cybersécurité,EST,Fès,12.07,2,7,3,6,9,3,2,0,0,5,1,0,0
Développement Web,Privée (EMSI/IGA),Fès,12.28,2,4,5,9,4,6,3,0,0,4,0,0,0
Cybersécurité,ENSA,Marrakech,17.68,3,7,10,3,9,0,0,0,0,9,1,1,11500
Cybersécurité,ENSA,Casablanca,13.03,2,4,8,7,4,0,1,0,0,7,0,0,0
Cybersécurité,FST,Marrakech,10.08,4,9,8,3,9,2,1,0,0,6,1,0,0
Réseaux & Télécoms,ENSA,Tanger,12.27,2,7,5,10,8,2,2,0,0,8,0,0,0
Data Science,ENSA,Kenitra,10.95,3,10,10,4,9,3,0,1,1,10,1,1,12000
Cybersécurité,Privée (EMSI/IGA),Rabat,10.82,2,6,6,6,10,6,1,0,0,8,0,1,12100
Cybersécurité,Privée (EMSI/IGA),Agadir,10.62,3,5,3,6,10,3,3,0,0,8,1,1,11800
Data Science,EST,Agadir,14.75,1,9,8,8,4,0,3,0,0,10,1,0,0
GI,Privée (EMSI/IGA),Casablanca,11.51,3,10,8,10,10,6,2,0,0,4,0,1,13400
Cybersécurité,FST,Casablanca,12.89,2,9,7,5,10,7,2,0,0,6,1,1,11200
Réseaux & Télécoms,EST,Agadir,16.9,3,4,4,4,7,4,1,1,0,4,0,0,0
Développement Web,OFPPT,Casablanca,13.39,0,6,7,9,9,4,2,0,0,9,0,1,8200
Développement Web,Faculté (FS),Rabat,17.33,3,7,4,5,5,5,3,0,0,4,1,0,0
GINF,Privée (EMSI/IGA),Tanger,13.98,3,6,8,3,10,0,2,0,0,6,1,0,0
GINF,EST,Tanger,13.19,0,9,4,7,6,6,3,0,0,9,0,1,7500
Développement Web,Faculté (FS),Marrakech,16.0,0,4,3,8,4,2,1,1,0,9,1,0,0
Développement Web,ENSA,Rabat,10.59,0,6,8,6,9,7,3,1,0,7,1,1,11800
Réseaux & Télécoms,ENSA,Kenitra,10.72,4,10,8,9,7,2,2,0,1,9,1,1,12900
Data Science,ENSA,Casablanca,15.22,3,7,10,10,3,4,3,0,0,5,0,1,13700
GINF,Privée (EMSI/IGA),Casablanca,13.9,0,8,4,9,6,3,3,0,1,8,0,1,12000
Data Science,OFPPT,Kenitra,16.32,0,9,5,7,4,0,0,1,0,6,1,0,0
Réseaux & Télécoms,OFPPT,Marrakech,17.33,1,5,4,3,4,5,0,0,0,7,1,0,0
Développement Web,FST,Marrakech,13.11,4,5,4,3,9,7,1,1,0,9,0,0,0
Cybersécurité,EST,Casablanca,14.77,3,9,6,4,6,5,3,0,0,6,0,1,10400
Data Science,ENSA,Casablanca,14.01,2,8,6,5,6,3,3,0,0,10,1,1,12400
Développement Web,EST,Kenitra,17.85,4,4,3,6,4,2,3,0,0,5,1,0,0
Développement Web,EST,Rabat,16.65,4,6,3,9,7,4,0,0,0,6,0,1,9100
GI,OFPPT,Kenitra,17.29,1,6,5,10,3,3,3,0,0,10,1,0,0
Data Science,FST,Marrakech,12.03,3,8,6,10,9,2,0,0,0,6,0,1,9700
Cybersécurité,ENSA,Kenitra,16.18,3,10,7,6,10,2,1,0,0,7,1,1,11300
Data Science,ENSA,Kenitra,12.12,0,8,3,9,10,6,3,1,1,10,1,1,10300
Développement Web,ENSA,Kenitra,11.67,0,7,3,7,7,5,3,1,0,8,1,0,0
Cybersécurité,FST,Rabat,17.55,4,7,6,4,10,2,2,1,0,8,1,1,12000
Réseaux & Télécoms,Privée (EMSI/IGA),Fès,10.15,1,5,6,8,10,3,0,0,1,7,1,0,0
GI,Faculté (FS),Casablanca,17.72,3,4,5,3,8,1,2,0,0,7,1,0,0
Développement Web,OFPPT,Agadir,11.19,1,4,10,4,5,4,1,0,0,4,1,0,0
GINF,FST,Kenitra,16.56,2,10,6,6,5,2,0,1,0,10,0,1,9200
GINF,EST,Agadir,12.21,3,8,10,8,5,3,3,0,0,4,1,1,10200
GI,ENSA,Fès,12.81,0,5,9,5,4,7,3,0,0,5,1,0,0
Réseaux & Télécoms,OFPPT,Casablanca,11.73,4,5,4,7,9,5,3,0,0,10,1,1,10000
Développement Web,OFPPT,Marrakech,14.68,1,7,8,3,9,0,3,0,0,4,0,0,0
Data Science,ENSA,Agadir,12.78,0,6,7,3,3,5,1,0,0,4,1,0,0
GI,FST,Marrakech,15.26,4,10,8,3,3,6,3,0,1,6,1,0,0
Réseaux & Télécoms,FST,Agadir,10.13,0,4,4,5,9,4,3,0,1,6,0,0,0
Data Science,Faculté (FS),Marrakech,10.51,3,10,9,10,8,0,3,0,0,10,1,1,10500
GINF,Privée (EMSI/IGA),Kenitra,10.8,1,5,9,6,4,0,2,0,0,7,1,0,0
GINF,Faculté (FS),Agadir,13.35,2,7,4,6,4,5,1,0,0,9,1,0,0
Data Science,FST,Marrakech,16.52,0,7,8,4,10,3,0,0,0,8,1,0,0
GI,ENSA,Fès,17.11,1,7,4,10,10,5,1,0,0,5,1,1,9700
GINF,ENSA,Rabat,11.96,3,10,3,8,4,7,1,0,0,4,1,1,11500
Développement Web,ENSA,Marrakech,14.59,0,6,9,9,3,1,1,0,0,6,0,0,0
Cybersécurité,ENSA,Rabat,16.15,3,5,8,4,10,3,3,1,0,8,1,0,0
Data Science,OFPPT,Rabat,12.31,2,8,10,6,4,3,2,0,0,10,1,1,9800
Data Science,OFPPT,Casablanca,13.27,2,8,4,3,6,4,2,0,0,4,1,0,0
GINF,ENSA,Kenitra,14.19,4,7,10,5,10,7,2,0,0,9,1,1,12800
GI,OFPPT,Fès,11.08,4,7,3,6,6,6,2,1,0,8,1,0,0
Développement Web,ENSA,Rabat,10.21,4,6,6,10,6,6,0,0,0,6,1,1,12200
GI,EST,Tanger,11.22,3,7,9,10,4,3,2,0,0,7,1,1,9600
Réseaux & Télécoms,ENSA,Kenitra,15.01,4,9,7,5,6,7,3,0,0,9,0,1,12600
Réseaux & Télécoms,EST,Rabat,10.59,1,5,7,7,9,7,3,0,0,9,1,0,0
Cybersécurité,EST,Marrakech,11.52,3,7,4,3,8,7,2,0,0,4,1,0,0
GINF,FST,Rabat,12.7,3,7,7,7,4,4,0,0,0,4,0,0,0
GINF,FST,Marrakech,10.62,4,5,3,6,8,2,2,1,0,5,1,0,0
GINF,Privée (EMSI/IGA),Marrakech,11.53,4,4,6,4,6,4,3,0,0,4,0,0,0
Cybersécurité,ENSA,Tanger,17.29,3,9,4,6,4,6,3,1,0,6,1,1,11500
Réseaux & Télécoms,ENSA,Rabat,10.15,2,9,5,7,7,3,3,0,0,10,1,1,12200
GI,ENSA,Rabat,15.23,2,8,8,5,5,2,1,0,1,8,1,1,12500
Cybersécurité,Faculté (FS),Agadir,13.08,4,7,9,8,7,2,3,1,0,9,0,1,11000
Cybersécurité,ENSA,Kenitra,15.38,2,5,10,8,5,1,2,1,1,8,0,1,12300
GI,OFPPT,Agadir,14.71,1,8,7,6,5,5,3,0,0,7,0,0,0
GINF,FST,Casablanca,11.79,1,10,7,9,6,3,0,0,0,9,1,1,9900
Développement Web,FST,Marrakech,16.78,1,10,4,4,5,0,1,1,0,9,0,0,0
GI,Faculté (FS),Tanger,13.94,3,6,8,7,5,5,0,1,0,7,1,0,0
Réseaux & Télécoms,ENSA,Agadir,16.58,3,10,8,6,7,3,3,1,0,6,1,1,12300
Data Science,ENSA,Rabat,13.25,3,10,7,10,5,0,1,1,1,8,1,0,0
Data Science,EST,Casablanca,17.88,3,4,7,7,4,5,1,0,0,9,1,0,0
Cybersécurité,Faculté (FS),Tanger,16.16,3,7,10,7,8,6,1,1,0,7,1,1,9900
Data Science,ENSA,Fès,17.73,4,4,5,3,9,1,3,0,0,9,1,0,0
Développement Web,ENSA,Rabat,14.11,2,7,8,8,8,3,0,0,0,7,1,0,0
GINF,Privée (EMSI/IGA),Rabat,13.79,4,7,3,9,10,5,3,1,0,5,1,1,13300
Réseaux & Télécoms,ENSA,Fès,16.04,2,7,9,8,4,1,1,0,0,5,0,1,11200
Développement Web,OFPPT,Marrakech,17.04,4,4,4,5,10,0,3,0,0,10,1,0,0
Réseaux & Télécoms,OFPPT,Marrakech,17.71,1,9,4,10,9,4,1,0,0,6,1,1,6700
Réseaux & Télécoms,EST,Agadir,12.6,0,6,5,9,10,6,1,1,0,6,0,0,0
GINF,ENSA,Agadir,16.39,3,9,9,3,6,3,1,0,0,6,0,1,11700
Cybersécurité,ENSA,Rabat,11.69,0,5,5,8,9,2,3,0,0,6,1,0,0
Data Science,Faculté (FS),Kenitra,14.36,0,5,3,7,9,2,3,0,0,8,1,0,0
GINF,Faculté (FS),Rabat,11.44,1,10,6,10,10,1,1,0,0,4,0,1,9100
Développement Web,OFPPT,Agadir,12.78,0,9,4,4,7,6,2,1,0,6,0,0,0
Cybersécurité,Privée (EMSI/IGA),Fès,17.45,0,6,8,4,9,4,0,0,0,5,1,0,0
Développement Web,Faculté (FS),Agadir,11.17,1,10,9,3,9,2,1,0,0,9,1,0,0
Cybersécurité,ENSA,Rabat,15.06,2,6,7,4,3,7,1,0,0,4,0,0,0
Développement Web,ENSA,Tanger,14.74,4,7,9,7,8,2,1,0,0,4,1,1,12200
GINF,OFPPT,Rabat,10.97,0,7,3,9,7,7,1,0,0,8,1,1,7000
Cybersécurité,ENSA,Tanger,12.61,3,5,10,6,8,3,1,0,0,7,1,1,11900
Cybersécurité,ENSA,Tanger,14.5,1,7,4,7,3,2,2,0,0,10,1,0,0
Réseaux & Télécoms,OFPPT,Rabat,11.5,0,10,8,10,10,6,3,0,0,9,1,1,8800
Réseaux & Télécoms,FST,Kenitra,16.4,2,7,3,8,5,6,2,1,0,9,0,0,0
GI,Privée (EMSI/IGA),Kenitra,17.78,2,6,10,10,3,7,1,0,0,4,1,1,11900
Développement Web,Faculté (FS),Casablanca,11.72,3,4,6,6,5,0,1,0,0,8,0,0,0
Réseaux & Télécoms,ENSA,Agadir,11.5,0,9,8,10,8,1,1,0,0,8,1,0,0
GI,Privée (EMSI/IGA),Kenitra,13.64,3,8,4,4,10,6,3,0,0,8,1,0,0
Réseaux & Télécoms,EST,Marrakech,15.98,2,8,9,9,9,5,0,1,0,6,0,1,8300
Développement Web,EST,Rabat,12.25,2,7,7,5,7,2,0,0,0,9,1,0,0
Cybersécurité,FST,Tanger,10.16,4,7,8,5,7,3,2,0,1,7,0,0,0
Data Science,ENSA,Rabat,14.33,2,9,10,7,6,7,2,1,0,6,1,1,12800
Développement Web,FST,Agadir,17.65,1,8,10,7,8,5,0,0,0,5,1,1,9500
GINF,ENSA,Fès,13.13,4,6,4,4,6,0,1,0,0,7,1,0,0
Réseaux & Télécoms,FST,Kenitra,13.36,3,8,10,5,10,7,3,0,1,6,1,1,12200
Réseaux & Télécoms,EST,Kenitra,17.75,2,8,3,10,9,5,2,0,0,7,1,1,7900
Cybersécurité,OFPPT,Kenitra,15.56,1,10,6,5,8,7,3,0,0,5,1,0,0
GINF,OFPPT,Tanger,15.75,4,8,10,7,10,2,1,1,0,6,1,1,9400
Cybersécurité,ENSA,Marrakech,14.5,1,7,8,8,9,1,1,0,0,7,0,0,0
GINF,EST,Marrakech,17.8,4,10,3,5,5,1,2,1,0,5,0,0,0
Data Science,EST,Kenitra,15.51,4,7,3,7,8,6,0,1,0,10,1,1,8100
Réseaux & Télécoms,ENSA,Marrakech,17.16,4,9,5,3,8,1,0,0,1,9,0,1,11500
Réseaux & Télécoms,OFPPT,Fès,15.6,3,8,3,10,5,2,0,0,0,8,1,1,7100
Data Science,OFPPT,Kenitra,15.88,4,7,9,5,4,0,1,1,1,7,1,0,0
GI,ENSA,Casablanca,12.32,4,9,8,6,9,6,1,0,0,5,1,1,13000
Cybersécurité,EST,Tanger,12.43,1,8,6,9,4,4,3,0,0,9,1,0,0
Data Science,ENSA,Fès,16.26,4,6,7,4,8,5,3,1,0,10,0,1,12600
Cybersécurité,Faculté (FS),Tanger,12.37,3,7,5,9,4,6,3,0,0,8,1,1,9700
Développement Web,ENSA,Kenitra,14.5,1,4,3,10,7,1,1,0,0,10,1,0,0
Réseaux & Télécoms,Privée (EMSI/IGA),Fès,11.99,4,9,8,10,8,0,0,0,0,5,0,1,12100
Cybersécurité,OFPPT,Kenitra,16.54,1,7,9,7,3,7,1,1,1,9,1,1,8200
GINF,EST,Fès,10.88,3,6,9,5,5,7,3,1,0,9,1,1,10000
Cybersécurité,Faculté (FS),Kenitra,16.64,1,6,9,5,6,3,3,0,0,9,1,0,0
Développement Web,Privée (EMSI/IGA),Casablanca,14.82,3,7,4,8,10,3,3,0,0,10,0,1,13000
Réseaux & Télécoms,Faculté (FS),Tanger,11.5,2,5,5,7,10,7,3,0,0,4,1,0,0
Data Science,ENSA,Fès,14.34,4,9,6,6,5,0,2,0,0,5,1,0,0
Développement Web,EST,Casablanca,12.26,3,8,4,5,8,3,3,0,0,6,0,0,0
Réseaux & Télécoms,OFPPT,Rabat,12.59,4,8,10,3,3,3,1,0,0,6,1,0,0
Cybersécurité,Faculté (FS),Kenitra,12.81,3,6,6,4,5,1,2,0,0,6,0,0,0
GI,Faculté (FS),Agadir,10.51,0,7,4,7,6,2,0,1,0,6,1,0,0
GI,OFPPT,Fès,17.89,0,5,7,5,10,2,1,0,0,10,1,0,0
GINF,OFPPT,Marrakech,10.25,0,9,6,9,6,2,1,0,0,9,1,0,0
Réseaux & Télécoms,Privée (EMSI/IGA),Casablanca,15.3,3,4,4,8,10,2,0,0,0,9,0,1,11800
GI,ENSA,Casablanca,12.97,4,8,10,8,3,0,1,0,0,4,1,0,0
Data Science,FST,Fès,15.17,0,10,9,4,6,6,2,0,0,4,1,0,0
Réseaux & Télécoms,OFPPT,Casablanca,12.85,4,9,10,10,7,1,0,0,0,4,1,1,10000
Data Science,OFPPT,Rabat,15.39,3,9,6,7,6,0,2,0,1,8,1,0,0
Data Science,Faculté (FS),Casablanca,15.83,4,5,10,7,9,7,3,0,0,7,0,1,12200
GI,ENSA,Agadir,15.52,4,9,5,7,3,5,0,0,0,10,1,1,11000
Réseaux & Télécoms,OFPPT,Agadir,10.91,0,8,6,6,3,5,2,0,0,6,1,0,0
Cybersécurité,OFPPT,Kenitra,15.26,1,7,8,3,5,3,3,0,0,10,1,0,0
Développement Web,ENSA,Kenitra,12.24,2,8,6,8,6,7,2,0,0,7,0,1,11000
GI,FST,Marrakech,10.23,3,4,4,7,6,1,2,0,0,6,1,0,0
GI,ENSA,Rabat,13.32,3,7,10,6,8,4,1,0,0,10,1,1,12900
Cybersécurité,EST,Agadir,13.47,3,6,10,10,8,7,3,1,0,6,1,1,10200
Réseaux & Télécoms,ENSA,Fès,13.74,2,5,6,7,3,2,1,0,0,6,1,0,0
Réseaux & Télécoms,FST,Tanger,15.64,1,8,7,10,8,5,3,0,0,10,1,1,10100
Data Science,FST,Tanger,12.47,4,7,3,10,5,5,3,0,0,4,1,1,10800
Cybersécurité,Faculté (FS),Tanger,12.52,3,9,5,7,9,7,1,1,0,9,1,1,8900
Cybersécurité,Faculté (FS),Kenitra,10.48,4,7,8,10,5,3,1,0,0,8,1,1,10000
Réseaux & Télécoms,OFPPT,Fès,15.49,0,8,9,6,7,2,1,0,0,6,0,0,0
Data Science,ENSA,Casablanca,14.54,0,6,4,3,9,2,3,0,0,6,0,0,0
GI,ENSA,Fès,12.8,0,8,9,4,7,2,3,0,0,6,0,0,0
GINF,OFPPT,Casablanca,15.64,3,6,9,8,3,6,3,0,0,5,1,0,0
Développement Web,ENSA,Tanger,14.3,2,9,10,10,5,5,3,1,0,10,1,1,12200
GI,Privée (EMSI/IGA),Marrakech,13.75,3,8,6,5,5,7,3,1,0,6,1,0,0
Réseaux & Télécoms,OFPPT,Marrakech,14.09,0,7,6,9,7,4,3,0,0,4,1,1,7400
Développement Web,FST,Casablanca,15.09,0,4,6,7,9,3,2,0,0,4,1,0,0
GINF,Privée (EMSI/IGA),Tanger,15.28,3,4,10,3,8,7,1,1,0,7,1,1,12400
GINF,ENSA,Fès,12.31,2,9,5,8,7,2,3,0,0,10,0,1,11200
Data Science,EST,Marrakech,11.13,2,10,8,5,10,2,2,1,0,9,1,1,8900
Développement Web,Faculté (FS),Casablanca,11.25,4,10,3,7,3,1,0,0,0,9,1,0,0
Data Science,EST,Fès,15.12,1,7,7,9,9,2,2,0,0,4,0,0,0
GI,Privée (EMSI/IGA),Tanger,16.98,0,4,8,5,5,1,1,0,0,7,1,0,0
Cybersécurité,ENSA,Rabat,13.28,2,9,7,10,3,3,0,1,0,8,1,1,11400
Cybersécurité,FST,Tanger,11.36,0,6,9,6,7,3,3,1,0,5,0,0,0
Cybersécurité,Faculté (FS),Kenitra,16.05,1,7,8,9,10,3,1,1,0,4,0,1,8500
Développement Web,Faculté (FS),Tanger,16.66,0,10,4,8,6,1,0,1,0,10,0,0,0
Cybersécurité,EST,Fès,17.04,2,6,3,3,7,5,2,0,0,6,1,0,0
GI,EST,Fès,14.85,4,7,3,3,5,5,0,0,0,10,0,0,0
Data Science,OFPPT,Agadir,16.89,3,6,5,8,3,6,1,0,0,10,1,1,7900
Développement Web,ENSA,Agadir,10.12,3,6,10,10,8,4,0,0,0,8,0,1,11500
Data Science,OFPPT,Fès,10.86,2,4,8,10,8,6,2,1,0,6,1,1,8400
Développement Web,Faculté (FS),Fès,10.74,2,7,6,4,5,4,0,1,0,7,0,0,0
Data Science,OFPPT,Rabat,15.7,1,8,3,4,7,6,2,1,0,10,1,1,7900
GINF,OFPPT,Rabat,10.56,0,4,8,10,7,7,0,0,0,10,1,1,7600
Data Science,ENSA,Tanger,13.97,1,6,6,5,4,5,2,0,0,7,1,0,0
Cybersécurité,Faculté (FS),Kenitra,13.78,3,6,5,6,7,6,2,0,0,10,1,0,0
GINF,OFPPT,Marrakech,12.49,0,10,9,5,5,5,2,0,0,5,1,0,0
Data Science,FST,Kenitra,16.96,1,8,9,7,9,2,3,0,1,10,1,1,11000
Développement Web,Privée (EMSI/IGA),Rabat,11.36,3,10,8,3,10,3,2,0,0,8,1,1,13400
Développement Web,FST,Tanger,12.82,0,8,8,5,9,5,1,1,0,7,0,1,9000
Développement Web,ENSA,Kenitra,16.19,4,6,4,5,3,7,2,0,0,6,0,0,0
Réseaux & Télécoms,EST,Casablanca,10.24,4,8,8,10,3,0,3,1,0,9,1,1,11300
GI,Privée (EMSI/IGA),Agadir,15.38,1,5,4,8,4,5,3,0,0,10,1,0,0
Développement Web,EST,Kenitra,16.53,2,10,6,9,8,2,1,1,0,4,0,0,0
GINF,OFPPT,Marrakech,17.46,0,10,10,3,5,5,2,0,1,4,0,0,0
Développement Web,OFPPT,Tanger,17.01,1,4,9,10,10,4,3,0,0,9,1,1,8500
Réseaux & Télécoms,EST,Kenitra,12.56,2,7,10,3,7,4,3,1,0,8,1,1,9700
Cybersécurité,ENSA,Fès,14.69,2,10,6,10,6,6,0,0,0,8,1,1,10200
GINF,OFPPT,Casablanca,10.62,0,8,9,4,3,3,0,0,0,7,1,0,0
Réseaux & Télécoms,EST,Agadir,12.06,0,8,9,4,5,1,1,1,0,4,1,0,0
Cybersécurité,OFPPT,Casablanca,10.75,2,5,3,3,9,7,0,0,0,9,1,0,0
GINF,FST,Tanger,12.52,3,7,5,9,4,7,2,0,0,5,1,0,0
Data Science,FST,Rabat,17.0,1,5,10,5,6,2,0,0,0,9,1,0,0
GI,OFPPT,Agadir,12.78,0,7,4,7,8,1,3,0,1,5,0,0,0
GI,EST,Casablanca,14.5,2,10,9,5,5,4,1,0,0,9,1,1,9700
Réseaux & Télécoms,FST,Rabat,13.47,3,10,3,9,10,6,0,0,0,9,0,1,10100
Cybersécurité,EST,Marrakech,13.67,4,4,10,7,7,3,1,1,0,9,1,1,9900
GI,EST,Tanger,17.76,2,8,7,3,8,4,2,0,0,9,1,1,8700
Cybersécurité,FST,Tanger,12.37,3,4,3,8,9,3,2,1,0,9,1,1,9900
Cybersécurité,OFPPT,Agadir,15.02,4,7,6,7,3,5,0,0,0,10,0,1,8200
Réseaux & Télécoms,EST,Casablanca,13.36,3,8,7,4,9,7,0,1,0,9,0,1,9400
Réseaux & Télécoms,FST,Marrakech,10.49,0,10,10,8,7,0,0,1,0,10,1,1,9000
Réseaux & Télécoms,Faculté (FS),Fès,13.91,2,5,3,10,4,1,3,1,1,5,1,0,0
GI,EST,Agadir,16.51,4,10,8,9,3,2,2,0,0,5,1,1,9900
Réseaux & Télécoms,EST,Fès,10.79,3,10,5,3,6,3,3,0,0,7,0,0,0
GI,Privée (EMSI/IGA),Agadir,10.56,4,6,4,9,3,5,0,0,0,9,0,0,0
Réseaux & Télécoms,OFPPT,Casablanca,11.23,1,5,8,6,9,5,2,0,0,6,1,0,0
Développement Web,Faculté (FS),Marrakech,16.12,2,6,7,7,7,6,3,0,0,10,1,1,9600
Cybersécurité,Faculté (FS),Casablanca,15.79,0,5,9,7,8,6,3,1,0,5,1,1,10000
Réseaux & Télécoms,ENSA,Tanger,14.52,4,7,5,10,5,0,1,1,0,7,0,0,0
GINF,Faculté (FS),Fès,13.75,3,4,9,9,9,5,3,0,0,5,0,1,10500
Cybersécurité,FST,Rabat,17.11,4,6,3,8,5,5,0,0,0,10,1,0,0
Cybersécurité,FST,Kenitra,16.13,3,7,8,6,5,0,0,1,0,5,0,0,0
Réseaux & Télécoms,EST,Tanger,16.5,4,4,6,6,10,7,3,0,0,9,1,1,9900
Data Science,ENSA,Tanger,16.51,0,4,10,3,9,1,1,0,1,10,1,0,0
Réseaux & Télécoms,ENSA,Fès,15.14,0,8,6,8,9,5,1,1,0,6,1,1,9600
Cybersécurité,Privée (EMSI/IGA),Agadir,13.66,2,10,5,10,9,3,1,0,0,10,1,1,10900
GINF,FST,Tanger,16.92,0,8,6,5,4,2,3,1,1,5,1,0,0
Cybersécurité,FST,Kenitra,17.41,4,10,4,6,4,2,3,1,0,7,1,1,11000
GINF,ENSA,Marrakech,10.19,4,8,10,9,5,2,1,0,0,10,0,1,12400
GI,ENSA,Tanger,10.41,0,6,9,7,6,4,3,0,1,9,0,0,0
Développement Web,OFPPT,Marrakech,17.67,1,6,5,6,7,7,2,1,0,7,1,0,0
Cybersécurité,FST,Casablanca,12.22,4,10,10,9,6,6,0,0,0,4,1,1,12000
Réseaux & Télécoms,FST,Agadir,16.99,2,4,5,3,9,4,3,0,1,8,1,0,0
GI,ENSA,Marrakech,13.11,1,6,6,3,9,3,2,0,0,5,1,0,0
Développement Web,OFPPT,Tanger,10.95,0,4,5,7,10,6,3,0,0,9,1,0,0
Réseaux & Télécoms,ENSA,Agadir,10.64,3,7,3,10,5,5,2,1,0,10,0,0,0
Data Science,ENSA,Kenitra,11.25,4,5,7,7,7,5,1,0,0,5,0,1,11800
Réseaux & Télécoms,FST,Agadir,12.0,3,4,8,7,4,6,0,0,1,7,1,0,0
GINF,EST,Marrakech,13.91,2,4,7,5,3,2,3,1,0,5,1,0,0
GINF,ENSA,Marrakech,15.61,1,7,10,7,3,0,2,0,0,10,1,0,0
Data Science,Faculté (FS),Rabat,17.89,3,10,9,10,7,5,2,0,0,9,1,1,11100
GI,Faculté (FS),Rabat,13.53,2,8,8,8,6,7,1,1,0,7,1,1,10000
Développement Web,OFPPT,Agadir,14.15,3,9,6,3,10,2,0,0,1,4,1,0,0
Réseaux & Télécoms,FST,Fès,14.17,3,10,10,10,7,3,0,1,0,9,1,1,10500
GINF,ENSA,Fès,14.32,2,8,4,3,6,2,0,0,1,10,1,0,0
GI,EST,Rabat,14.14,4,8,4,6,9,1,2,0,0,5,1,0,0
Data Science,Privée (EMSI/IGA),Tanger,10.07,3,10,6,7,8,2,3,0,0,9,0,1,12400
Cybersécurité,Faculté (FS),Casablanca,10.01,2,10,9,5,6,7,3,1,0,9,1,1,11000
GINF,OFPPT,Agadir,10.78,3,4,6,8,10,5,1,0,1,4,1,0,0
Data Science,ENSA,Casablanca,10.81,4,4,5,4,3,6,0,0,0,10,1,0,0
Réseaux & Télécoms,FST,Rabat,15.64,2,6,4,6,4,5,3,0,0,4,1,0,0
Développement Web,ENSA,Marrakech,11.64,3,6,10,10,5,0,2,0,0,8,1,0,0
GINF,Faculté (FS),Kenitra,17.16,0,5,7,8,9,3,2,0,1,10,1,1,8700
GINF,Privée (EMSI/IGA),Agadir,17.43,4,5,6,9,4,6,0,0,0,7,1,0,0
Réseaux & Télécoms,Privée (EMSI/IGA),Rabat,17.81,3,9,9,5,5,6,1,1,0,10,1,1,13200
Cybersécurité,FST,Tanger,17.51,1,10,10,7,8,6,1,1,0,4,1,1,9900
GI,FST,Kenitra,12.18,2,6,9,5,3,3,0,0,1,7,0,0,0
Développement Web,Privée (EMSI/IGA),Agadir,14.08,3,10,7,4,9,0,2,0,0,8,0,1,12200
GINF,Faculté (FS),Agadir,11.4,4,4,8,8,5,3,1,0,0,7,1,0,0
Développement Web,ENSA,Fès,16.45,4,7,7,5,8,2,2,1,0,9,1,1,12200
GINF,FST,Marrakech,17.11,1,6,9,9,9,3,2,0,0,10,1,1,10100
Développement Web,ENSA,Agadir,16.81,1,4,4,4,6,2,3,0,0,8,0,0,0
Data Science,FST,Marrakech,13.47,3,10,8,4,7,3,1,0,0,5,0,0,0
GINF,FST,Rabat,16.07,0,6,10,8,9,5,2,1,0,8,0,1,10800
Développement Web,Faculté (FS),Tanger,10.78,4,8,7,4,9,7,3,0,0,8,0,1,10600
GI,EST,Kenitra,10.32,0,6,5,8,5,2,2,1,0,10,1,0,0
Data Science,ENSA,Kenitra,16.03,0,10,5,5,4,2,0,0,0,8,1,0,0
Data Science,FST,Tanger,13.4,3,10,4,9,3,7,1,0,0,6,0,1,9700
GI,OFPPT,Agadir,17.96,2,9,10,7,3,7,2,0,0,4,1,1,8800
Développement Web,Faculté (FS),Agadir,10.78,2,10,5,3,9,5,1,1,0,7,1,0,0
Réseaux & Télécoms,EST,Rabat,16.85,2,8,6,10,9,0,3,0,0,9,1,1,9900
GI,Privée (EMSI/IGA),Fès,13.84,1,4,8,3,8,0,1,0,0,7,0,0,0
Développement Web,Privée (EMSI/IGA),Fès,16.62,4,8,4,5,7,5,2,0,0,10,0,1,12100
GI,ENSA,Fès,16.54,1,6,8,7,6,4,1,0,0,6,1,0,0
GI,ENSA,Marrakech,17.33,4,8,10,3,9,0,0,0,1,5,1,0,0
GINF,OFPPT,Fès,12.38,4,9,9,9,6,2,0,0,0,10,0,1,8800
Développement Web,OFPPT,Tanger,17.6,4,7,7,4,10,6,3,0,0,9,0,1,9600
Réseaux & Télécoms,Privée (EMSI/IGA),Kenitra,11.21,3,8,6,5,3,2,2,0,1,10,0,1,12500
GINF,OFPPT,Kenitra,10.66,2,10,4,5,6,3,1,0,0,10,1,0,0
GI,Faculté (FS),Marrakech,13.45,1,9,7,6,9,3,3,0,0,10,1,1,9100
Cybersécurité,FST,Rabat,16.63,1,8,7,6,9,4,3,0,0,10,1,1,11100
GI,ENSA,Tanger,13.79,3,5,7,6,8,7,2,0,0,4,1,1,11700
GI,ENSA,Kenitra,16.63,4,7,7,8,7,2,1,0,0,4,1,1,11800
Développement Web,FST,Tanger,15.84,2,4,7,7,3,7,3,1,0,4,1,0,0
Développement Web,Faculté (FS),Kenitra,11.68,0,10,4,10,6,4,3,0,0,10,0,0,0
GINF,Faculté (FS),Casablanca,17.59,0,9,5,5,5,2,2,0,0,4,1,0,0
Réseaux & Télécoms,OFPPT,Rabat,10.49,3,8,7,6,5,0,2,1,0,6,1,0,0
GINF,EST,Rabat,17.19,2,7,9,5,8,3,3,0,0,7,1,1,10500
Data Science,Faculté (FS),Casablanca,12.44,0,4,9,4,6,5,1,1,0,10,0,0,0
GI,ENSA,Marrakech,14.0,0,7,6,6,5,5,3,0,0,5,0,0,0
Cybersécurité,FST,Kenitra,13.38,1,9,4,5,7,6,0,0,0,9,1,0,0
GI,OFPPT,Kenitra,11.37,2,5,3,7,4,4,2,0,0,9,1,0,0
GI,Faculté (FS),Kenitra,12.87,0,9,5,8,7,1,0,1,1,10,1,1,7500
GINF,Privée (EMSI/IGA),Fès,11.54,1,9,6,9,8,5,1,0,0,5,0,1,10600
Cybersécurité,EST,Fès,11.63,2,4,9,7,7,6,2,1,0,5,1,0,0
Cybersécurité,FST,Fès,11.5,4,4,7,7,6,2,1,0,1,6,1,0,0
Cybersécurité,EST,Fès,13.91,2,8,4,9,9,0,0,1,0,6,1,0,0
GINF,FST,Fès,16.38,3,6,4,6,7,1,1,0,0,8,0,0,0
GI,OFPPT,Casablanca,14.55,1,9,7,7,6,0,2,0,0,6,1,0,0
GINF,Faculté (FS),Rabat,17.15,4,4,9,8,3,0,0,1,0,4,1,0,0
Développement Web,OFPPT,Marrakech,15.09,1,9,6,3,6,2,2,1,0,10,1,0,0
Développement Web,ENSA,Tanger,15.51,1,9,4,10,8,0,0,0,0,7,1,1,9300
GINF,OFPPT,Fès,15.34,0,4,8,8,6,7,3,0,0,5,1,0,0
Cybersécurité,ENSA,Casablanca,13.6,2,5,9,4,3,4,1,0,0,6,1,0,0
GI,OFPPT,Kenitra,15.51,1,5,9,8,9,1,1,0,0,7,1,1,7700
GINF,EST,Marrakech,10.56,1,9,5,5,4,0,2,1,0,4,1,0,0
GINF,EST,Marrakech,16.88,3,5,6,3,8,7,3,0,0,6,0,0,0
GINF,FST,Marrakech,16.22,3,9,9,6,10,7,2,0,0,6,1,1,11100
Data Science,Privée (EMSI/IGA),Casablanca,11.96,3,8,10,5,3,5,2,1,0,7,1,1,13800
Développement Web,ENSA,Tanger,16.14,1,4,7,9,6,5,0,0,0,9,1,1,9900
Cybersécurité,EST,Fès,10.1,4,9,10,8,8,0,3,0,0,10,1,1,10700
Réseaux & Télécoms,OFPPT,Marrakech,11.74,2,5,9,5,5,3,0,0,0,9,1,0,0
Cybersécurité,EST,Casablanca,10.52,1,5,10,7,6,3,2,1,0,4,0,0,0
Réseaux & Télécoms,ENSA,Kenitra,16.24,0,7,6,5,3,4,0,0,0,6,1,0,0
Data Science,FST,Rabat,16.05,4,7,10,5,10,5,0,0,0,7,0,1,12000
GINF,EST,Kenitra,16.51,4,10,8,8,10,3,1,1,0,4,0,1,9500
Data Science,Privée (EMSI/IGA),Casablanca,10.04,2,5,9,4,6,0,3,0,0,6,1,0,0
Data Science,OFPPT,Casablanca,14.01,4,10,6,9,9,5,1,0,0,9,1,1,9600
GI,FST,Casablanca,15.64,2,10,9,8,3,0,3,0,0,6,1,1,12000
Développement Web,Privée (EMSI/IGA),Marrakech,11.24,4,10,3,6,7,1,1,1,0,5,0,0,0
Réseaux & Télécoms,FST,Casablanca,15.2,2,8,10,10,4,5,2,1,0,8,0,1,11800
GINF,ENSA,Rabat,10.67,3,6,10,10,4,3,1,0,0,4,0,0,0
Réseaux & Télécoms,EST,Marrakech,11.45,3,9,7,9,10,2,3,0,0,7,1,1,9600
Cybersécurité,FST,Kenitra,13.81,4,7,5,3,8,3,3,0,0,5,1,0,0
Réseaux & Télécoms,ENSA,Rabat,15.23,4,9,7,7,3,0,3,0,0,6,1,0,0
Cybersécurité,Privée (EMSI/IGA),Agadir,11.17,2,7,3,4,10,1,1,1,1,7,1,0,0
Développement Web,OFPPT,Kenitra,11.48,2,4,7,3,4,3,0,0,0,5,0,0,0
Cybersécurité,EST,Casablanca,11.64,1,4,7,3,5,1,1,0,1,5,0,0,0
Réseaux & Télécoms,Faculté (FS),Fès,11.91,3,5,5,9,8,3,0,0,0,9,1,1,8500
Réseaux & Télécoms,OFPPT,Fès,11.81,1,4,10,4,5,4,1,0,0,9,1,0,0
Cybersécurité,Privée (EMSI/IGA),Marrakech,13.16,1,4,3,7,4,0,2,0,0,8,0,0,0
Data Science,OFPPT,Fès,15.23,0,6,7,6,3,0,2,1,0,9,1,0,0
Développement Web,FST,Kenitra,13.5,2,10,8,4,8,7,1,0,0,5,1,1,10000
GI,OFPPT,Marrakech,16.21,0,8,9,4,5,2,1,0,1,4,1,0,0
GINF,Faculté (FS),Kenitra,15.75,0,5,7,4,9,0,1,0,0,8,1,0,0
Réseaux & Télécoms,Faculté (FS),Casablanca,11.01,1,6,4,10,4,7,2,0,0,8,0,1,9100
GINF,ENSA,Tanger,10.39,0,5,7,7,6,2,0,1,0,6,1,0,0
GI,ENSA,Tanger,17.02,2,8,5,10,5,7,3,0,0,6,1,1,11200
GINF,FST,Rabat,10.64,1,5,4,4,7,7,0,0,0,4,1,0,0
GI,EST,Casablanca,11.19,2,9,8,4,8,0,1,0,0,7,1,0,0
Cybersécurité,ENSA,Fès,10.18,4,9,9,5,5,6,2,1,0,9,1,1,12600
Data Science,OFPPT,Casablanca,15.03,0,9,8,5,8,3,3,1,1,9,1,1,9300
Réseaux & Télécoms,ENSA,Agadir,14.66,1,4,8,5,4,7,0,0,0,4,1,0,0
GI,Faculté (FS),Tanger,17.9,3,8,3,5,10,7,1,1,0,8,0,0,0
GINF,FST,Fès,17.1,2,6,8,4,4,3,2,0,0,6,1,0,0
Réseaux & Télécoms,Privée (EMSI/IGA),Kenitra,13.29,0,6,6,10,8,4,2,0,0,4,1,0,0
Data Science,FST,Kenitra,12.97,2,7,5,9,4,3,3,1,0,6,1,0,0
Cybersécurité,ENSA,Tanger,12.37,2,6,3,10,3,6,0,0,0,4,1,0,0
Réseaux & Télécoms,Faculté (FS),Casablanca,11.22,4,10,4,5,8,1,2,1,0,9,1,0,0
GI,OFPPT,Fès,11.1,2,9,6,3,3,6,1,0,0,4,1,0,0
Data Science,Privée (EMSI/IGA),Rabat,11.06,4,10,3,9,8,7,1,0,0,5,1,1,12500
GINF,FST,Kenitra,10.91,4,10,5,6,6,3,3,0,0,4,1,1,11200
Data Science,EST,Casablanca,11.92,4,9,4,5,6,2,0,1,1,6,1,0,0
Data Science,Privée (EMSI/IGA),Rabat,12.45,0,7,5,7,5,5,2,0,1,4,0,0,0
Développement Web,ENSA,Fès,17.69,2,4,5,6,4,4,3,0,0,7,1,0,0
Data Science,Faculté (FS),Tanger,14.63,2,6,4,10,10,5,0,1,0,9,1,1,7800
Data Science,FST,Agadir,17.9,4,8,8,10,6,5,0,0,0,9,1,1,10600
Réseaux & Télécoms,ENSA,Marrakech,12.98,2,7,7,8,4,1,2,0,0,5,1,0,0
GINF,EST,Tanger,13.66,2,6,5,10,5,6,3,0,0,4,1,0,0
Réseaux & Télécoms,EST,Rabat,12.6,4,4,8,8,3,1,3,0,0,7,1,0,0
Réseaux & Télécoms,Faculté (FS),Casablanca,11.46,3,10,9,3,6,0,3,1,0,6,1,1,11500
GI,Privée (EMSI/IGA),Kenitra,11.15,3,8,4,6,10,7,3,1,0,10,1,1,12000
Réseaux & Télécoms,EST,Fès,17.56,4,8,5,6,7,6,0,0,1,10,1,1,9000
Développement Web,OFPPT,Tanger,17.89,0,10,7,10,10,2,3,1,1,7,0,1,8100
Développement Web,ENSA,Kenitra,10.36,2,4,9,3,7,5,3,0,0,9,1,1,12000
GI,FST,Kenitra,11.2,2,6,4,8,7,3,2,0,0,5,0,0,0
Cybersécurité,ENSA,Agadir,13.39,3,10,10,5,9,3,1,0,0,6,0,1,11900
GINF,Privée (EMSI/IGA),Fès,11.49,4,5,3,3,7,7,0,1,0,10,1,0,0
GINF,OFPPT,Rabat,12.91,0,6,3,7,7,6,2,0,1,4,1,0,0
Réseaux & Télécoms,Faculté (FS),Fès,11.03,4,10,10,3,7,0,2,0,0,4,0,0,0
Réseaux & Télécoms,OFPPT,Fès,13.65,3,10,8,4,7,3,2,1,0,7,1,1,8900
Cybersécurité,Faculté (FS),Casablanca,12.17,3,7,3,8,6,6,0,0,1,4,1,0,0
Réseaux & Télécoms,Privée (EMSI/IGA),Marrakech,12.82,2,7,6,4,7,1,1,1,0,10,1,0,0
GINF,OFPPT,Kenitra,10.75,1,6,10,8,10,3,0,1,0,6,1,0,0
Data Science,Privée (EMSI/IGA),Rabat,13.43,0,9,5,8,8,5,3,0,0,10,0,1,11700
Développement Web,FST,Casablanca,17.87,0,7,5,6,8,3,1,1,0,9,1,0,0
Data Science,ENSA,Kenitra,12.63,1,5,4,5,7,1,0,1,0,6,0,0,0
Data Science,FST,Marrakech,17.01,3,9,6,5,9,2,0,0,0,4,1,0,0
GINF,ENSA,Casablanca,16.75,4,5,5,8,5,5,3,1,0,7,0,0,0
Data Science,Faculté (FS),Marrakech,17.62,0,8,4,8,6,2,0,0,1,4,1,0,0
Cybersécurité,FST,Marrakech,16.32,1,7,7,10,10,1,1,0,1,9,1,0,0
GI,Faculté (FS),Marrakech,15.28,2,10,5,4,8,1,2,0,0,8,1,1,8800
Réseaux & Télécoms,ENSA,Casablanca,16.85,2,9,8,10,10,5,0,1,0,4,1,1,11600
GI,ENSA,Fès,10.61,3,6,5,10,5,7,0,0,0,5,1,1,10500
Développement Web,FST,Marrakech,13.7,0,9,7,7,4,4,1,0,0,4,1,0,0
Réseaux & Télécoms,Privée (EMSI/IGA),Fès,17.91,4,10,7,3,7,4,0,1,0,9,1,0,0
Data Science,EST,Kenitra,16.16,0,8,5,8,10,3,2,0,0,8,0,0,0
Développement Web,FST,Kenitra,17.7,2,5,7,10,3,5,3,0,0,5,1,0,0
Réseaux & Télécoms,OFPPT,Rabat,16.24,0,8,4,8,10,5,3,0,0,7,1,0,0
Cybersécurité,Faculté (FS),Agadir,17.0,2,4,5,3,9,7,3,0,0,5,1,0,0
Cybersécurité,EST,Fès,15.65,1,7,5,3,10,6,2,0,0,6,1,0,0
Cybersécurité,FST,Kenitra,16.08,1,6,3,7,9,6,3,0,0,9,1,0,0
Cybersécurité,ENSA,Agadir,14.19,2,5,8,7,9,3,1,0,0,8,0,1,11000
Data Science,Privée (EMSI/IGA),Marrakech,17.39,4,8,5,3,7,4,1,0,0,6,0,0,0
GI,ENSA,Agadir,16.6,4,6,9,8,10,6,2,0,0,6,0,1,12600
Réseaux & Télécoms,EST,Agadir,16.75,0,7,3,8,7,3,2,0,0,10,1,0,0
Data Science,ENSA,Marrakech,15.38,2,10,7,3,5,2,2,0,1,5,0,0,0
Cybersécurité,ENSA,Fès,12.44,3,6,8,8,9,7,1,1,0,5,1,1,11500
GI,OFPPT,Marrakech,10.29,4,7,8,7,9,2,2,0,0,6,1,1,9400
Développement Web,ENSA,Rabat,17.49,4,7,7,3,9,6,2,0,0,9,1,1,13200
Développement Web,ENSA,Tanger,14.69,1,7,4,7,4,7,3,0,0,7,1,0,0
Développement Web,FST,Casablanca,12.39,4,8,10,8,5,0,2,0,0,4,1,0,0
Cybersécurité,ENSA,Marrakech,11.19,4,10,10,8,6,4,0,1,0,4,1,1,12000
Développement Web,ENSA,Marrakech,16.64,4,7,3,6,9,2,3,0,0,8,1,1,11800
GINF,OFPPT,Agadir,16.69,2,6,5,4,4,6,1,0,0,5,0,0,0
Réseaux & Télécoms,OFPPT,Rabat,16.52,2,10,3,4,10,0,1,0,0,4,1,0,0
Réseaux & Télécoms,Privée (EMSI/IGA),Kenitra,15.16,1,4,7,9,8,7,1,0,0,7,1,1,10800
Cybersécurité,OFPPT,Kenitra,12.93,0,6,7,7,4,1,3,0,0,8,1,0,0
GINF,Faculté (FS),Agadir,12.43,4,8,9,3,10,6,1,0,0,9,1,1,10200
Data Science,ENSA,Fès,10.07,0,7,10,4,4,5,3,0,1,5,0,0,0
Data Science,OFPPT,Marrakech,16.67,2,10,4,8,5,2,3,0,0,4,0,0,0
Développement Web,OFPPT,Marrakech,10.7,4,4,10,10,7,0,0,0,1,6,0,0,0
GI,OFPPT,Agadir,15.05,0,8,8,5,7,3,0,0,0,7,1,0,0
Data Science,FST,Marrakech,14.03,0,5,8,3,7,6,0,1,0,10,1,0,0
GI,ENSA,Fès,14.21,3,5,7,7,10,5,0,0,0,7,1,1,10900
Réseaux & Télécoms,OFPPT,Tanger,17.41,2,5,3,8,10,0,0,0,0,5,1,0,0
GI,OFPPT,Casablanca,10.25,1,4,8,8,10,2,1,0,0,9,0,1,8500
Réseaux & Télécoms,Privée (EMSI/IGA),Casablanca,16.19,1,10,9,5,7,3,1,1,0,7,0,1,12200
GINF,ENSA,Casablanca,10.42,3,6,9,7,7,6,1,1,0,5,1,1,12700
GINF,ENSA,Tanger,10.31,0,4,5,9,6,7,0,0,0,7,0,0,0
Cybersécurité,ENSA,Marrakech,13.44,3,10,5,3,3,3,2,0,0,10,1,0,0
Cybersécurité,OFPPT,Agadir,10.5,3,4,3,8,8,0,1,1,1,4,1,0,0
Développement Web,ENSA,Kenitra,16.31,2,10,10,9,4,6,1,0,0,10,1,1,11400
Data Science,ENSA,Rabat,14.24,4,4,10,6,3,7,2,1,0,9,1,1,13800
Développement Web,Privée (EMSI/IGA),Marrakech,10.23,0,5,4,8,6,0,0,0,0,10,1,0,0
Réseaux & Télécoms,ENSA,Tanger,10.32,1,9,5,6,9,2,3,0,0,5,0,0,0
Développement Web,OFPPT,Fès,14.9,1,10,3,10,9,3,2,1,0,7,1,0,0
GI,EST,Tanger,16.45,3,10,3,6,7,4,2,1,0,4,1,1,8400
Réseaux & Télécoms,OFPPT,Kenitra,13.5,3,10,7,3,9,6,1,0,0,9,1,1,8300
Cybersécurité,Faculté (FS),Casablanca,14.44,3,6,8,10,6,7,1,1,1,4,0,1,11000
GINF,Privée (EMSI/IGA),Marrakech,16.4,0,9,7,3,8,0,0,1,1,4,1,0,0
Cybersécurité,Privée (EMSI/IGA),Kenitra,14.88,3,9,8,5,8,4,3,0,1,10,1,1,13300
Data Science,ENSA,Casablanca,11.8,3,4,4,8,6,6,3,0,1,9,1,0,0
Réseaux & Télécoms,ENSA,Rabat,14.9,4,6,4,3,9,4,2,0,0,10,1,1,12600
Réseaux & Télécoms,EST,Fès,15.03,0,9,4,3,3,6,0,1,0,5,1,0,0
GI,Faculté (FS),Casablanca,15.87,2,7,3,5,4,6,3,0,0,5,0,0,0
Data Science,OFPPT,Rabat,14.97,2,4,3,5,5,3,2,0,0,7,1,0,0
GINF,FST,Tanger,17.75,4,4,10,8,5,2,1,0,0,9,1,1,11400
Réseaux & Télécoms,Faculté (FS),Casablanca,11.58,1,4,7,9,8,4,3,0,0,10,1,1,10100
Réseaux & Télécoms,ENSA,Casablanca,17.61,2,7,5,7,4,2,2,0,0,10,0,0,0
GI,OFPPT,Agadir,14.31,0,7,9,4,7,7,3,0,0,9,1,0,0
Développement Web,Privée (EMSI/IGA),Fès,15.38,1,5,8,8,6,0,0,1,0,10,1,0,0
GINF,EST,Fès,10.8,3,8,8,4,9,3,2,0,0,9,1,1,9400
Cybersécurité,FST,Kenitra,13.04,0,6,4,10,7,1,0,0,0,6,0,0,0
Data Science,ENSA,Tanger,16.16,1,8,10,10,8,3,2,0,0,6,1,1,11300
Réseaux & Télécoms,Faculté (FS),Agadir,15.66,2,4,8,7,10,1,1,0,1,8,1,0,0
Réseaux & Télécoms,FST,Kenitra,10.32,3,9,6,6,6,5,3,0,0,6,1,1,10900
Cybersécurité,ENSA,Rabat,14.37,3,4,4,9,5,6,1,0,0,9,1,0,0
GINF,FST,Kenitra,10.71,0,9,9,8,10,0,0,0,0,10,0,0,0
Développement Web,EST,Rabat,17.97,3,5,8,3,8,2,3,0,0,6,1,0,0
Réseaux & Télécoms,FST,Tanger,17.18,1,10,7,5,8,0,1,0,0,7,1,1,9300
GINF,Faculté (FS),Fès,10.17,4,8,8,8,4,3,2,0,0,5,1,1,10400
Cybersécurité,ENSA,Rabat,16.87,2,10,3,5,3,1,2,1,1,6,1,0,0
GI,OFPPT,Tanger,17.36,0,10,7,6,8,5,1,0,0,8,1,0,0
Développement Web,OFPPT,Kenitra,12.83,4,4,7,5,3,1,3,1,1,7,1,0,0
Data Science,EST,Rabat,15.76,4,8,7,6,4,3,0,1,1,4,1,1,10400
Réseaux & Télécoms,ENSA,Marrakech,13.54,0,5,6,9,8,3,2,0,0,4,0,0,0
GINF,OFPPT,Casablanca,15.24,1,8,6,7,10,6,0,1,1,8,1,1,8200
GI,Privée (EMSI/IGA),Kenitra,12.72,2,9,8,6,9,6,3,0,0,5,1,1,12300
Data Science,ENSA,Fès,12.58,0,6,4,10,8,0,3,0,0,9,0,0,0
GINF,EST,Kenitra,13.4,4,10,10,4,10,4,2,1,0,4,0,1,10300
GINF,ENSA,Marrakech,11.16,4,5,8,10,10,1,0,0,1,5,1,1,12100
Data Science,Faculté (FS),Tanger,16.65,0,8,8,8,5,3,3,0,0,6,1,1,8800
GI,ENSA,Tanger,12.79,4,4,10,10,6,7,0,1,1,6,0,1,12500
Cybersécurité,EST,Kenitra,13.2,0,7,10,10,10,6,2,0,0,6,1,1,8300
GI,Faculté (FS),Marrakech,17.15,0,7,8,10,9,6,2,0,0,4,1,1,8400
Développement Web,Faculté (FS),Kenitra,13.97,2,5,10,6,3,0,3,0,0,4,1,0,0
Réseaux & Télécoms,EST,Casablanca,14.35,0,7,9,8,5,4,3,0,0,5,1,1,9500
Data Science,FST,Casablanca,17.65,4,6,3,7,9,6,0,0,0,5,1,1,10600
Cybersécurité,Faculté (FS),Agadir,17.09,3,5,7,9,8,2,3,1,0,9,1,0,0
Data Science,ENSA,Rabat,11.36,2,4,5,10,4,3,2,1,1,8,1,0,0
Data Science,ENSA,Agadir,13.79,4,4,9,6,7,4,3,0,1,9,0,1,13500
GI,OFPPT,Casablanca,17.77,4,5,4,7,5,2,1,0,0,10,0,0,0
Réseaux & Télécoms,ENSA,Marrakech,12.98,2,7,4,4,5,6,2,1,0,6,1,0,0
Développement Web,OFPPT,Rabat,12.97,2,7,7,9,7,5,0,0,0,7,0,1,8400
GINF,Privée (EMSI/IGA),Marrakech,11.56,4,4,4,3,8,6,3,0,0,7,1,1,12500
GINF,EST,Agadir,10.91,3,6,7,7,5,2,3,0,1,6,1,0,0
Data Science,EST,Tanger,15.92,1,9,4,3,3,7,2,0,0,8,1,0,0
Réseaux & Télécoms,Faculté (FS),Marrakech,16.16,4,7,8,7,8,6,2,0,0,9,1,1,10400
Cybersécurité,OFPPT,Agadir,17.75,2,6,3,10,10,0,0,0,1,5,1,1,7100
GI,Privée (EMSI/IGA),Agadir,16.19,0,10,9,9,3,1,2,0,0,4,0,1,11100
Réseaux & Télécoms,OFPPT,Agadir,11.95,0,7,9,6,3,3,0,0,0,8,0,0,0
Réseaux & Télécoms,ENSA,Tanger,10.32,2,9,4,3,5,4,3,0,0,10,0,0,0
GI,Faculté (FS),Tanger,17.88,2,5,9,9,10,5,0,0,1,8,1,1,9300
Data Science,FST,Kenitra,12.72,1,8,4,7,8,5,0,0,0,10,1,0,0
Réseaux & Télécoms,FST,Tanger,12.5,2,4,10,8,10,2,0,0,0,6,0,0,0
GINF,ENSA,Rabat,17.25,0,5,10,7,5,5,3,1,0,5,1,1,12200
GI,ENSA,Tanger,14.68,3,7,10,3,5,1,1,0,0,7,1,0,0
Cybersécurité,OFPPT,Tanger,11.72,2,9,5,8,8,2,1,0,0,10,1,1,7400
Développement Web,FST,Tanger,17.11,1,4,9,10,8,3,0,0,0,7,1,1,9300
Data Science,EST,Marrakech,17.95,3,8,3,9,8,6,2,0,0,9,1,1,8400
GI,EST,Tanger,10.69,1,8,9,7,9,3,1,0,1,10,1,1,8700
Développement Web,OFPPT,Rabat,16.9,3,9,8,3,8,5,3,0,1,9,0,1,10800
Développement Web,OFPPT,Agadir,13.12,2,9,3,4,4,0,0,1,0,7,0,0,0
Cybersécurité,EST,Marrakech,14.19,0,7,9,5,8,3,1,0,0,8,1,0,0
Réseaux & Télécoms,ENSA,Casablanca,17.32,3,4,3,4,7,3,3,1,0,9,0,0,0
Cybersécurité,EST,Tanger,17.79,4,10,9,3,8,3,0,0,0,4,1,0,0
Réseaux & Télécoms,Privée (EMSI/IGA),Kenitra,12.1,1,10,4,6,5,7,1,1,1,5,1,0,0
Réseaux & Télécoms,Faculté (FS),Kenitra,11.7,3,7,6,6,7,1,0,0,0,4,1,0,0
GI,FST,Agadir,10.64,1,8,10,5,9,4,1,1,0,7,0,1,9900
GI,Faculté (FS),Agadir,14.49,0,5,4,3,6,7,1,0,0,4,1,0,0
Data Science,EST,Marrakech,10.11,1,5,7,8,3,4,2,0,0,8,1,0,0
Réseaux & Télécoms,OFPPT,Kenitra,13.3,1,6,10,7,4,5,1,1,0,6,0,1,7900
Développement Web,FST,Casablanca,10.59,4,8,9,4,7,3,2,0,0,4,1,1,12600
GINF,ENSA,Fès,13.24,1,10,5,8,9,4,3,1,0,9,1,1,10700
Data Science,ENSA,Kenitra,10.32,3,10,3,9,3,7,1,0,0,4,1,0,0
GI,FST,Kenitra,16.68,1,8,7,4,10,7,0,0,1,4,1,0,0
Cybersécurité,Privée (EMSI/IGA),Rabat,11.68,2,7,8,5,4,5,2,0,1,9,1,1,13400
Data Science,EST,Fès,12.63,1,6,10,10,8,3,1,0,0,7,1,1,8400
Data Science,OFPPT,Agadir,16.96,2,9,7,5,10,4,2,0,0,4,1,0,0
Data Science,OFPPT,Fès,15.97,1,6,10,9,9,4,0,0,0,5,1,1,7500
Data Science,ENSA,Kenitra,11.75,1,4,6,5,3,5,0,0,0,8,1,0,0
GINF,ENSA,Agadir,10.58,3,7,9,10,9,6,0,0,0,5,0,1,11300
Cybersécurité,ENSA,Fès,15.73,2,9,3,9,5,2,3,1,0,5,0,0,0
Cybersécurité,OFPPT,Agadir,13.13,2,9,4,8,5,5,3,0,0,7,1,0,0
Cybersécurité,ENSA,Agadir,16.13,4,10,3,8,8,1,0,0,0,4,0,0,0
Réseaux & Télécoms,EST,Marrakech,13.56,1,5,10,5,3,2,3,0,1,8,1,0,0
Développement Web,FST,Casablanca,12.77,1,4,5,8,8,2,3,1,0,8,1,0,0
Cybersécurité,OFPPT,Agadir,13.61,3,6,3,5,8,4,3,0,0,8,1,0,0
Data Science,ENSA,Rabat,15.99,4,5,7,10,4,0,3,0,0,4,1,0,0
Data Science,FST,Kenitra,17.22,4,8,7,8,3,0,3,0,0,8,1,0,0
Cybersécurité,FST,Kenitra,10.4,3,7,4,5,6,6,3,1,0,10,1,0,0
Cybersécurité,FST,Rabat,14.19,2,6,4,7,8,1,0,0,0,8,1,0,0
Data Science,OFPPT,Tanger,10.26,0,8,4,10,4,3,3,0,0,10,1,0,0
Réseaux & Télécoms,ENSA,Agadir,13.75,3,9,8,7,4,4,3,0,0,6,0,0,0
GI,OFPPT,Agadir,17.08,2,10,9,9,3,7,2,0,1,6,1,1,9100
GI,Faculté (FS),Agadir,12.89,4,6,5,4,7,1,2,0,0,8,1,1,9800
Cybersécurité,Faculté (FS),Fès,17.46,3,5,8,9,9,2,3,0,1,9,0,1,10800
GINF,Faculté (FS),Agadir,15.04,0,4,10,4,8,4,1,0,0,5,1,1,8400
Cybersécurité,FST,Agadir,17.47,1,5,8,9,8,2,1,0,0,9,0,1,9500
Cybersécurité,ENSA,Rabat,16.06,3,7,8,5,3,1,3,1,0,4,1,0,0
GI,Faculté (FS),Casablanca,10.83,0,10,10,4,7,0,0,0,0,5,1,0,0
Data Science,FST,Casablanca,11.85,0,7,3,8,4,1,0,0,0,5,0,0,0
Cybersécurité,Faculté (FS),Tanger,13.15,3,6,6,5,10,5,2,0,0,4,0,1,9500
Data Science,EST,Rabat,11.36,2,5,10,7,9,4,0,1,0,4,1,1,9500
Data Science,Privée (EMSI/IGA),Agadir,13.96,3,4,9,6,5,7,0,0,0,7,1,0,0
GINF,Faculté (FS),Casablanca,13.77,4,9,3,7,8,4,0,1,0,7,1,1,9600
Data Science,ENSA,Marrakech,17.65,0,7,10,3,5,6,3,0,0,10,1,1,11200
GI,FST,Marrakech,13.47,0,4,4,7,9,3,3,0,0,7,0,0,0
Réseaux & Télécoms,OFPPT,Marrakech,16.29,1,8,10,3,8,0,1,0,0,8,0,0,0
Réseaux & Télécoms,OFPPT,Agadir,17.54,0,6,5,4,9,4,2,1,1,9,1,0,0
Développement Web,FST,Agadir,17.02,1,4,10,7,3,0,1,1,1,8,1,0,0
Cybersécurité,OFPPT,Tanger,11.67,0,6,8,6,8,4,0,1,0,8,1,0,0
GI,EST,Kenitra,13.97,0,8,3,8,7,0,0,1,1,9,0,0,0
Data Science,FST,Tanger,12.78,3,4,9,7,8,6,1,0,0,7,0,1,10700
Réseaux & Télécoms,OFPPT,Tanger,13.2,3,10,7,8,3,5,1,0,0,9,0,1,8300
GI,OFPPT,Fès,12.89,4,4,9,7,9,6,3,0,1,4,1,1,10500
Réseaux & Télécoms,Faculté (FS),Marrakech,16.61,2,9,8,7,6,1,3,1,0,8,1,1,9800
Data Science,OFPPT,Agadir,13.62,4,8,9,10,3,0,2,0,0,4,0,1,9600
Réseaux & Télécoms,ENSA,Marrakech,14.19,0,10,3,8,3,2,3,0,1,9,0,0,0
Cybersécurité,OFPPT,Tanger,17.86,4,10,7,8,10,5,0,0,1,10,1,1,8900
Cybersécurité,EST,Agadir,10.48,3,5,10,5,10,1,0,1,0,7,1,0,0
Développement Web,ENSA,Rabat,13.9,0,4,3,7,3,4,1,1,1,4,0,0,0
Développement Web,ENSA,Casablanca,16.19,0,9,10,7,3,4,2,0,0,8,0,0,0
Réseaux & Télécoms,FST,Casablanca,11.21,4,4,3,10,7,3,3,1,0,4,1,1,11800
GI,EST,Tanger,14.89,1,9,10,6,8,7,2,0,0,10,1,1,8800
Cybersécurité,EST,Kenitra,11.92,2,10,8,8,7,5,0,0,1,7,1,1,8600
GI,ENSA,Marrakech,16.94,4,7,10,10,7,7,0,1,0,8,1,1,12000
GI,EST,Rabat,12.62,4,10,3,8,6,2,3,0,1,10,1,1,10800
Réseaux & Télécoms,Faculté (FS),Agadir,12.63,2,5,4,3,6,5,3,0,1,8,0,0,0
GI,FST,Kenitra,14.79,0,4,9,3,8,6,3,0,1,7,1,0,0
Cybersécurité,EST,Marrakech,11.47,0,8,7,8,8,3,1,0,0,5,1,0,0
Data Science,OFPPT,Tanger,12.28,1,6,10,6,9,6,0,0,0,6,1,0,0
Développement Web,OFPPT,Marrakech,13.33,4,8,5,10,3,5,1,0,0,7,1,1,8400
Data Science,OFPPT,Tanger,12.83,2,5,6,4,7,6,0,1,0,9,1,0,0
GI,EST,Fès,14.2,4,7,9,7,6,1,3,1,1,4,1,1,11000
Data Science,OFPPT,Casablanca,14.8,3,7,8,4,5,3,0,0,0,5,1,0,0
Cybersécurité,ENSA,Kenitra,14.53,4,7,7,6,3,1,0,0,0,7,1,0,0
Cybersécurité,ENSA,Casablanca,15.23,4,9,4,4,9,3,2,1,0,6,1,1,12600
GI,EST,Marrakech,12.46,3,8,7,3,4,0,0,0,0,8,1,0,0
Réseaux & Télécoms,OFPPT,Rabat,11.01,3,6,5,5,7,7,0,0,0,9,1,1,8500
Data Science,ENSA,Agadir,16.09,2,10,8,4,3,1,2,0,1,6,1,0,0
Réseaux & Télécoms,ENSA,Tanger,16.81,0,10,7,5,8,1,3,1,1,10,1,1,11100
Réseaux & Télécoms,ENSA,Agadir,12.06,1,6,9,4,3,0,2,0,0,6,0,0,0
GINF,OFPPT,Casablanca,13.26,3,10,4,10,4,0,3,1,0,9,0,0,0
GI,Faculté (FS),Rabat,13.99,0,9,8,6,8,7,3,0,0,10,1,1,9800
Développement Web,EST,Rabat,14.27,2,4,4,5,5,2,3,0,0,7,0,0,0
Cybersécurité,Faculté (FS),Agadir,15.28,4,9,8,4,6,6,0,0,1,8,1,0,0
Cybersécurité,FST,Casablanca,10.33,2,6,6,6,6,0,2,0,0,8,1,0,0
GI,Faculté (FS),Agadir,15.77,2,6,5,9,4,3,2,0,0,6,1,0,0
Développement Web,ENSA,Marrakech,10.5,3,4,6,9,9,0,2,0,1,7,1,0,0
Cybersécurité,OFPPT,Rabat,13.75,1,8,9,8,4,0,2,0,0,10,1,0,0
GI,EST,Rabat,16.62,3,8,9,10,9,1,1,1,0,8,1,1,10200
Cybersécurité,Faculté (FS),Marrakech,13.61,4,5,9,9,9,1,0,0,0,8,1,1,9800
Réseaux & Télécoms,ENSA,Casablanca,11.19,3,8,3,3,10,5,1,0,0,10,1,1,11500
Data Science,EST,Rabat,17.88,4,7,9,7,6,0,0,0,1,4,1,1,10800
Data Science,EST,Kenitra,17.11,3,7,4,6,5,7,2,0,0,6,0,1,8600
Cybersécurité,FST,Fès,16.17,1,5,6,6,10,6,1,1,0,5,1,0,0
GINF,ENSA,Fès,13.29,0,6,4,3,5,2,3,0,0,6,1,0,0
Développement Web,OFPPT,Fès,11.47,1,5,8,5,3,1,2,0,0,7,1,0,0
Développement Web,ENSA,Tanger,17.53,3,4,10,4,4,3,2,1,0,10,0,1,12300
Développement Web,Faculté (FS),Kenitra,14.26,2,5,4,5,10,5,3,0,0,9,1,0,0
Réseaux & Télécoms,OFPPT,Tanger,16.82,0,5,3,10,4,3,2,0,0,10,1,0,0
Développement Web,Faculté (FS),Casablanca,12.74,2,9,4,6,10,7,0,1,0,10,1,1,8800
Data Science,OFPPT,Marrakech,12.68,1,7,8,8,4,7,2,0,0,9,1,1,7900
Réseaux & Télécoms,Faculté (FS),Agadir,17.88,0,4,10,9,8,0,0,0,0,8,1,0,0
GI,EST,Kenitra,14.17,3,9,8,4,6,7,0,0,0,8,0,1,8600
Développement Web,OFPPT,Casablanca,11.13,2,4,6,9,10,0,2,0,0,4,1,0,0
Développement Web,EST,Agadir,11.76,3,5,9,9,6,2,3,1,0,8,1,1,10000
GI,Faculté (FS),Casablanca,13.86,4,9,5,7,6,6,0,1,1,8,1,1,10500
Développement Web,OFPPT,Tanger,10.34,0,9,7,9,5,0,1,1,0,9,0,1,6800
GI,EST,Fès,13.7,2,4,10,10,10,6,0,0,0,5,1,1,8500
Réseaux & Télécoms,EST,Marrakech,13.35,1,4,6,10,6,6,3,1,0,6,1,1,8400
Data Science,FST,Tanger,16.23,1,8,10,10,10,5,2,0,0,8,0,1,10300
GI,OFPPT,Marrakech,12.84,1,10,3,7,3,4,3,0,0,7,1,0,0
GINF,Privée (EMSI/IGA),Kenitra,17.86,1,4,7,4,8,4,3,1,1,5,0,0,0
GI,FST,Agadir,11.45,2,9,4,10,6,0,2,0,0,5,0,0,0
Développement Web,Faculté (FS),Casablanca,14.73,4,6,6,6,10,5,1,0,0,4,1,1,10600
Réseaux & Télécoms,Privée (EMSI/IGA),Rabat,10.72,1,4,7,8,8,4,1,0,0,7,1,0,0
Cybersécurité,ENSA,Rabat,15.87,1,7,9,3,8,6,0,1,0,5,0,0,0
Réseaux & Télécoms,ENSA,Marrakech,17.96,1,8,9,9,5,3,0,0,0,6,1,0,0
Cybersécurité,OFPPT,Fès,16.55,4,7,6,8,4,5,1,0,0,7,1,1,8600
GI,OFPPT,Fès,14.45,0,10,9,9,8,5,2,1,0,6,1,1,7600
Data Science,OFPPT,Marrakech,13.88,1,7,4,9,3,0,3,0,0,4,1,0,0
GINF,FST,Tanger,16.68,1,6,8,5,5,3,2,0,0,4,0,0,0
Réseaux & Télécoms,ENSA,Rabat,17.49,1,8,6,8,7,7,3,1,0,8,1,1,11900
Développement Web,FST,Tanger,17.91,0,10,3,8,8,7,3,0,1,6,1,1,9300
Cybersécurité,ENSA,Agadir,13.17,1,5,7,5,10,6,1,0,0,9,0,0,0
Développement Web,EST,Rabat,17.93,0,9,7,3,9,3,1,0,0,6,1,0,0
Data Science,OFPPT,Agadir,11.25,0,9,7,3,8,4,2,0,0,4,1,0,0
Cybersécurité,ENSA,Casablanca,12.03,3,4,6,7,4,2,3,1,0,9,1,0,0
Réseaux & Télécoms,OFPPT,Tanger,10.71,3,9,4,10,6,3,2,0,0,6,1,0,0
GI,FST,Marrakech,12.17,1,6,6,9,10,4,0,1,0,7,1,1,8700
Développement Web,Faculté (FS),Rabat,16.14,2,9,6,10,10,6,1,0,0,8,0,1,9600
Data Science,ENSA,Tanger,16.82,3,6,9,3,5,2,1,0,0,8,1,0,0
Réseaux & Télécoms,EST,Marrakech,16.23,3,5,8,4,7,7,3,0,0,7,0,1,9800
Réseaux & Télécoms,ENSA,Casablanca,15.05,2,6,7,7,5,6,1,0,0,5,0,0,0
Réseaux & Télécoms,Privée (EMSI/IGA),Rabat,14.11,4,5,4,10,6,5,2,0,0,10,1,1,13100
Réseaux & Télécoms,OFPPT,Agadir,15.67,1,5,5,6,5,4,3,0,0,9,1,0,0
Cybersécurité,FST,Casablanca,13.13,4,5,10,7,10,7,3,1,1,9,0,1,13700
Réseaux & Télécoms,ENSA,Fès,16.73,4,6,4,9,7,4,0,0,0,6,1,1,10800
Développement Web,Privée (EMSI/IGA),Marrakech,15.42,0,10,9,8,5,0,2,0,0,10,0,0,0
Data Science,EST,Rabat,15.58,0,5,6,8,3,5,3,0,0,10,1,0,0
Cybersécurité,ENSA,Rabat,14.29,1,10,3,7,3,6,1,0,1,5,1,0,0
Réseaux & Télécoms,Faculté (FS),Kenitra,17.08,2,6,4,5,6,5,1,0,0,5,0,0,0
GINF,Privée (EMSI/IGA),Kenitra,12.02,0,8,7,9,9,1,3,0,0,6,1,0,0
GINF,ENSA,Casablanca,13.05,3,5,3,3,9,2,1,0,0,10,0,0,0
Data Science,ENSA,Rabat,16.22,1,6,5,8,7,7,3,1,0,9,1,0,0
GI,Privée (EMSI/IGA),Marrakech,13.94,4,6,5,8,10,4,3,0,0,10,1,1,12700
GI,ENSA,Casablanca,17.11,1,10,10,4,7,3,3,0,0,4,1,0,0
Cybersécurité,ENSA,Agadir,12.77,0,6,3,9,7,3,1,0,0,6,1,0,0
Cybersécurité,Faculté (FS),Casablanca,12.95,2,4,9,3,7,1,1,0,0,4,1,0,0
Cybersécurité,OFPPT,Casablanca,17.11,4,10,5,9,7,6,2,1,1,7,0,1,10300
GI,FST,Agadir,13.71,2,10,3,8,9,2,0,0,1,4,1,1,9100
GINF,Privée (EMSI/IGA),Fès,14.13,1,4,6,5,4,0,1,1,0,5,1,0,0
GI,Faculté (FS),Kenitra,12.66,2,5,3,8,5,2,3,0,0,5,1,0,0
Développement Web,ENSA,Marrakech,12.21,2,9,6,3,10,3,1,0,0,5,1,0,0
Réseaux & Télécoms,Privée (EMSI/IGA),Fès,15.25,1,8,10,4,8,6,1,1,0,10,0,1,11400
Cybersécurité,FST,Fès,10.96,4,9,9,10,7,6,3,1,0,9,1,1,12000
GINF,EST,Fès,17.03,2,5,7,10,9,3,2,0,0,10,1,1,8700
Data Science,Faculté (FS),Kenitra,16.23,2,7,7,3,8,0,3,1,0,9,1,0,0
Data Science,EST,Tanger,11.53,1,7,5,9,3,0,2,0,1,4,1,0,0
Réseaux & Télécoms,ENSA,Kenitra,15.55,3,8,8,9,9,3,1,0,0,5,0,1,11500
GINF,ENSA,Fès,14.82,2,10,8,5,8,6,3,0,1,8,1,1,12300
GI,FST,Tanger,11.48,0,8,3,4,9,6,1,1,0,6,1,0,0
GI,OFPPT,Agadir,12.19,4,8,9,10,8,4,3,0,0,5,0,1,10000
Développement Web,Faculté (FS),Kenitra,13.27,2,4,10,3,10,4,1,1,0,9,1,0,0
Développement Web,Privée (EMSI/IGA),Marrakech,15.59,1,4,6,5,9,0,1,0,1,4,1,0,0
GI,EST,Fès,15.11,0,7,7,5,5,5,1,0,1,5,1,0,0
Data Science,EST,Rabat,14.26,1,8,9,7,8,4,3,0,0,10,1,1,10000
Cybersécurité,ENSA,Agadir,16.15,2,6,7,8,6,6,2,0,0,4,1,1,11200
Data Science,ENSA,Tanger,16.06,0,9,7,9,9,0,1,0,0,10,1,1,9800
Développement Web,EST,Kenitra,14.94,4,7,5,4,10,2,3,0,0,6,1,1,9700
Réseaux & Télécoms,OFPPT,Marrakech,16.3,4,8,7,4,6,2,3,1,1,4,1,1,10100
GI,Privée (EMSI/IGA),Casablanca,12.67,4,6,10,8,9,2,1,1,1,6,0,1,14400
Développement Web,Privée (EMSI/IGA),Marrakech,17.05,3,8,8,9,7,0,1,0,0,5,1,0,0
Développement Web,ENSA,Marrakech,14.92,1,10,10,9,4,0,2,0,0,10,0,0,0
Cybersécurité,OFPPT,Fès,16.58,2,5,4,3,9,7,1,0,0,9,1,1,7200
GI,EST,Fès,14.37,0,6,5,7,10,4,2,0,0,8,1,1,7300
Cybersécurité,ENSA,Kenitra,11.75,1,10,3,4,4,4,0,0,0,5,0,0,0
GI,OFPPT,Kenitra,14.34,2,9,4,5,5,4,3,0,0,6,0,0,0
Cybersécurité,Faculté (FS),Tanger,12.97,3,5,5,4,4,1,2,1,0,9,1,0,0
Data Science,ENSA,Kenitra,15.58,2,10,9,7,8,0,1,0,0,7,0,1,11200
Réseaux & Télécoms,FST,Tanger,13.81,1,4,5,8,6,5,2,1,0,7,1,0,0
Réseaux & Télécoms,EST,Fès,16.69,2,7,10,6,7,2,1,1,0,7,1,0,0
GI,OFPPT,Fès,15.42,0,8,6,8,3,6,2,0,0,10,1,0,0
GINF,FST,Rabat,15.48,3,7,4,5,8,6,3,1,0,5,1,0,0
Développement Web,Privée (EMSI/IGA),Rabat,11.74,0,9,4,4,6,2,2,0,0,4,1,0,0
Développement Web,ENSA,Agadir,17.87,3,8,10,8,6,1,0,1,1,8,1,1,12000
GI,EST,Fès,16.73,3,5,8,5,5,1,3,0,0,9,1,0,0
Cybersécurité,FST,Casablanca,16.31,2,6,4,10,8,2,2,0,0,8,1,1,10600
GINF,FST,Rabat,12.64,0,6,7,9,9,0,0,0,0,9,0,0,0
Data Science,EST,Tanger,14.29,3,8,8,3,10,2,0,0,0,10,1,1,8600
Cybersécurité,OFPPT,Marrakech,11.1,3,5,9,10,4,2,2,0,0,5,0,0,0
Cybersécurité,OFPPT,Kenitra,14.31,2,8,7,10,3,5,3,0,0,6,0,1,8600
GI,Privée (EMSI/IGA),Kenitra,11.17,1,8,8,5,3,6,2,0,0,5,1,0,0
GI,OFPPT,Agadir,14.42,1,10,3,4,9,1,3,0,1,7,1,0,0
Développement Web,OFPPT,Rabat,15.19,4,8,9,3,4,7,3,0,0,6,1,1,11000
GI,Faculté (FS),Marrakech,13.12,4,6,8,3,10,1,2,0,0,8,1,1,10400
GI,OFPPT,Marrakech,13.99,3,9,3,10,9,6,0,0,0,5,1,1,7100
GI,EST,Rabat,17.01,1,8,8,3,7,4,3,0,0,4,0,0,0
Développement Web,EST,Casablanca,10.87,3,6,3,6,10,1,1,1,0,4,1,1,9000
Data Science,EST,Casablanca,16.33,0,4,7,6,4,5,1,0,0,10,1,0,0
Data Science,FST,Agadir,11.37,1,5,9,3,7,5,0,0,0,8,0,0,0
GI,EST,Casablanca,10.29,1,4,9,10,10,6,0,0,0,6,0,1,8800
Développement Web,Privée (EMSI/IGA),Agadir,11.48,1,8,8,8,3,2,2,1,0,7,0,0,0
Data Science,EST,Tanger,16.12,4,6,6,10,8,5,3,1,0,4,1,1,9900
Cybersécurité,ENSA,Rabat,13.24,2,5,8,8,5,4,2,0,0,4,1,0,0
Data Science,FST,Marrakech,16.98,2,7,3,8,6,2,1,0,0,5,0,0,0
Data Science,ENSA,Agadir,14.2,4,5,9,4,10,0,1,0,0,9,1,1,12200
Développement Web,ENSA,Kenitra,10.18,4,5,5,3,8,7,3,0,0,10,1,0,0
Cybersécurité,ENSA,Casablanca,15.73,4,8,7,8,3,0,3,0,0,8,0,0,0
Développement Web,FST,Kenitra,10.88,2,10,6,3,3,6,1,1,1,4,0,0,0
GI,FST,Agadir,16.32,3,4,5,5,3,1,2,0,0,5,1,0,0
Réseaux & Télécoms,OFPPT,Fès,11.34,4,4,10,8,10,7,3,0,0,6,1,1,10200
Data Science,OFPPT,Agadir,12.76,3,7,5,10,6,4,2,1,0,9,1,1,8300
Réseaux & Télécoms,FST,Casablanca,16.09,3,8,7,5,7,5,3,0,0,4,1,0,0
Développement Web,EST,Fès,17.63,0,5,8,5,10,3,0,1,0,10,0,1,7100
Développement Web,EST,Fès,12.97,2,10,4,8,5,0,2,1,0,8,1,0,0
Développement Web,OFPPT,Casablanca,16.64,3,9,6,7,8,5,1,0,0,5,1,1,9100
Réseaux & Télécoms,ENSA,Fès,11.53,2,4,8,5,8,7,0,0,0,6,1,0,0
Développement Web,ENSA,Rabat,16.46,2,4,7,8,10,6,2,1,0,5,1,1,12200
GI,OFPPT,Marrakech,15.26,0,6,4,9,5,0,3,1,0,7,0,0,0
Développement Web,FST,Kenitra,11.54,2,5,10,5,5,0,1,0,0,8,1,0,0
GINF,ENSA,Rabat,12.42,3,8,7,4,7,7,3,0,0,8,1,1,13100
Réseaux & Télécoms,ENSA,Rabat,11.05,1,4,7,6,8,0,2,1,0,9,0,0,0
GINF,Privée (EMSI/IGA),Casablanca,13.06,3,10,5,6,4,1,0,1,0,4,1,0,0
Développement Web,OFPPT,Casablanca,11.63,3,8,9,6,4,4,2,0,0,9,1,0,0
GI,OFPPT,Kenitra,15.15,2,5,8,9,10,0,1,0,0,5,1,0,0
Data Science,FST,Marrakech,17.96,3,5,10,7,5,5,0,0,0,6,1,0,0
Cybersécurité,FST,Agadir,10.1,1,4,7,3,3,5,1,0,1,4,1,0,0
Cybersécurité,Privée (EMSI/IGA),Rabat,14.33,2,7,8,5,10,6,3,0,0,8,0,0,0
Développement Web,Privée (EMSI/IGA),Fès,14.59,4,8,4,9,3,1,0,0,0,5,1,0,0
GI,ENSA,Marrakech,17.31,3,8,5,4,6,4,2,0,0,6,1,0,0
Réseaux & Télécoms,OFPPT,Rabat,14.05,3,6,4,7,4,7,3,0,1,9,1,1,10000
GINF,ENSA,Agadir,14.35,0,10,4,9,3,4,3,0,0,8,1,0,0
GINF,ENSA,Fès,13.77,4,5,5,6,9,6,2,0,0,10,1,1,11800
GINF,Faculté (FS),Rabat,12.15,4,5,8,7,5,3,3,0,0,6,0,1,11800
Réseaux & Télécoms,FST,Tanger,10.45,1,4,4,9,6,2,1,1,0,9,1,0,0
Cybersécurité,Privée (EMSI/IGA),Kenitra,13.27,4,4,3,4,4,0,2,0,0,5,1,0,0
GI,ENSA,Marrakech,10.42,0,4,8,8,6,1,3,0,1,6,1,0,0
Réseaux & Télécoms,FST,Kenitra,14.4,1,6,9,7,3,7,0,1,0,4,1,0,0
GINF,Privée (EMSI/IGA),Casablanca,12.46,4,10,9,6,5,4,2,0,1,4,1,1,14600
Développement Web,Privée (EMSI/IGA),Rabat,14.27,1,7,7,3,9,3,2,0,0,10,1,0,0
Data Science,ENSA,Fès,11.07,4,4,5,9,5,2,3,0,0,5,1,0,0
Réseaux & Télécoms,EST,Fès,17.46,4,4,9,6,5,4,2,0,0,9,1,1,10100
Réseaux & Télécoms,Faculté (FS),Marrakech,17.16,4,9,5,9,3,7,2,0,1,8,1,0,0
GI,ENSA,Marrakech,11.52,3,10,8,6,9,4,2,0,0,7,0,1,11900
GI,Privée (EMSI/IGA),Kenitra,12.75,4,4,3,6,10,0,2,0,0,7,0,0,0
Réseaux & Télécoms,Privée (EMSI/IGA),Fès,14.91,3,6,10,9,9,2,2,0,0,7,1,1,12800
GINF,ENSA,Fès,10.77,2,8,3,7,7,2,2,0,0,8,0,0,0
Data Science,ENSA,Fès,12.84,0,7,3,4,8,6,1,0,0,10,1,0,0
GI,ENSA,Rabat,12.01,1,8,3,6,8,1,3,0,1,4,0,0,0
GINF,Privée (EMSI/IGA),Fès,17.32,1,9,6,10,5,3,1,1,1,4,0,0,0
Développement Web,ENSA,Casablanca,16.82,2,5,10,8,8,6,3,0,0,9,0,1,13200
GI,FST,Fès,14.64,4,5,5,7,7,5,2,1,1,9,1,1,11300
GINF,FST,Casablanca,14.16,0,4,4,4,5,1,3,1,0,4,1,0,0
GINF,Faculté (FS),Rabat,17.45,2,9,5,3,7,3,1,0,0,9,1,0,0
Data Science,ENSA,Marrakech,17.46,2,8,9,10,4,7,3,1,0,5,1,1,12000
Data Science,ENSA,Casablanca,17.75,1,6,10,6,8,6,2,1,0,9,1,1,12300
Développement Web,Privée (EMSI/IGA),Rabat,11.0,3,7,5,5,9,1,2,1,1,4,1,0,0
GINF,Privée (EMSI/IGA),Fès,11.28,3,10,5,7,4,7,2,0,0,9,1,0,0
Cybersécurité,OFPPT,Rabat,15.41,4,8,10,8,5,7,1,1,0,4,1,1,10400
GINF,ENSA,Fès,14.33,4,9,3,3,9,3,0,0,0,4,1,0,0
Data Science,EST,Kenitra,10.15,2,9,3,3,6,7,2,1,0,10,1,0,0
Cybersécurité,Faculté (FS),Rabat,10.5,4,10,6,3,10,5,2,0,0,10,1,1,11000
GI,EST,Marrakech,17.1,3,8,8,7,6,0,3,1,0,7,1,1,9800
GI,Privée (EMSI/IGA),Casablanca,16.95,0,7,5,4,3,3,0,0,0,6,1,0,0
Réseaux & Télécoms,Faculté (FS),Kenitra,12.86,1,8,7,5,4,5,3,1,0,4,1,0,0
Data Science,ENSA,Marrakech,17.13,3,8,10,10,4,7,1,1,0,6,1,1,11900
Réseaux & Télécoms,Privée (EMSI/IGA),Tanger,14.75,4,7,8,8,6,1,0,0,1,9,1,1,12600
Cybersécurité,Privée (EMSI/IGA),Fès,16.45,1,6,9,4,5,2,2,0,0,10,1,0,0
Data Science,ENSA,Casablanca,13.42,1,10,10,6,9,4,0,0,0,4,1,1,11500
Développement Web,FST,Marrakech,10.91,2,9,6,5,9,5,2,1,0,7,0,1,10000
GINF,EST,Casablanca,13.47,4,7,10,4,9,5,1,1,0,7,0,1,10900
Développement Web,EST,Tanger,13.66,2,4,9,6,3,5,3,0,1,9,1,1,10000
Cybersécurité,ENSA,Agadir,14.41,1,4,3,9,4,3,1,1,0,9,1,0,0
Data Science,Faculté (FS),Fès,10.84,2,4,9,5,10,6,1,0,0,9,1,0,0
Cybersécurité,Privée (EMSI/IGA),Fès,17.93,4,4,5,7,3,3,2,0,0,6,1,0,0
GINF,FST,Rabat,11.95,3,10,3,8,4,2,3,0,0,10,1,0,0
GI,ENSA,Fès,11.59,0,5,10,9,7,0,1,0,1,10,1,1,10900
GI,Faculté (FS),Fès,14.21,3,6,8,8,9,7,0,0,1,7,0,1,9600
Cybersécurité,EST,Marrakech,14.3,1,5,4,6,7,1,1,1,1,10,0,0,0
Réseaux & Télécoms,OFPPT,Kenitra,13.52,3,8,3,4,3,0,2,0,0,5,0,0,0
Data Science,FST,Fès,16.18,2,8,3,5,9,7,0,1,0,8,1,1,8600
Data Science,ENSA,Fès,14.13,4,7,6,6,9,6,0,0,1,10,1,1,11700
GI,ENSA,Tanger,14.88,3,4,4,6,6,3,3,1,0,8,1,0,0
Développement Web,OFPPT,Kenitra,15.79,3,7,8,7,6,3,0,1,0,9,0,1,8100
GINF,EST,Tanger,10.2,4,8,10,6,4,5,0,0,1,4,1,0,0
Développement Web,OFPPT,Casablanca,14.57,2,4,7,5,10,5,2,0,0,7,0,0,0
Développement Web,ENSA,Casablanca,17.07,0,10,7,3,10,0,3,1,0,8,1,0,0
Cybersécurité,EST,Fès,10.14,3,9,10,5,8,1,1,0,0,6,1,1,9400
GI,FST,Fès,13.24,1,6,7,5,7,3,0,0,1,6,1,0,0
GI,Privée (EMSI/IGA),Rabat,17.41,2,8,5,7,7,3,1,0,0,9,0,1,11900
GI,Privée (EMSI/IGA),Casablanca,12.83,2,9,7,7,3,6,1,1,0,6,1,1,12300
Cybersécurité,ENSA,Marrakech,13.67,3,7,5,8,9,7,1,1,0,4,0,1,10900
Réseaux & Télécoms,EST,Fès,17.85,4,9,8,9,8,0,3,1,1,8,0,1,10800
Développement Web,ENSA,Marrakech,11.59,3,7,8,8,3,4,1,1,0,8,0,1,11500
Cybersécurité,FST,Fès,10.52,3,8,3,6,6,5,2,0,0,8,1,0,0
Data Science,FST,Marrakech,16.88,4,5,10,10,6,2,3,1,0,6,0,1,12200
GINF,Privée (EMSI/IGA),Agadir,16.95,1,10,7,8,10,3,3,0,0,9,1,1,11600
Réseaux & Télécoms,Privée (EMSI/IGA),Marrakech,13.78,4,10,6,7,8,1,3,0,0,6,0,0,0
Data Science,EST,Kenitra,14.11,3,6,8,6,8,7,3,0,0,4,1,0,0
Développement Web,FST,Casablanca,16.69,0,10,4,3,6,4,0,0,0,9,1,0,0
GI,OFPPT,Fès,15.91,4,9,4,4,5,0,0,1,1,5,1,0,0
Développement Web,OFPPT,Casablanca,12.12,1,10,10,7,9,6,1,0,0,8,1,1,8900
Cybersécurité,ENSA,Kenitra,10.14,4,9,10,9,7,7,0,0,0,4,0,1,12000
GINF,EST,Kenitra,13.84,4,8,8,10,7,7,3,0,0,6,1,1,10300
Cybersécurité,FST,Marrakech,16.87,2,10,3,7,3,0,1,0,0,5,1,0,0
Réseaux & Télécoms,ENSA,Tanger,17.17,2,8,10,3,7,6,2,0,0,7,0,1,11800
Réseaux & Télécoms,ENSA,Tanger,17.65,3,10,9,9,3,1,0,1,0,5,0,0,0
GINF,ENSA,Kenitra,17.04,3,7,4,7,8,6,3,0,0,10,1,1,11500
Data Science,Faculté (FS),Tanger,14.64,4,4,10,8,8,5,1,1,0,4,0,1,10400
Data Science,EST,Fès,13.56,0,4,4,8,5,5,0,0,0,5,1,0,0
Réseaux & Télécoms,ENSA,Rabat,16.2,3,4,9,8,9,4,3,0,1,6,0,1,14000
Réseaux & Télécoms,ENSA,Agadir,15.92,4,7,3,10,8,1,1,0,0,5,1,0,0
GI,OFPPT,Marrakech,14.31,4,4,9,3,9,3,0,0,1,6,1,1,9300
Data Science,OFPPT,Rabat,10.7,4,8,3,6,6,4,2,0,0,5,1,0,0
GINF,FST,Tanger,17.41,4,5,3,10,5,2,0,0,0,4,0,0,0
Data Science,FST,Marrakech,13.64,4,5,6,7,6,2,3,0,0,7,0,0,0
GI,Privée (EMSI/IGA),Rabat,12.91,2,10,3,7,6,1,3,0,1,8,1,0,0
Cybersécurité,ENSA,Casablanca,15.04,1,5,3,8,3,7,2,0,0,5,1,0,0
Réseaux & Télécoms,ENSA,Tanger,15.39,1,4,3,6,9,2,2,0,0,7,0,0,0
Réseaux & Télécoms,EST,Rabat,11.69,4,5,8,10,6,1,1,1,0,5,1,1,10500
GI,ENSA,Fès,16.7,3,9,10,7,9,6,1,0,1,9,0,1,12400
GINF,EST,Casablanca,12.32,0,4,10,10,5,3,3,0,1,7,1,0,0
Réseaux & Télécoms,Privée (EMSI/IGA),Tanger,11.49,4,9,7,5,4,5,0,1,0,6,1,1,11900
Développement Web,Faculté (FS),Agadir,13.25,0,8,8,3,8,3,2,1,0,7,0,0,0
Réseaux & Télécoms,FST,Kenitra,15.84,2,9,7,4,3,1,1,0,0,8,1,0,0
Développement Web,Privée (EMSI/IGA),Tanger,17.72,1,8,6,5,9,3,3,0,1,7,1,1,11900
GI,ENSA,Fès,16.47,2,7,6,9,8,2,3,0,0,10,1,0,0
GI,ENSA,Agadir,17.52,3,7,10,4,6,6,3,0,0,8,0,1,12700
Réseaux & Télécoms,Faculté (FS),Agadir,11.12,3,10,10,5,6,3,2,0,0,8,0,0,0
Data Science,Faculté (FS),Agadir,10.57,4,9,4,5,7,6,2,0,0,7,1,1,9600
Développement Web,ENSA,Marrakech,14.46,3,6,9,9,10,2,2,0,1,10,1,1,12600
GINF,FST,Marrakech,12.32,3,8,9,10,9,5,0,0,0,8,1,1,10300
Réseaux & Télécoms,Faculté (FS),Kenitra,16.62,2,4,8,9,10,7,2,0,0,8,1,1,9400
GINF,Faculté (FS),Agadir,15.38,0,6,7,5,3,5,3,0,1,9,0,0,0
Réseaux & Télécoms,Faculté (FS),Kenitra,17.77,1,8,6,3,3,2,2,0,1,6,0,0,0
Data Science,EST,Casablanca,12.04,3,4,6,4,10,6,0,0,0,10,1,0,0
Data Science,ENSA,Agadir,13.89,3,8,10,6,5,0,0,0,0,4,1,0,0
Data Science,FST,Rabat,14.01,2,8,8,6,4,3,3,0,0,6,1,0,0
Cybersécurité,ENSA,Agadir,11.91,1,4,4,8,5,3,1,1,0,4,1,0,0
Data Science,Privée (EMSI/IGA),Marrakech,14.72,2,8,10,10,5,1,2,1,0,4,1,1,12300
GI,FST,Marrakech,13.55,0,8,10,10,5,7,2,0,0,6,1,1,9800
GI,EST,Rabat,13.57,2,8,3,10,10,1,0,0,1,8,0,1,8600
Cybersécurité,OFPPT,Rabat,12.9,1,10,5,7,4,6,0,0,1,9,1,0,0
Développement Web,FST,Tanger,10.14,1,7,4,3,5,4,1,0,0,10,1,0,0
GINF,EST,Casablanca,14.18,3,5,9,10,8,2,0,1,0,6,0,1,9800
Réseaux & Télécoms,OFPPT,Casablanca,12.68,0,8,10,8,3,5,0,0,0,8,1,0,0
Réseaux & Télécoms,OFPPT,Casablanca,10.01,4,10,9,8,4,5,0,1,1,6,1,1,10300
Cybersécurité,Faculté (FS),Fès,12.46,3,4,5,3,6,0,0,0,0,6,1,0,0
GI,ENSA,Marrakech,12.23,2,9,4,3,7,2,1,0,0,9,1,0,0
Réseaux & Télécoms,Faculté (FS),Casablanca,13.15,2,8,4,5,7,3,2,0,0,5,1,0,0
GI,OFPPT,Tanger,11.05,1,10,3,3,9,4,2,0,0,7,0,0,0
Développement Web,ENSA,Tanger,14.06,1,7,6,6,8,7,2,1,0,6,1,1,10500
GINF,ENSA,Casablanca,15.54,1,10,7,3,3,2,2,1,0,7,1,0,0
Développement Web,OFPPT,Rabat,15.04,4,7,4,9,7,4,2,0,0,8,1,1,9600
Cybersécurité,ENSA,Tanger,16.43,4,9,3,5,8,2,3,0,0,5,0,0,0
Data Science,OFPPT,Kenitra,13.62,3,8,9,4,8,6,3,0,0,9,1,1,9500
Data Science,FST,Rabat,14.15,4,6,5,8,7,3,0,0,0,5,1,0,0
Data Science,FST,Kenitra,16.48,1,9,8,10,7,3,3,0,0,4,0,1,10300
Développement Web,ENSA,Marrakech,13.42,3,5,9,3,8,7,2,0,0,10,1,1,12100
Réseaux & Télécoms,OFPPT,Fès,15.61,3,4,10,9,10,2,0,1,0,10,0,1,8500
GINF,EST,Tanger,13.48,0,10,8,9,8,5,2,1,0,9,1,1,7900
Data Science,FST,Rabat,13.34,4,4,6,8,6,6,2,0,0,10,1,1,12000
Cybersécurité,Faculté (FS),Kenitra,16.08,2,4,8,4,7,5,0,0,0,9,0,0,0
Cybersécurité,OFPPT,Casablanca,11.4,2,4,4,7,5,0,2,1,0,7,1,0,0
Data Science,Privée (EMSI/IGA),Kenitra,12.71,0,7,5,5,8,3,3,1,1,5,1,0,0
Data Science,FST,Kenitra,11.79,1,10,4,8,3,7,0,0,0,8,1,0,0
GINF,EST,Marrakech,12.87,0,5,8,3,3,6,1,1,0,4,1,0,0
Data Science,Privée (EMSI/IGA),Agadir,11.84,1,8,7,7,9,1,1,1,1,5,1,0,0
GINF,Faculté (FS),Agadir,14.64,4,8,9,7,8,0,1,0,0,8,1,1,10200
Cybersécurité,EST,Casablanca,16.39,4,6,10,4,3,2,2,1,0,7,1,0,0
Data Science,ENSA,Marrakech,16.29,3,8,8,8,6,0,2,0,0,8,0,1,11900
Développement Web,OFPPT,Marrakech,12.92,3,5,10,8,9,1,2,1,0,8,1,1,9300
Développement Web,EST,Marrakech,17.91,3,8,7,6,6,3,2,0,0,10,0,0,0
Cybersécurité,Faculté (FS),Marrakech,14.75,3,7,8,6,8,3,0,0,0,10,1,1,9100
GINF,FST,Agadir,13.2,2,9,6,6,10,5,1,0,0,8,1,1,9600
Développement Web,ENSA,Rabat,16.68,3,8,5,8,9,3,3,0,1,6,1,1,13200
GINF,Faculté (FS),Marrakech,15.84,3,4,7,8,7,6,0,1,0,9,0,1,8900
Développement Web,ENSA,Rabat,15.99,3,4,3,6,5,5,1,0,0,5,1,0,0
Développement Web,FST,Kenitra,11.57,1,9,6,5,7,7,1,0,0,8,1,0,0
GINF,FST,Kenitra,13.75,3,4,4,9,3,1,0,1,0,4,0,0,0
Réseaux & Télécoms,FST,Marrakech,16.89,0,4,8,9,10,0,0,0,0,6,1,0,0
Développement Web,OFPPT,Tanger,14.03,3,7,5,9,9,2,0,1,0,8,1,1,7500
Data Science,OFPPT,Fès,15.47,3,7,5,10,5,2,3,1,0,8,1,0,0
Cybersécurité,OFPPT,Tanger,14.7,2,7,8,3,3,6,1,0,0,9,1,0,0
Réseaux & Télécoms,ENSA,Kenitra,16.74,3,8,3,3,5,7,3,0,0,5,1,0,0
GINF,ENSA,Fès,12.28,1,9,9,5,8,0,3,0,0,10,1,0,0
Réseaux & Télécoms,FST,Tanger,14.6,4,4,9,4,4,7,3,0,0,10,1,0,0
GI,Privée (EMSI/IGA),Marrakech,10.99,3,6,7,9,10,3,3,0,0,6,1,1,12600
GI,OFPPT,Rabat,15.52,3,9,8,9,6,5,3,0,0,8,1,1,10300
Développement Web,OFPPT,Fès,15.86,3,6,10,3,9,2,0,0,0,8,0,0,0
Développement Web,EST,Agadir,10.34,2,4,5,8,6,3,3,0,0,7,1,0,0
Data Science,FST,Casablanca,15.41,4,5,3,7,9,6,2,1,0,4,0,1,11400
Cybersécurité,FST,Fès,13.32,2,9,9,8,10,4,0,0,0,4,1,1,9800
Réseaux & Télécoms,ENSA,Fès,10.99,2,8,3,10,8,4,1,0,1,5,0,1,10500
GI,ENSA,Agadir,13.36,2,6,9,3,3,6,1,1,0,10,1,1,11200
Développement Web,Privée (EMSI/IGA),Marrakech,11.55,1,9,4,10,3,2,0,0,0,6,1,0,0
Cybersécurité,ENSA,Tanger,13.32,4,9,3,10,4,0,3,1,1,9,0,1,12300
Réseaux & Télécoms,ENSA,Tanger,13.07,1,7,6,5,7,0,0,0,0,9,1,0,0
Développement Web,ENSA,Kenitra,15.91,1,5,10,4,9,7,1,0,0,8,1,0,0
Développement Web,Privée (EMSI/IGA),Rabat,16.19,4,7,5,3,5,0,1,1,1,10,0,0,0
GI,Faculté (FS),Marrakech,14.86,1,5,6,5,8,3,0,1,1,10,1,0,0
GI,Faculté (FS),Agadir,10.18,4,5,9,7,4,4,2,0,0,9,1,0,0
Développement Web,Privée (EMSI/IGA),Marrakech,17.45,3,8,3,6,8,3,2,0,0,6,1,1,11400
GINF,EST,Marrakech,15.49,2,9,3,7,4,1,2,1,0,5,1,0,0
Développement Web,Faculté (FS),Tanger,10.27,1,7,10,7,3,1,1,1,0,10,0,0,0
Cybersécurité,ENSA,Agadir,16.55,4,7,6,9,3,7,2,0,0,7,1,1,12000
Développement Web,ENSA,Casablanca,11.6,0,6,4,4,7,2,2,0,0,5,0,0,0
Data Science,OFPPT,Fès,14.63,1,9,3,3,9,1,0,1,0,4,1,0,0
Data Science,OFPPT,Tanger,13.73,1,4,6,10,10,0,3,0,0,10,0,1,7900
Data Science,EST,Agadir,13.36,4,4,6,6,9,2,3,1,0,7,1,0,0
GINF,EST,Rabat,17.12,0,6,10,5,10,4,0,0,0,8,1,0,0
GINF,FST,Fès,13.5,0,5,5,6,8,5,3,0,0,5,0,0,0
Développement Web,ENSA,Fès,10.6,3,6,4,3,8,4,2,0,0,6,0,0,0
Data Science,ENSA,Tanger,17.57,1,6,7,4,7,7,1,0,0,6,1,0,0
GINF,ENSA,Kenitra,17.36,2,7,6,3,3,6,2,1,0,4,1,0,0
GI,EST,Rabat,15.48,1,6,10,5,10,1,0,0,0,4,1,1,9000
Développement Web,OFPPT,Tanger,13.74,2,10,10,6,6,6,3,1,0,9,1,1,9200
Cybersécurité,EST,Marrakech,10.74,2,5,5,7,7,7,0,1,0,4,1,0,0
Réseaux & Télécoms,ENSA,Kenitra,16.33,4,4,7,3,4,1,0,0,0,10,1,0,0
Développement Web,FST,Agadir,10.6,1,8,10,10,3,4,2,0,0,10,1,1,10300
Réseaux & Télécoms,OFPPT,Rabat,10.55,4,9,10,8,8,6,3,0,0,10,1,1,11200
Data Science,ENSA,Fès,14.3,3,6,5,4,8,1,1,0,0,10,1,0,0
Réseaux & Télécoms,ENSA,Tanger,11.28,2,9,5,4,5,1,2,0,0,4,0,0,0
Data Science,EST,Fès,10.06,0,6,8,6,5,3,0,0,0,8,0,0,0
GI,OFPPT,Rabat,13.38,2,10,4,7,6,5,0,0,0,7,0,0,0
Réseaux & Télécoms,Faculté (FS),Fès,11.1,3,9,3,5,8,5,3,0,0,9,1,0,0
Développement Web,OFPPT,Tanger,11.28,2,7,4,7,3,7,0,1,0,4,1,0,0
Data Science,Privée (EMSI/IGA),Kenitra,10.62,4,7,7,10,8,4,0,0,0,5,0,1,11900
Développement Web,OFPPT,Tanger,11.64,1,9,8,6,10,4,2,0,0,8,1,0,0
GINF,Faculté (FS),Casablanca,15.72,0,6,10,7,8,1,3,1,0,7,1,0,0
Data Science,FST,Fès,16.47,4,10,4,6,4,0,2,1,0,8,0,1,10600
Réseaux & Télécoms,ENSA,Casablanca,13.62,1,10,10,7,6,3,1,0,1,6,1,0,0
Data Science,Privée (EMSI/IGA),Kenitra,14.05,0,6,3,3,4,0,0,0,0,8,0,0,0
Développement Web,EST,Casablanca,10.26,3,5,4,4,9,1,2,1,0,9,1,0,0
GI,ENSA,Fès,10.55,2,4,4,6,10,7,2,0,0,10,1,1,10600
Data Science,Faculté (FS),Rabat,12.06,0,4,4,6,5,4,3,1,0,8,1,0,0
Réseaux & Télécoms,EST,Marrakech,14.35,3,10,6,4,10,6,0,0,0,6,1,1,8200
GINF,Faculté (FS),Kenitra,15.92,1,8,6,8,4,6,2,0,1,6,1,0,0
Cybersécurité,Faculté (FS),Tanger,14.84,0,4,4,8,5,7,0,1,0,6,1,0,0
GI,FST,Agadir,13.14,3,8,3,5,9,0,1,0,0,9,1,0,0
GINF,OFPPT,Kenitra,10.95,1,7,10,6,7,5,0,0,1,9,1,1,8000
Data Science,EST,Casablanca,16.25,4,8,9,3,9,2,0,0,0,8,0,0,0
Développement Web,FST,Rabat,12.91,2,8,3,7,5,0,2,1,0,6,1,0,0
Développement Web,FST,Fès,15.89,3,4,3,3,8,4,3,1,0,4,1,0,0
Réseaux & Télécoms,Faculté (FS),Rabat,14.1,4,10,3,6,9,5,3,1,0,5,1,0,0
Développement Web,OFPPT,Rabat,15.91,1,6,10,5,5,1,3,0,0,10,0,0,0
GI,EST,Fès,17.26,0,10,8,10,9,0,1,0,0,5,1,1,7500
Développement Web,Faculté (FS),Agadir,17.37,2,7,8,10,8,1,1,1,0,10,1,1,9000
Réseaux & Télécoms,ENSA,Fès,14.28,1,5,5,10,6,3,2,0,0,6,1,0,0
Cybersécurité,Privée (EMSI/IGA),Agadir,14.09,3,8,4,6,8,2,3,0,0,7,1,0,0
Data Science,EST,Fès,12.13,2,8,9,10,9,6,1,0,1,10,1,1,9200
Data Science,OFPPT,Casablanca,17.49,4,9,9,5,10,4,3,1,0,8,0,1,11000
Développement Web,ENSA,Agadir,13.66,2,8,4,4,8,4,3,0,0,5,1,0,0
GINF,ENSA,Casablanca,11.02,4,10,5,7,8,1,1,0,0,9,1,1,12400
Data Science,FST,Kenitra,13.46,1,6,3,10,6,2,3,1,0,9,1,1,9300
Cybersécurité,OFPPT,Agadir,11.02,0,5,7,10,3,5,0,0,1,10,1,1,6900
Développement Web,FST,Agadir,14.02,2,10,7,10,9,4,2,0,0,4,0,1,10200
Réseaux & Télécoms,Privée (EMSI/IGA),Fès,14.49,0,9,10,3,3,0,1,1,0,7,1,0,0
Cybersécurité,FST,Agadir,12.7,0,10,5,5,9,4,1,0,0,7,1,0,0
Développement Web,FST,Casablanca,10.57,2,4,9,3,5,0,3,0,0,4,1,0,0
Cybersécurité,ENSA,Kenitra,17.55,2,7,7,9,7,4,1,0,0,8,1,1,10800
Data Science,OFPPT,Fès,16.19,0,6,6,4,3,0,0,0,0,8,1,0,0
Réseaux & Télécoms,ENSA,Tanger,16.71,3,5,4,6,5,3,3,0,0,6,0,0,0
Développement Web,OFPPT,Kenitra,12.93,3,7,7,5,6,7,0,0,0,10,1,1,7900
GI,Privée (EMSI/IGA),Kenitra,16.09,2,4,10,7,10,1,2,0,0,4,1,0,0
Réseaux & Télécoms,Privée (EMSI/IGA),Casablanca,13.88,0,7,8,9,3,7,2,0,1,4,1,1,12400
GI,FST,Kenitra,11.61,0,9,10,5,3,5,0,1,0,9,0,1,9000
Cybersécurité,Faculté (FS),Tanger,11.0,1,8,8,8,8,5,3,1,0,10,1,1,9300
GINF,OFPPT,Rabat,12.76,0,8,9,6,10,3,2,1,0,4,1,1,8600
Réseaux & Télécoms,ENSA,Fès,11.1,3,6,9,6,10,6,3,0,0,6,1,0,0
Cybersécurité,Faculté (FS),Rabat,17.99,1,7,6,7,9,5,3,0,0,5,1,1,9900
GI,ENSA,Fès,10.39,3,10,10,7,8,0,2,1,0,8,1,1,12300
Data Science,FST,Kenitra,13.53,4,8,4,4,5,5,2,0,0,10,1,0,0
Data Science,ENSA,Fès,13.62,2,6,10,9,8,1,0,1,0,6,1,1,11000
GINF,ENSA,Casablanca,12.41,4,6,6,9,10,2,3,0,0,10,1,1,13400
Réseaux & Télécoms,EST,Tanger,14.57,2,9,4,3,5,0,0,0,0,10,1,0,0
Réseaux & Télécoms,FST,Fès,11.2,3,6,4,10,4,6,1,0,1,10,0,0,0
Réseaux & Télécoms,Faculté (FS),Tanger,16.27,3,4,9,5,9,6,1,0,1,6,1,1,10200
Cybersécurité,ENSA,Fès,12.66,4,10,7,4,4,6,1,0,0,9,1,0,0
GINF,FST,Tanger,14.73,2,8,10,3,7,5,1,0,0,6,1,0,0
Réseaux & Télécoms,ENSA,Rabat,15.73,2,8,8,9,9,4,2,0,0,9,1,1,12400
Cybersécurité,Faculté (FS),Casablanca,17.11,1,5,5,10,3,4,2,1,0,9,1,0,0
Data Science,Faculté (FS),Fès,16.69,0,4,7,10,4,2,0,0,0,10,0,0,0
GI,Faculté (FS),Marrakech,14.87,1,8,10,4,5,3,2,1,1,4,1,1,9800
Cybersécurité,OFPPT,Tanger,13.11,3,9,9,8,8,0,2,0,0,6,0,1,9100
Data Science,EST,Tanger,14.03,4,8,3,7,8,4,2,0,0,5,1,1,8900
Data Science,OFPPT,Marrakech,16.15,2,5,6,7,3,6,1,1,0,10,1,1,7600
GI,FST,Casablanca,17.02,1,7,9,6,9,1,0,1,0,7,0,0,0
Data Science,FST,Tanger,10.83,4,7,10,10,10,2,3,0,0,6,0,1,12200
GINF,Faculté (FS),Casablanca,13.08,4,4,3,5,4,3,3,0,0,10,0,0,0
GI,ENSA,Tanger,16.21,0,6,4,5,7,7,3,0,1,9,1,0,0
Data Science,Faculté (FS),Kenitra,13.45,2,5,9,5,10,6,1,0,1,5,0,0,0
Développement Web,Faculté (FS),Agadir,12.66,4,5,7,4,7,3,2,1,0,9,1,1,10200
Cybersécurité,EST,Kenitra,13.29,2,8,10,4,7,1,2,0,0,4,1,0,0
Data Science,ENSA,Tanger,14.82,1,9,3,5,7,5,3,0,0,7,0,0,0
GINF,ENSA,Agadir,18.0,4,8,3,6,8,1,3,0,0,8,1,1,11800
Réseaux & Télécoms,Privée (EMSI/IGA),Fès,13.94,4,9,8,3,10,7,0,0,0,8,1,1,12100
Data Science,Faculté (FS),Casablanca,11.67,1,5,9,8,8,5,1,0,0,4,0,0,0
Réseaux & Télécoms,ENSA,Tanger,11.3,2,6,3,4,8,2,2,0,0,10,1,0,0
Développement Web,EST,Rabat,10.34,2,7,8,5,9,1,3,0,0,4,1,0,0
Data Science,Faculté (FS),Rabat,14.47,4,4,8,7,10,7,3,0,0,8,1,1,11800
GI,OFPPT,Marrakech,14.36,1,10,4,4,5,4,0,1,0,4,0,0,0
Réseaux & Télécoms,ENSA,Rabat,11.64,3,9,10,3,7,3,2,0,0,10,0,1,13300
Développement Web,ENSA,Agadir,15.56,2,7,8,4,10,6,2,1,0,8,1,1,11400
GI,OFPPT,Rabat,15.93,3,4,4,3,6,6,0,0,1,4,0,0,0
GI,ENSA,Rabat,12.07,4,6,8,3,8,7,0,0,0,8,0,1,12600
GI,ENSA,Rabat,12.75,3,5,8,4,7,5,2,1,0,5,1,0,0
GI,Privée (EMSI/IGA),Tanger,17.92,3,6,9,3,4,1,0,0,0,4,1,0,0
Data Science,Faculté (FS),Marrakech,12.99,2,9,9,10,9,0,3,1,0,8,1,1,10000
Cybersécurité,EST,Casablanca,16.09,4,5,4,4,3,1,2,1,0,4,1,0,0
Data Science,ENSA,Marrakech,13.62,3,8,3,4,8,6,1,0,0,10,0,1,10500
Data Science,ENSA,Agadir,16.35,2,4,6,6,8,5,2,1,0,8,1,0,0
Développement Web,ENSA,Tanger,16.15,3,8,7,7,4,7,0,0,0,8,1,1,10900
Développement Web,OFPPT,Fès,15.34,2,5,7,10,3,3,1,0,1,9,0,0,0
Cybersécurité,FST,Tanger,16.84,4,10,4,8,5,4,3,1,0,9,0,1,11000
Développement Web,OFPPT,Kenitra,17.51,1,4,3,10,10,6,3,0,0,10,1,1,7300
GINF,Privée (EMSI/IGA),Rabat,14.64,2,4,9,3,8,7,3,1,0,7,1,0,0
Cybersécurité,FST,Rabat,11.9,2,8,9,10,3,6,0,0,0,10,1,1,10800
Développement Web,ENSA,Agadir,13.19,3,4,6,4,6,1,2,0,1,4,1,0,0
Cybersécurité,FST,Fès,16.07,4,5,5,3,8,4,0,0,0,5,1,0,0
Data Science,Privée (EMSI/IGA),Kenitra,15.21,0,10,9,4,7,0,2,0,0,6,0,0,0
Data Science,OFPPT,Tanger,11.42,0,9,4,8,9,5,0,0,0,6,1,0,0
Cybersécurité,ENSA,Fès,10.41,1,9,5,9,4,3,3,0,0,9,0,0,0
GINF,Faculté (FS),Casablanca,15.46,4,5,7,4,3,2,0,0,1,4,1,0,0
GINF,Faculté (FS),Marrakech,12.01,2,8,7,4,4,6,2,1,0,9,0,1,9200
Cybersécurité,Privée (EMSI/IGA),Tanger,14.0,0,6,9,7,7,6,3,0,0,8,1,1,11500
Développement Web,ENSA,Fès,15.97,1,5,6,3,5,3,3,0,0,8,1,0,0
Réseaux & Télécoms,FST,Casablanca,14.5,4,9,10,7,9,5,1,0,0,5,1,1,12400
GINF,OFPPT,Casablanca,10.67,1,5,6,10,7,2,2,0,0,4,1,0,0
GI,FST,Kenitra,11.48,0,4,5,10,10,7,1,0,0,6,1,1,8400
Data Science,FST,Kenitra,11.75,3,4,10,7,5,2,1,0,0,5,0,0,0
Cybersécurité,ENSA,Marrakech,12.06,3,5,9,10,4,3,1,0,0,10,1,1,11700
GI,EST,Casablanca,14.52,4,8,7,9,5,5,3,0,0,4,0,1,11100
Cybersécurité,EST,Agadir,14.03,1,6,6,10,8,2,1,0,0,4,0,0,0
Data Science,Privée (EMSI/IGA),Casablanca,11.63,2,4,6,9,5,5,2,1,1,9,0,1,13000
Data Science,EST,Fès,10.54,0,9,10,7,5,4,2,1,0,9,1,1,8300
GINF,FST,Kenitra,11.37,3,10,7,7,8,7,1,0,0,4,1,1,10300
GINF,Faculté (FS),Agadir,17.88,3,4,9,6,5,0,1,0,0,7,1,0,0
GI,ENSA,Kenitra,13.75,1,9,7,3,8,1,1,0,0,5,1,0,0
Cybersécurité,FST,Kenitra,16.94,3,10,3,3,8,5,1,1,0,4,1,0,0
Data Science,OFPPT,Kenitra,16.79,1,6,8,4,9,5,1,1,0,10,1,0,0
GI,OFPPT,Casablanca,14.09,0,10,6,3,5,2,1,0,0,9,0,0,0
Réseaux & Télécoms,Faculté (FS),Rabat,15.65,1,4,5,8,8,6,0,0,0,10,1,0,0
GI,Faculté (FS),Casablanca,11.54,3,10,9,7,3,5,3,1,0,5,1,1,11500
Développement Web,ENSA,Kenitra,15.51,1,8,4,5,5,5,3,0,1,6,0,1,11000
GI,Privée (EMSI/IGA),Agadir,12.18,3,9,4,9,10,6,3,1,0,4,1,1,12000
Développement Web,ENSA,Casablanca,16.66,4,4,7,3,5,2,1,0,0,8,0,0,0
Développement Web,OFPPT,Kenitra,10.67,3,4,8,9,7,3,0,1,0,4,1,1,8100
Développement Web,EST,Kenitra,16.19,3,5,9,9,7,5,3,1,0,4,1,1,10000
Réseaux & Télécoms,Privée (EMSI/IGA),Casablanca,10.8,3,8,9,5,9,6,2,0,0,5,1,1,13600
GI,OFPPT,Casablanca,17.05,4,8,5,10,9,6,3,0,0,10,0,1,10200
GI,OFPPT,Agadir,12.43,2,5,3,9,10,4,3,1,0,5,1,1,7800
Réseaux & Télécoms,ENSA,Casablanca,15.24,3,10,10,8,9,1,3,1,0,9,0,1,13700
Data Science,FST,Marrakech,13.9,2,9,6,6,7,5,3,0,1,7,0,1,10900
GINF,Faculté (FS),Fès,12.93,0,7,3,4,10,2,2,0,0,4,1,0,0
GI,OFPPT,Marrakech,15.16,1,6,9,4,5,4,1,1,0,9,1,0,0
GINF,ENSA,Agadir,17.58,2,8,5,4,10,7,2,0,0,6,0,0,0
Cybersécurité,Privée (EMSI/IGA),Rabat,10.33,0,7,3,6,10,1,2,0,0,5,0,0,0
Cybersécurité,OFPPT,Marrakech,17.35,1,9,7,7,7,3,1,1,1,7,1,0,0
Réseaux & Télécoms,EST,Kenitra,14.87,3,6,4,9,3,5,2,0,1,10,1,1,9100
Cybersécurité,OFPPT,Fès,16.46,3,8,7,5,4,2,2,1,1,8,1,0,0
Cybersécurité,FST,Tanger,13.07,3,4,6,3,7,3,3,1,1,8,0,0,0
Data Science,FST,Fès,13.77,4,8,7,7,8,5,3,1,0,7,1,1,11600
Data Science,EST,Marrakech,16.95,4,6,5,4,7,3,1,0,0,9,1,0,0
Data Science,Faculté (FS),Tanger,13.32,4,10,9,10,3,2,3,1,0,10,1,1,11000
Cybersécurité,OFPPT,Agadir,14.28,4,7,5,4,8,4,1,0,0,8,0,0,0
Réseaux & Télécoms,FST,Fès,10.16,0,10,6,9,8,4,1,0,0,4,1,0,0
Développement Web,Faculté (FS),Rabat,11.27,0,4,6,7,8,7,0,0,0,5,1,0,0
Développement Web,Faculté (FS),Tanger,15.13,3,6,4,5,10,3,1,0,0,6,0,0,0
GINF,OFPPT,Tanger,15.74,1,9,3,7,8,3,2,0,1,8,0,1,7400
Développement Web,ENSA,Fès,14.66,4,10,4,6,6,5,1,1,0,4,1,0,0
Développement Web,OFPPT,Marrakech,11.15,1,6,7,4,6,6,0,1,0,10,1,0,0
Data Science,FST,Tanger,13.56,0,8,3,5,8,7,2,1,0,9,1,0,0
Data Science,EST,Agadir,12.84,4,9,6,10,8,0,0,1,0,5,1,1,8700
Cybersécurité,ENSA,Fès,13.97,0,5,5,9,8,1,3,0,0,4,1,0,0
GINF,FST,Agadir,16.96,0,5,7,3,3,7,2,0,0,4,1,0,0
GI,OFPPT,Fès,16.21,2,10,10,9,7,5,1,0,0,9,1,1,8400
GINF,EST,Agadir,10.67,0,4,4,10,4,3,0,0,0,5,1,0,0
GINF,OFPPT,Marrakech,17.12,3,6,9,10,9,3,1,0,1,8,0,1,9200
Réseaux & Télécoms,ENSA,Fès,13.77,0,7,8,4,8,1,3,0,0,10,1,0,0
Cybersécurité,FST,Kenitra,15.95,4,4,8,9,9,2,2,0,0,10,1,1,11400
Réseaux & Télécoms,Privée (EMSI/IGA),Rabat,11.12,3,9,6,7,7,6,1,0,0,8,1,0,0
GINF,OFPPT,Marrakech,15.37,0,10,9,5,3,4,3,0,1,4,1,0,0
GINF,ENSA,Agadir,11.89,3,4,3,4,9,2,1,0,0,7,1,0,0
GINF,FST,Fès,13.51,0,10,8,3,3,6,2,0,0,8,1,0,0
Développement Web,ENSA,Marrakech,10.13,3,8,3,3,8,1,3,0,0,4,1,0,0
Réseaux & Télécoms,FST,Agadir,11.21,1,9,5,8,9,1,3,0,0,9,1,1,9700
GINF,OFPPT,Casablanca,10.74,2,7,6,7,5,0,0,0,0,6,0,0,0
Data Science,OFPPT,Casablanca,11.92,3,6,10,6,10,7,2,0,0,10,1,1,10300
Cybersécurité,ENSA,Tanger,10.8,4,9,6,10,3,5,3,0,0,6,1,1,12400
Cybersécurité,Privée (EMSI/IGA),Rabat,15.54,2,6,7,7,5,5,2,0,0,7,1,0,0
Data Science,Faculté (FS),Casablanca,10.23,2,6,7,5,9,5,1,0,1,9,1,1,10300
Cybersécurité,EST,Kenitra,14.94,0,4,9,7,9,6,2,0,0,4,0,1,8100
Développement Web,FST,Agadir,11.13,3,8,3,5,3,5,0,0,0,6,1,0,0
Développement Web,Faculté (FS),Marrakech,17.56,2,4,10,8,5,0,2,0,0,10,1,1,9800
GI,Faculté (FS),Fès,17.46,4,5,8,10,5,4,2,1,0,9,0,1,10400
GI,FST,Marrakech,11.8,4,5,8,10,8,5,1,0,0,8,0,1,11000
GI,FST,Tanger,14.92,4,6,4,8,8,3,0,0,0,4,1,0,0
Cybersécurité,ENSA,Marrakech,10.22,0,8,10,8,10,1,1,0,0,7,1,1,10400
Développement Web,OFPPT,Casablanca,17.45,1,9,3,6,9,0,3,1,0,7,1,0,0
Développement Web,FST,Marrakech,14.18,3,6,8,8,7,7,1,1,0,8,0,1,10500
Développement Web,ENSA,Casablanca,10.35,2,9,7,7,10,2,0,0,0,6,1,1,11400
Data Science,OFPPT,Casablanca,12.74,3,6,7,3,10,5,0,1,0,9,1,1,8900
Développement Web,Privée (EMSI/IGA),Rabat,10.61,2,4,10,5,10,0,2,0,0,6,1,1,13300
Data Science,Privée (EMSI/IGA),Tanger,13.14,0,6,7,9,5,2,0,1,0,7,1,0,0
GI,EST,Kenitra,15.36,3,6,3,5,6,0,1,0,0,5,1,0,0
GI,ENSA,Kenitra,13.76,0,8,6,3,3,2,0,0,0,9,0,0,0
Cybersécurité,FST,Agadir,13.07,0,8,9,10,8,0,3,0,0,10,1,1,10000
GI,ENSA,Kenitra,10.95,3,10,4,9,4,0,0,1,0,9,1,1,10300
Cybersécurité,Privée (EMSI/IGA),Casablanca,11.96,3,9,4,7,9,6,0,1,0,9,0,1,11800
GINF,ENSA,Fès,10.8,2,8,7,6,3,5,1,0,0,7,1,0,0
GINF,EST,Tanger,16.46,4,6,5,4,7,4,2,0,0,9,1,1,9300
Réseaux & Télécoms,FST,Agadir,11.08,0,8,10,7,7,3,2,0,0,7,1,1,9800
Cybersécurité,EST,Kenitra,14.76,1,8,3,8,5,1,1,1,0,4,1,0,0
Réseaux & Télécoms,OFPPT,Kenitra,12.74,2,7,10,9,7,3,2,0,0,8,0,1,8800
Réseaux & Télécoms,FST,Fès,11.81,2,7,8,10,8,4,3,0,0,4,1,1,10800
GINF,ENSA,Marrakech,15.12,4,5,10,7,7,6,3,0,0,7,0,0,0
Cybersécurité,EST,Tanger,13.66,4,4,8,5,3,5,2,0,0,4,1,0,0
GINF,FST,Fès,13.2,0,10,10,5,9,2,1,0,0,6,0,1,9400
Réseaux & Télécoms,ENSA,Kenitra,14.74,2,10,10,6,6,6,1,0,0,7,1,1,11400
Cybersécurité,Faculté (FS),Tanger,13.93,2,4,9,8,6,7,2,0,0,6,0,1,9600
Réseaux & Télécoms,Faculté (FS),Tanger,12.43,1,8,6,9,9,3,0,0,0,6,0,1,7700
Développement Web,OFPPT,Kenitra,14.47,0,5,7,6,9,1,2,0,0,8,1,0,0
Cybersécurité,Privée (EMSI/IGA),Marrakech,15.36,0,5,5,6,5,5,3,1,0,6,0,0,0
Cybersécurité,Privée (EMSI/IGA),Marrakech,10.21,4,9,7,3,9,1,3,0,0,4,1,0,0
Réseaux & Télécoms,Privée (EMSI/IGA),Kenitra,13.73,0,10,10,9,7,7,0,1,0,4,0,1,10500
Développement Web,ENSA,Tanger,10.46,1,7,10,4,7,7,3,0,1,9,0,1,12200
Data Science,ENSA,Fès,11.49,0,5,5,4,6,2,1,0,1,5,1,0,0
GINF,EST,Rabat,14.48,3,6,4,9,9,6,0,1,0,8,1,1,8800
Réseaux & Télécoms,OFPPT,Casablanca,16.93,3,9,5,8,5,6,0,0,0,9,1,1,8500
Cybersécurité,Privée (EMSI/IGA),Marrakech,17.06,1,10,4,6,7,1,0,0,1,9,1,0,0
GINF,OFPPT,Kenitra,10.56,4,8,4,10,5,4,1,0,0,9,1,1,8200
GINF,ENSA,Rabat,13.35,2,6,10,5,8,3,3,1,0,5,1,0,0
GINF,Privée (EMSI/IGA),Marrakech,14.66,0,4,3,4,3,1,2,0,0,6,1,0,0
Data Science,FST,Tanger,11.18,4,10,9,10,8,3,3,0,0,9,1,1,12000
GI,ENSA,Kenitra,16.12,4,7,5,9,7,0,2,0,0,7,1,1,11800
Réseaux & Télécoms,FST,Rabat,15.95,0,6,6,10,7,7,0,1,0,4,0,0,0
GI,ENSA,Kenitra,17.23,2,8,6,9,7,7,2,0,0,7,1,1,11000
GI,FST,Fès,10.07,0,6,5,7,6,3,3,0,0,5,1,0,0
GI,EST,Fès,11.73,2,6,9,3,6,2,1,0,0,9,1,0,0
GINF,FST,Agadir,16.62,1,5,3,5,7,4,3,1,0,10,0,0,0
Développement Web,Faculté (FS),Casablanca,15.36,2,7,6,3,7,5,1,0,0,10,1,0,0
GINF,OFPPT,Casablanca,17.16,4,4,7,7,3,1,1,0,0,10,0,0,0
GINF,Faculté (FS),Marrakech,10.46,1,8,6,4,3,5,1,0,0,5,1,0,0
Cybersécurité,FST,Casablanca,14.78,3,9,10,3,5,4,2,0,0,4,0,0,0
Cybersécurité,OFPPT,Kenitra,14.55,1,9,3,8,9,3,0,1,0,10,1,0,0
GI,Privée (EMSI/IGA),Kenitra,10.29,2,8,4,3,5,1,0,1,0,9,1,0,0
GINF,ENSA,Agadir,14.11,1,4,4,3,6,4,0,0,0,5,1,0,0
GI,FST,Fès,14.88,1,8,4,10,4,2,1,0,0,7,0,0,0
Cybersécurité,EST,Rabat,11.53,3,5,10,9,3,0,2,1,0,5,1,0,0
Développement Web,ENSA,Rabat,12.19,2,9,3,7,5,6,2,0,0,7,0,0,0
Réseaux & Télécoms,Faculté (FS),Fès,15.12,4,10,4,9,9,0,2,0,0,10,1,1,9600
GI,OFPPT,Tanger,13.75,1,9,9,5,9,2,3,0,1,9,1,1,9000
Développement Web,ENSA,Fès,16.86,0,10,4,10,3,5,2,0,0,6,0,1,9600
Réseaux & Télécoms,OFPPT,Rabat,12.74,4,6,3,9,3,0,2,0,0,9,1,0,0
Data Science,OFPPT,Marrakech,12.13,1,5,10,5,8,2,2,0,0,8,1,0,0
GI,Privée (EMSI/IGA),Agadir,17.88,4,9,7,7,10,3,0,1,0,4,1,1,11900
GI,EST,Fès,17.29,0,5,6,10,4,5,1,1,0,5,1,0,0
Data Science,Privée (EMSI/IGA),Tanger,10.23,4,5,3,9,3,5,3,0,0,10,0,0,0
Data Science,EST,Marrakech,16.17,4,4,3,3,8,6,0,1,0,9,0,1,8100
GI,Faculté (FS),Fès,10.88,0,9,5,10,9,2,2,1,0,4,1,0,0
Data Science,ENSA,Marrakech,10.22,0,10,4,3,4,0,1,0,0,5,1,0,0
GINF,ENSA,Fès,12.19,0,7,8,6,9,6,1,0,0,10,1,1,10000
Réseaux & Télécoms,OFPPT,Marrakech,12.15,3,10,7,10,8,6,1,0,0,6,0,1,8300
Réseaux & Télécoms,FST,Kenitra,16.55,0,4,8,8,9,3,1,0,0,10,1,0,0
Réseaux & Télécoms,EST,Casablanca,15.69,4,4,5,4,8,5,2,0,0,10,1,0,0
GINF,ENSA,Marrakech,17.85,0,5,7,4,10,2,3,0,0,7,1,0,0
Data Science,Faculté (FS),Kenitra,15.69,1,7,4,5,4,2,2,0,0,4,1,0,0
Développement Web,ENSA,Casablanca,13.35,0,4,8,7,3,7,1,0,0,6,0,0,0
Data Science,OFPPT,Rabat,15.59,0,7,10,10,3,6,2,0,0,6,1,1,8800
GI,ENSA,Casablanca,18.0,2,9,4,3,5,7,1,1,0,8,1,0,0
Cybersécurité,ENSA,Marrakech,15.68,4,5,4,9,3,5,2,0,0,6,1,0,0
Réseaux & Télécoms,EST,Agadir,16.09,4,4,6,8,9,5,3,0,1,8,0,1,10400
Data Science,FST,Agadir,17.51,1,7,7,4,10,3,1,1,0,10,0,1,9300
Développement Web,EST,Rabat,10.91,3,8,7,7,3,7,2,0,0,6,1,0,0
GI,EST,Marrakech,15.64,2,10,5,7,3,5,0,1,0,10,0,1,7500
GINF,Privée (EMSI/IGA),Casablanca,16.81,1,4,10,10,5,1,3,0,0,7,1,1,13200
GINF,Faculté (FS),Agadir,17.64,1,4,3,3,10,7,0,0,0,6,1,0,0
Développement Web,ENSA,Fès,11.69,4,4,4,10,10,0,2,1,1,9,0,1,12100
GI,FST,Tanger,14.03,2,7,4,10,4,5,3,0,0,7,1,0,0
Réseaux & Télécoms,OFPPT,Marrakech,15.44,4,6,8,8,5,1,3,1,0,5,1,0,0
Data Science,EST,Kenitra,11.98,3,9,5,7,9,7,3,0,0,6,1,1,9200
GI,ENSA,Kenitra,14.8,4,10,7,4,10,3,2,0,0,10,0,1,12200
GINF,OFPPT,Fès,12.06,0,4,6,6,9,3,3,0,0,6,0,0,0
Développement Web,Faculté (FS),Fès,12.67,4,8,7,4,3,4,3,1,0,5,1,0,0
Développement Web,Faculté (FS),Marrakech,13.53,0,8,6,8,7,7,0,1,0,10,1,1,7200
Data Science,ENSA,Tanger,14.23,1,5,6,6,3,4,2,0,0,8,1,0,0
Développement Web,ENSA,Agadir,13.59,3,6,7,9,5,3,1,0,0,7,1,1,11300
Développement Web,Faculté (FS),Tanger,13.95,0,6,8,9,8,7,2,1,0,5,0,1,8400
GI,ENSA,Rabat,12.39,3,7,4,7,8,4,2,0,0,5,1,0,0
Réseaux & Télécoms,FST,Casablanca,11.27,4,5,6,4,10,2,3,1,0,9,1,1,12400
Data Science,FST,Casablanca,10.38,4,10,8,3,5,1,0,0,0,10,1,1,11600
GI,EST,Fès,11.57,1,7,5,8,6,3,0,0,0,4,0,1,7000
Réseaux & Télécoms,Privée (EMSI/IGA),Agadir,14.66,4,5,5,7,9,2,2,0,1,5,0,1,12800
GI,OFPPT,Tanger,16.29,0,9,6,3,8,0,1,1,0,8,1,0,0
Cybersécurité,OFPPT,Fès,11.35,1,6,4,6,7,7,2,1,0,8,1,0,0
GI,ENSA,Marrakech,10.87,3,10,6,9,5,0,1,1,0,8,1,0,0
Développement Web,ENSA,Fès,15.99,1,9,5,5,8,4,1,0,0,10,1,1,9900
Réseaux & Télécoms,FST,Marrakech,12.44,3,10,9,5,8,4,2,1,1,7,1,1,11600
Data Science,ENSA,Marrakech,17.61,2,7,5,6,4,2,3,1,0,7,1,0,0
Data Science,Privée (EMSI/IGA),Rabat,15.71,0,5,7,5,3,0,3,0,0,10,0,0,0
Réseaux & Télécoms,ENSA,Rabat,12.61,0,6,9,10,8,5,1,1,0,6,1,1,11200
Développement Web,FST,Marrakech,12.32,3,6,4,8,10,3,0,0,0,5,1,0,0
GINF,EST,Agadir,14.19,4,10,7,10,8,7,3,0,0,9,1,1,10100
GI,Faculté (FS),Rabat,10.63,4,10,9,7,4,5,3,0,0,8,1,1,12000
Développement Web,ENSA,Rabat,10.94,2,10,8,7,9,7,1,0,0,5,1,1,12000
Cybersécurité,FST,Casablanca,11.41,3,4,9,8,5,1,1,0,1,10,1,0,0
Réseaux & Télécoms,EST,Fès,16.2,2,7,8,4,5,6,1,0,0,6,1,0,0
GI,OFPPT,Casablanca,14.11,3,4,8,7,4,4,3,0,0,10,1,0,0
Data Science,ENSA,Agadir,10.08,2,10,9,9,4,2,3,1,0,6,0,1,12000
GINF,Privée (EMSI/IGA),Rabat,15.39,3,10,9,5,6,5,0,0,0,8,1,1,12800
Cybersécurité,OFPPT,Kenitra,13.39,0,6,3,9,3,4,0,0,1,5,0,0,0
Data Science,EST,Rabat,14.09,2,7,9,8,4,2,2,0,0,6,0,0,0
Réseaux & Télécoms,OFPPT,Tanger,11.71,2,7,8,3,3,0,1,0,0,4,0,0,0
GI,ENSA,Agadir,14.41,3,9,6,10,8,4,3,0,0,7,1,1,11900
Réseaux & Télécoms,Privée (EMSI/IGA),Kenitra,17.83,1,8,7,4,7,6,0,0,0,5,0,0,0
GI,FST,Fès,10.59,1,5,8,3,5,7,1,0,0,8,1,0,0
Développement Web,EST,Fès,12.27,0,8,4,9,4,5,1,0,0,6,1,0,0
GINF,EST,Kenitra,11.94,4,8,10,5,10,2,2,0,1,6,1,1,10800
Développement Web,ENSA,Fès,11.99,4,10,9,9,7,2,1,0,0,6,0,1,12200
Développement Web,Privée (EMSI/IGA),Kenitra,13.03,0,6,8,3,5,7,0,0,0,7,1,0,0
Réseaux & Télécoms,ENSA,Agadir,16.54,4,9,6,5,6,5,2,1,1,5,0,1,12500
GINF,Faculté (FS),Kenitra,17.3,3,5,10,7,5,6,3,0,1,6,1,1,11200
GI,FST,Kenitra,11.62,1,10,9,4,4,4,2,1,0,9,0,0,0
GI,Privée (EMSI/IGA),Tanger,14.34,0,10,6,6,10,1,1,0,0,7,0,1,10100
Cybersécurité,ENSA,Tanger,15.1,3,8,10,5,7,3,1,1,0,4,0,1,11900
Data Science,FST,Casablanca,14.17,0,8,10,8,7,6,0,1,1,5,1,1,10500
Cybersécurité,FST,Agadir,13.47,1,7,6,8,10,0,1,0,0,8,1,0,0
Cybersécurité,OFPPT,Agadir,11.54,4,6,6,7,7,5,3,0,0,5,0,1,9400
GI,ENSA,Tanger,13.91,3,8,6,8,5,6,0,0,0,6,1,1,10700
Réseaux & Télécoms,ENSA,Marrakech,13.21,1,5,4,3,10,5,1,0,1,10,0,0,0
Développement Web,ENSA,Marrakech,16.36,0,4,3,7,3,4,3,0,0,8,1,0,0
Développement Web,OFPPT,Casablanca,16.11,2,10,5,8,9,4,0,1,0,9,1,1,8000
Développement Web,ENSA,Marrakech,11.07,3,4,3,3,3,1,1,1,0,5,1,0,0
GINF,Faculté (FS),Marrakech,10.71,0,6,5,3,5,0,3,0,0,8,1,0,0
GI,ENSA,Marrakech,17.27,0,4,7,3,4,4,3,0,0,5,1,0,0
Réseaux & Télécoms,OFPPT,Rabat,14.28,1,7,9,8,5,1,2,0,0,9,1,0,0
GINF,Privée (EMSI/IGA),Casablanca,16.86,0,7,6,10,3,5,0,0,0,4,1,0,0
Data Science,FST,Tanger,10.47,3,5,7,3,5,3,2,1,0,4,1,0,0
Réseaux & Télécoms,EST,Marrakech,14.21,3,9,7,9,7,2,3,0,1,4,1,0,0
Cybersécurité,ENSA,Fès,14.32,0,6,9,4,10,3,2,1,1,5,1,1,11100
Réseaux & Télécoms,ENSA,Kenitra,16.89,1,6,5,8,10,3,2,0,0,8,1,1,10300
Réseaux & Télécoms,EST,Rabat,10.78,3,10,4,3,4,3,2,0,0,4,1,0,0
Développement Web,Faculté (FS),Marrakech,11.92,2,4,6,4,9,3,0,0,0,7,1,0,0
Réseaux & Télécoms,FST,Kenitra,13.25,4,8,10,9,4,2,1,0,0,7,1,1,11400
Cybersécurité,Privée (EMSI/IGA),Kenitra,16.93,1,8,8,6,6,5,2,1,0,4,1,0,0
Cybersécurité,EST,Rabat,17.51,1,9,9,4,9,0,1,0,0,4,1,0,0
GI,Faculté (FS),Casablanca,17.94,4,10,10,8,5,0,0,0,0,6,0,1,11000
Réseaux & Télécoms,FST,Fès,17.67,4,8,9,8,8,5,1,0,0,10,1,1,11200
Développement Web,FST,Fès,10.05,3,9,10,3,8,1,0,0,0,7,1,0,0
Réseaux & Télécoms,EST,Fès,10.38,0,10,7,9,9,1,1,0,0,10,1,1,7300
Data Science,FST,Marrakech,11.18,0,5,3,10,9,4,0,1,0,7,1,0,0
Data Science,FST,Rabat,12.79,2,6,10,9,9,7,3,0,0,4,1,1,12200
Développement Web,OFPPT,Fès,16.64,0,4,6,9,8,3,0,0,0,9,1,0,0
GI,Privée (EMSI/IGA),Kenitra,17.14,2,5,10,8,7,3,1,1,0,6,0,1,11900
GI,EST,Kenitra,11.49,2,7,4,6,10,2,2,0,0,8,1,1,8100
Cybersécurité,ENSA,Agadir,14.96,1,7,6,9,10,3,3,0,0,6,1,1,10900
Cybersécurité,FST,Agadir,17.34,1,7,8,10,8,2,2,0,0,6,1,1,9900
GINF,FST,Rabat,13.71,3,9,8,7,5,4,1,0,0,7,1,0,0
Développement Web,ENSA,Marrakech,10.83,4,9,7,4,10,6,2,0,0,4,0,0,0
Réseaux & Télécoms,OFPPT,Marrakech,13.66,4,10,10,7,6,1,2,1,0,4,1,0,0
Développement Web,Privée (EMSI/IGA),Casablanca,13.01,2,6,3,6,6,1,0,0,0,10,1,0,0
GINF,Privée (EMSI/IGA),Casablanca,14.62,4,7,7,4,10,4,1,1,0,4,0,1,13300
Cybersécurité,ENSA,Fès,13.51,2,9,4,3,5,7,2,0,0,6,1,0,0
Développement Web,OFPPT,Tanger,10.14,4,10,5,4,8,4,2,1,0,10,1,0,0
Développement Web,OFPPT,Kenitra,17.95,3,9,8,3,5,5,2,1,0,10,1,1,8900
Cybersécurité,FST,Casablanca,14.35,1,8,3,5,9,3,1,0,0,6,1,0,0
GINF,FST,Marrakech,13.79,1,9,8,4,10,1,3,0,1,9,1,1,10800
Cybersécurité,OFPPT,Kenitra,17.64,2,7,4,10,10,0,2,1,1,5,1,1,8100
GI,FST,Tanger,11.25,4,5,4,4,9,7,2,0,1,8,1,1,11100
Réseaux & Télécoms,EST,Casablanca,11.51,0,7,10,10,5,4,3,0,0,5,1,0,0
Cybersécurité,FST,Rabat,16.46,3,10,8,7,9,1,3,0,0,9,1,1,12300
GINF,Faculté (FS),Agadir,12.09,4,10,7,7,3,7,3,1,0,8,0,1,10600
Data Science,ENSA,Casablanca,16.39,0,10,8,6,6,1,2,0,0,10,1,0,0
GI,Privée (EMSI/IGA),Casablanca,12.17,3,8,10,3,4,7,0,0,0,5,0,0,0
Data Science,Faculté (FS),Rabat,10.27,3,7,7,8,8,2,1,1,0,5,1,0,0
Cybersécurité,Faculté (FS),Marrakech,14.14,1,4,8,7,8,6,2,0,0,5,1,0,0
GI,ENSA,Fès,11.57,2,8,7,10,3,1,3,0,1,5,0,0,0
Réseaux & Télécoms,Faculté (FS),Rabat,16.06,4,6,10,10,7,4,3,0,1,6,1,1,12700
Cybersécurité,ENSA,Fès,15.13,3,7,5,9,4,6,3,1,0,8,1,1,11700
Réseaux & Télécoms,ENSA,Casablanca,17.39,4,9,6,6,4,6,3,0,0,9,0,1,13400
Développement Web,FST,Marrakech,16.26,3,5,6,3,4,3,0,1,0,5,1,0,0
Data Science,FST,Tanger,11.45,1,7,7,10,9,7,1,1,0,5,0,1,9300
GI,Faculté (FS),Casablanca,16.4,2,5,7,3,6,7,0,0,1,9,1,0,0
Réseaux & Télécoms,ENSA,Rabat,15.13,0,10,9,3,7,1,0,0,1,4,0,0,0
GINF,FST,Tanger,15.35,0,10,9,5,3,0,1,1,0,6,0,0,0
Réseaux & Télécoms,ENSA,Agadir,16.66,1,4,5,3,9,4,2,0,0,7,1,0,0
GINF,Privée (EMSI/IGA),Tanger,14.59,3,6,10,10,7,3,2,0,0,4,0,1,12800
Cybersécurité,Faculté (FS),Rabat,13.73,1,9,6,10,8,5,0,0,1,9,1,1,9200
GI,Faculté (FS),Kenitra,15.09,2,8,5,6,3,3,1,1,1,7,1,0,0
Réseaux & Télécoms,EST,Tanger,12.38,0,8,9,3,9,4,3,0,0,5,0,0,0
Réseaux & Télécoms,ENSA,Rabat,11.46,4,6,9,10,6,5,1,0,0,8,1,1,13200
GI,Privée (EMSI/IGA),Kenitra,14.93,0,4,4,8,8,3,2,0,0,10,0,0,0
Réseaux & Télécoms,EST,Casablanca,11.87,2,4,8,8,7,7,0,0,0,7,1,1,9100
GINF,FST,Kenitra,10.64,3,10,9,10,4,0,3,0,0,10,1,1,11500
Réseaux & Télécoms,Faculté (FS),Marrakech,10.0,1,7,6,3,10,1,2,0,0,10,1,0,0
Data Science,ENSA,Agadir,14.87,0,4,7,6,7,4,3,0,0,7,1,0,0
Cybersécurité,OFPPT,Kenitra,12.9,0,7,10,4,8,1,1,0,0,7,1,0,0
Développement Web,FST,Marrakech,16.02,4,5,3,3,9,1,1,0,1,10,1,1,10500
GINF,EST,Marrakech,13.0,1,6,9,6,9,3,2,0,0,8,1,1,8600
Data Science,ENSA,Marrakech,13.89,4,5,4,7,6,4,2,1,0,4,1,0,0
Cybersécurité,ENSA,Kenitra,13.26,4,5,8,6,6,1,3,0,0,6,1,1,12800
GI,OFPPT,Rabat,15.2,3,5,3,5,6,2,3,0,0,8,1,0,0
GINF,Faculté (FS),Rabat,12.85,0,5,5,7,3,7,1,0,0,4,1,0,0
Développement Web,ENSA,Agadir,17.71,1,8,8,8,10,0,0,1,0,5,0,1,10100
Cybersécurité,ENSA,Rabat,17.49,3,4,5,8,7,5,3,1,0,4,0,1,12700
Développement Web,Faculté (FS),Fès,16.78,3,6,5,4,4,3,1,0,0,7,1,0,0
GI,Faculté (FS),Rabat,17.36,3,6,7,4,9,4,0,1,0,4,1,1,9900
GI,FST,Rabat,13.59,2,9,5,6,4,4,2,0,0,10,1,0,0
GINF,EST,Rabat,14.29,2,5,9,6,5,3,2,0,0,4,1,0,0
Réseaux & Télécoms,ENSA,Casablanca,15.94,3,6,3,3,6,1,3,0,0,10,0,0,0
GI,Faculté (FS),Agadir,15.57,2,10,4,9,8,3,0,0,0,5,0,1,7800
Cybersécurité,Privée (EMSI/IGA),Fès,17.13,1,7,10,9,4,6,1,0,0,5,1,1,11400
Réseaux & Télécoms,ENSA,Rabat,15.73,0,6,9,3,6,7,3,1,0,4,1,0,0
Data Science,Faculté (FS),Agadir,17.98,1,10,7,8,4,4,1,0,1,8,0,0,0
Développement Web,FST,Tanger,12.79,0,5,4,5,7,2,0,0,0,10,1,0,0
Réseaux & Télécoms,FST,Casablanca,16.66,2,6,5,9,5,6,3,0,0,5,1,1,11200
Développement Web,EST,Kenitra,15.58,1,4,6,3,6,1,0,0,0,7,1,0,0
Réseaux & Télécoms,OFPPT,Rabat,15.53,4,5,8,8,3,7,0,1,0,10,0,1,9600
Data Science,FST,Fès,12.61,3,8,7,6,3,5,0,0,0,8,1,1,9900
GI,FST,Casablanca,16.28,0,10,5,10,10,3,1,0,0,9,1,1,9400
Data Science,EST,Fès,17.2,0,4,7,9,4,4,2,1,0,4,1,0,0
GI,ENSA,Kenitra,11.75,4,6,6,6,9,5,3,1,0,9,0,1,12400
GI,ENSA,Kenitra,15.0,4,8,10,3,7,4,1,1,0,10,1,0,0
Développement Web,OFPPT,Casablanca,13.14,3,9,3,9,8,4,0,0,0,7,0,1,8100
Cybersécurité,ENSA,Tanger,17.92,2,4,9,5,10,2,1,1,1,7,1,0,0
Data Science,Faculté (FS),Agadir,13.83,1,9,3,8,10,1,0,0,0,8,1,0,0
Réseaux & Télécoms,EST,Casablanca,11.83,1,7,8,6,9,3,0,0,0,4,1,0,0
Data Science,FST,Marrakech,13.05,1,4,3,8,6,1,0,1,0,7,1,0,0
Développement Web,FST,Kenitra,15.23,2,8,10,5,5,4,0,0,0,9,1,1,10000
GI,EST,Tanger,10.61,3,9,9,6,10,2,1,0,1,10,1,1,9700
Développement Web,ENSA,Kenitra,14.83,1,7,9,8,10,5,0,1,0,9,0,1,10300
GINF,EST,Marrakech,17.45,0,9,10,10,7,6,1,0,0,5,0,1,7900
GINF,Faculté (FS),Tanger,16.8,0,6,6,5,4,2,1,0,0,5,0,0,0
Réseaux & Télécoms,Faculté (FS),Kenitra,10.54,0,5,4,5,7,4,2,0,0,8,0,0,0
Développement Web,EST,Marrakech,17.95,4,9,10,5,5,1,1,1,0,10,1,1,9900
Réseaux & Télécoms,FST,Marrakech,15.59,4,6,6,3,7,5,2,0,0,10,1,1,11000
Réseaux & Télécoms,ENSA,Kenitra,11.3,2,5,6,4,6,1,2,0,0,10,1,0,0
GINF,ENSA,Kenitra,10.1,1,5,5,8,10,2,2,0,0,5,1,0,0
Réseaux & Télécoms,ENSA,Fès,11.37,4,8,10,5,4,7,1,0,0,10,1,1,12400
GINF,OFPPT,Casablanca,16.71,0,10,3,8,5,5,2,1,1,6,1,0,0
GI,ENSA,Casablanca,10.17,4,7,7,5,10,0,3,0,1,4,1,1,14100
Développement Web,ENSA,Tanger,11.87,0,10,9,8,4,2,0,0,0,7,1,0,0
Réseaux & Télécoms,EST,Agadir,16.06,1,7,8,6,8,7,1,1,0,7,1,1,8000
GINF,ENSA,Kenitra,14.69,2,4,4,8,10,5,0,0,1,8,1,1,10300
Data Science,Faculté (FS),Fès,16.26,3,6,9,9,6,7,1,1,0,8,1,1,9700
Réseaux & Télécoms,ENSA,Casablanca,15.97,3,8,7,4,5,2,2,0,0,7,1,0,0
Cybersécurité,ENSA,Casablanca,10.4,0,9,5,6,8,3,3,0,0,5,1,1,11200
GI,Faculté (FS),Fès,17.14,4,6,10,10,8,2,2,0,0,8,1,1,10800
GI,EST,Rabat,11.82,4,9,5,6,8,7,1,0,1,6,1,1,10400
Data Science,OFPPT,Fès,14.43,0,10,4,5,5,7,2,1,0,8,1,0,0
GINF,Faculté (FS),Casablanca,15.15,1,9,7,7,4,6,3,1,0,5,1,1,10100
Réseaux & Télécoms,EST,Agadir,11.35,0,10,4,9,7,7,0,0,0,4,1,1,6300
GINF,Faculté (FS),Rabat,17.81,1,10,4,10,7,0,0,1,0,6,1,0,0
GI,ENSA,Marrakech,13.91,2,9,3,4,8,5,2,0,0,8,1,0,0
GINF,FST,Fès,10.46,2,4,10,6,3,7,1,0,0,4,0,0,0
GI,FST,Marrakech,17.5,0,10,7,7,3,7,1,1,0,4,1,0,0
GINF,EST,Rabat,14.69,2,4,3,7,5,7,0,0,1,9,1,0,0
Data Science,Faculté (FS),Rabat,15.59,4,8,9,6,4,5,3,0,0,7,1,1,12000
Développement Web,OFPPT,Rabat,14.2,1,4,3,5,5,2,2,0,0,5,1,0,0
Data Science,Privée (EMSI/IGA),Tanger,16.68,3,8,9,3,4,1,2,0,0,7,1,0,0
Data Science,Faculté (FS),Fès,10.27,3,4,8,6,6,3,0,0,0,9,1,1,9100
Développement Web,FST,Kenitra,12.15,2,7,3,5,3,6,1,1,0,5,0,0,0
Développement Web,ENSA,Agadir,13.76,1,8,6,4,5,3,2,1,0,9,0,1,10500
Réseaux & Télécoms,EST,Agadir,10.61,4,7,5,5,9,2,1,0,1,4,0,1,9400
Réseaux & Télécoms,FST,Marrakech,15.65,3,10,5,7,10,3,1,0,0,8,0,1,9900
Data Science,EST,Marrakech,13.15,4,7,6,9,6,3,0,0,0,5,0,0,0
Data Science,Privée (EMSI/IGA),Kenitra,12.18,4,8,9,9,7,2,1,0,0,5,1,1,12700
GI,EST,Marrakech,10.03,3,6,9,4,3,0,3,0,0,4,0,0,0
GI,EST,Fès,15.76,3,10,10,10,4,5,3,1,0,6,1,1,10200
Réseaux & Télécoms,EST,Casablanca,16.67,2,10,4,9,8,2,0,0,0,4,1,0,0
Cybersécurité,OFPPT,Marrakech,13.16,1,5,7,4,10,1,2,0,0,9,1,0,0
Cybersécurité,Faculté (FS),Rabat,14.51,0,4,7,3,7,4,1,0,0,4,1,0,0
Réseaux & Télécoms,Faculté (FS),Marrakech,11.82,1,9,7,10,7,0,3,1,0,5,0,1,9100
GI,EST,Rabat,14.98,0,4,3,3,6,2,0,1,0,4,1,0,0
GI,OFPPT,Tanger,10.1,3,9,7,6,10,0,0,0,0,7,0,1,7900
Cybersécurité,ENSA,Casablanca,13.91,4,6,7,9,9,4,1,0,0,4,1,1,12800
GINF,OFPPT,Casablanca,15.15,1,5,9,5,10,3,0,1,1,8,1,1,8800
GINF,FST,Kenitra,17.35,4,6,7,6,5,3,2,0,0,10,1,0,0
GI,EST,Fès,13.05,1,5,5,3,8,4,1,1,0,4,1,0,0
GINF,FST,Fès,16.12,1,8,6,7,10,3,2,0,0,4,1,0,0
Développement Web,Faculté (FS),Agadir,14.78,4,8,8,3,10,0,3,1,0,10,0,1,10800
Réseaux & Télécoms,ENSA,Tanger,17.42,2,9,9,5,10,3,3,0,0,8,0,1,12000
Réseaux & Télécoms,OFPPT,Kenitra,13.19,3,7,4,10,5,4,3,1,0,6,1,1,8500
GI,FST,Fès,12.55,2,7,6,10,6,4,3,1,1,6,1,1,10900
Data Science,EST,Rabat,17.1,2,9,7,7,10,5,0,0,0,6,0,0,0
Cybersécurité,ENSA,Tanger,10.39,1,8,4,9,7,4,2,0,0,7,1,1,10100
GI,FST,Casablanca,11.09,3,9,4,6,3,1,0,0,0,8,1,0,0
GINF,FST,Rabat,10.66,1,7,6,6,7,6,0,1,0,7,0,0,0
Cybersécurité,FST,Kenitra,16.74,0,9,6,3,6,0,3,0,0,7,1,0,0
Data Science,Faculté (FS),Kenitra,10.08,1,8,6,3,7,4,2,0,0,9,1,0,0
GINF,FST,Tanger,16.89,4,6,9,10,8,5,1,0,0,7,0,1,11200
Développement Web,Privée (EMSI/IGA),Casablanca,13.61,1,4,9,9,7,0,1,0,0,8,0,1,12200
GINF,Faculté (FS),Fès,10.03,0,8,8,8,10,7,1,0,0,5,1,1,8000
Développement Web,OFPPT,Rabat,13.21,1,9,6,10,7,5,2,0,0,5,1,1,8500
Cybersécurité,ENSA,Rabat,11.49,0,8,8,6,7,1,3,1,0,6,0,0,0
Développement Web,EST,Casablanca,15.0,3,8,3,9,3,7,3,0,0,7,1,0,0
Cybersécurité,EST,Rabat,15.43,1,7,10,6,4,0,2,0,0,10,1,0,0
Cybersécurité,Faculté (FS),Fès,13.9,0,9,5,4,4,2,3,0,0,6,1,0,0
Cybersécurité,OFPPT,Fès,10.32,3,7,10,5,5,6,2,0,0,7,0,1,9300
Cybersécurité,ENSA,Fès,15.25,4,9,8,4,10,6,2,0,0,6,0,1,12400
Cybersécurité,ENSA,Casablanca,16.74,2,7,5,4,4,1,1,0,1,4,0,0,0
GINF,OFPPT,Marrakech,15.76,0,7,7,6,4,1,1,0,0,8,0,0,0
Cybersécurité,ENSA,Marrakech,16.64,4,6,3,8,4,3,0,0,0,7,0,1,10600
GINF,Faculté (FS),Kenitra,11.6,3,8,4,10,10,4,2,0,0,9,1,1,9100
Cybersécurité,FST,Kenitra,17.11,4,6,6,10,9,7,1,0,0,7,0,1,10600
Développement Web,OFPPT,Rabat,12.58,1,7,7,9,10,1,1,0,1,7,1,1,8800
Cybersécurité,ENSA,Fès,10.11,2,6,4,9,7,6,1,1,1,8,1,1,10700
Data Science,ENSA,Rabat,16.75,0,10,9,5,9,0,3,0,0,4,1,0,0
Cybersécurité,Faculté (FS),Casablanca,17.53,3,10,5,6,7,2,1,0,1,5,1,0,0
Cybersécurité,Privée (EMSI/IGA),Rabat,15.24,2,8,4,4,8,0,3,0,0,8,1,0,0
Développement Web,FST,Agadir,11.85,3,8,10,4,10,6,1,0,1,4,1,1,11400
Réseaux & Télécoms,EST,Marrakech,12.01,4,7,6,9,3,0,3,0,0,6,1,1,9900
Développement Web,Faculté (FS),Rabat,13.73,3,8,6,9,9,2,3,0,0,7,1,1,10900
Data Science,Privée (EMSI/IGA),Rabat,17.18,3,6,10,6,7,7,1,0,1,10,1,1,13900
Réseaux & Télécoms,OFPPT,Tanger,11.2,4,5,8,3,7,5,2,0,0,7,0,1,9400
GI,Privée (EMSI/IGA),Rabat,16.61,4,8,8,3,4,3,0,1,0,5,0,0,0
GI,ENSA,Agadir,12.33,2,6,9,6,3,6,0,0,0,6,1,0,0
Data Science,ENSA,Marrakech,16.47,0,10,5,7,3,4,2,1,1,4,1,0,0
Développement Web,Faculté (FS),Tanger,17.36,4,10,6,7,4,7,1,0,0,6,1,1,9600
GINF,OFPPT,Casablanca,13.42,2,6,3,3,9,6,2,0,0,6,0,0,0
Data Science,EST,Kenitra,12.92,3,10,7,5,4,1,1,1,0,5,0,0,0
Réseaux & Télécoms,ENSA,Casablanca,16.42,3,6,5,8,3,4,1,0,0,4,1,0,0
Réseaux & Télécoms,OFPPT,Marrakech,14.24,1,8,5,4,6,3,1,0,0,5,0,0,0
Cybersécurité,ENSA,Kenitra,15.48,4,5,4,9,4,5,1,0,0,4,1,0,0
GI,EST,Casablanca,14.98,2,7,5,5,4,2,1,0,0,8,1,0,0
Réseaux & Télécoms,FST,Agadir,11.22,2,7,9,9,3,4,2,1,0,8,0,1,10600
Data Science,Faculté (FS),Rabat,16.76,0,8,10,3,10,6,2,0,0,10,1,1,9800
Réseaux & Télécoms,OFPPT,Marrakech,11.57,2,8,7,10,9,0,0,1,0,7,1,0,0
Data Science,EST,Kenitra,17.46,4,10,3,6,6,1,1,1,0,5,0,0,0
GINF,Faculté (FS),Tanger,12.0,2,4,4,7,8,1,2,0,0,8,1,1,8600
Cybersécurité,Faculté (FS),Rabat,15.87,1,9,7,3,6,5,2,0,0,10,1,0,0
GI,FST,Casablanca,12.28,3,5,10,5,5,3,1,0,0,9,0,1,11900
Réseaux & Télécoms,Faculté (FS),Casablanca,12.54,3,6,10,5,10,3,1,0,0,6,0,1,10900
Data Science,EST,Tanger,12.48,2,9,8,8,6,7,2,0,0,6,1,1,8900
Développement Web,ENSA,Agadir,15.98,2,6,5,9,10,2,1,0,1,8,1,0,0
GI,ENSA,Tanger,14.45,2,9,9,3,4,3,3,1,0,5,1,0,0
GINF,ENSA,Marrakech,17.06,2,7,6,4,7,4,2,1,0,7,0,1,11000
Data Science,FST,Tanger,12.46,1,9,8,5,3,1,0,0,1,10,1,1,9600
Cybersécurité,OFPPT,Casablanca,15.54,4,8,6,4,10,2,1,1,1,6,0,1,10100
Cybersécurité,OFPPT,Agadir,16.02,1,5,7,4,8,6,3,1,0,7,1,0,0
GINF,OFPPT,Agadir,11.21,1,7,3,9,4,3,0,0,0,6,0,0,0
GINF,EST,Fès,13.2,1,10,6,6,8,0,0,0,0,10,1,0,0
Cybersécurité,FST,Tanger,13.86,3,9,9,3,3,1,0,0,0,4,1,0,0
Réseaux & Télécoms,EST,Marrakech,12.85,1,5,7,3,8,2,1,0,0,8,0,0,0
Réseaux & Télécoms,ENSA,Casablanca,12.58,2,8,4,4,6,1,0,0,0,5,0,0,0
Data Science,ENSA,Rabat,15.49,1,10,5,6,3,4,2,0,0,6,1,0,0
Développement Web,Faculté (FS),Agadir,11.73,2,6,3,10,4,5,2,1,0,8,1,0,0
Data Science,Privée (EMSI/IGA),Tanger,15.68,4,10,10,5,10,3,1,0,0,7,1,1,12900
Développement Web,ENSA,Fès,17.48,3,4,9,5,7,5,1,1,1,5,1,1,12200
GINF,ENSA,Marrakech,14.52,4,5,9,3,4,6,0,1,1,5,1,0,0
GI,OFPPT,Marrakech,14.89,4,6,3,9,9,3,1,1,0,8,0,1,8000
Data Science,EST,Kenitra,10.55,3,5,4,9,10,3,2,0,0,8,1,1,8600
Data Science,OFPPT,Casablanca,16.92,2,5,3,4,5,7,2,0,0,10,1,0,0
Développement Web,OFPPT,Agadir,12.28,2,5,7,6,3,7,2,1,0,8,1,1,8200
GINF,Privée (EMSI/IGA),Casablanca,14.92,2,8,3,6,4,6,1,0,0,4,0,0,0
GINF,FST,Fès,17.83,3,7,3,5,6,0,2,1,0,4,0,0,0
Développement Web,Faculté (FS),Rabat,14.76,1,5,3,5,6,4,1,1,0,5,1,0,0
GINF,FST,Rabat,15.8,0,8,10,9,10,7,3,0,0,8,1,1,11200
Cybersécurité,Faculté (FS),Rabat,13.56,1,4,7,7,9,0,0,0,0,9,0,0,0
Réseaux & Télécoms,FST,Marrakech,10.48,1,7,8,7,8,6,3,0,1,9,1,1,10800
Cybersécurité,ENSA,Agadir,16.38,4,8,5,4,4,4,2,1,0,4,1,0,0
GI,FST,Casablanca,10.28,0,10,6,7,8,4,0,0,0,5,1,0,0
Data Science,FST,Casablanca,15.61,2,4,8,6,5,6,2,0,0,6,0,0,0
GI,OFPPT,Fès,10.18,1,10,3,7,3,4,2,0,0,10,1,0,0
Data Science,OFPPT,Rabat,16.9,3,7,4,10,5,3,3,1,0,9,0,0,0
Réseaux & Télécoms,Faculté (FS),Agadir,11.26,1,8,9,3,7,7,2,0,0,8,0,0,0
GINF,ENSA,Agadir,14.11,2,4,4,3,9,6,0,0,1,4,1,0,0
Cybersécurité,OFPPT,Fès,14.78,1,8,7,8,8,3,2,0,0,5,0,0,0
Développement Web,FST,Tanger,13.66,4,4,5,5,4,7,0,0,0,8,1,0,0
Cybersécurité,OFPPT,Agadir,12.73,4,5,3,5,8,7,3,1,0,5,1,0,0
Réseaux & Télécoms,Privée (EMSI/IGA),Agadir,13.74,1,5,7,9,5,3,1,0,0,6,0,0,0
GI,ENSA,Casablanca,12.49,4,7,6,4,10,7,2,0,0,9,1,1,13000
Développement Web,OFPPT,Fès,13.5,3,4,5,10,9,0,3,0,1,5,0,1,9200
GINF,ENSA,Agadir,12.87,0,5,5,3,7,2,2,1,0,10,1,0,0
Réseaux & Télécoms,EST,Agadir,14.53,1,7,7,8,5,5,0,0,0,10,1,0,0
Développement Web,FST,Casablanca,11.9,3,6,8,10,7,6,2,0,0,5,1,1,11900
Réseaux & Télécoms,ENSA,Agadir,17.91,3,5,9,4,9,6,1,0,0,6,1,1,11700
Réseaux & Télécoms,OFPPT,Casablanca,14.01,3,5,4,4,6,6,2,0,0,7,1,0,0
GINF,ENSA,Tanger,11.55,2,9,8,10,6,4,1,0,0,10,0,1,11000
Data Science,ENSA,Marrakech,13.82,1,8,5,9,4,6,1,0,0,8,0,1,9900
Développement Web,Faculté (FS),Kenitra,16.93,1,6,4,7,10,6,2,1,0,6,1,1,8100
GINF,OFPPT,Casablanca,10.17,1,4,5,5,5,0,3,0,0,10,1,0,0
Réseaux & Télécoms,Privée (EMSI/IGA),Casablanca,15.44,0,7,10,4,6,3,2,0,1,9,1,0,0
GINF,OFPPT,Agadir,14.38,3,6,9,10,8,5,1,1,1,6,0,1,9200
Data Science,Faculté (FS),Casablanca,11.36,1,4,5,4,9,3,3,0,0,9,1,0,0
Cybersécurité,EST,Fès,16.54,4,5,5,5,3,2,1,0,1,8,0,0,0
Développement Web,ENSA,Rabat,12.95,2,10,6,9,9,3,1,1,0,9,1,1,11600
Data Science,ENSA,Rabat,12.35,0,9,4,5,8,4,2,1,0,5,1,0,0
GI,FST,Tanger,16.63,2,10,6,3,6,1,0,1,0,4,1,0,0
Développement Web,Faculté (FS),Casablanca,15.11,3,7,4,5,6,7,2,0,0,8,1,0,0
Data Science,FST,Fès,17.19,4,7,9,7,5,6,0,0,0,6,1,1,10800
Réseaux & Télécoms,OFPPT,Agadir,15.04,3,6,9,3,7,5,0,1,0,5,1,1,8300
Développement Web,FST,Agadir,15.93,1,8,10,9,3,6,2,0,0,9,1,1,10300
Développement Web,ENSA,Kenitra,16.69,2,4,6,10,3,3,0,1,0,7,1,0,0
GINF,ENSA,Marrakech,10.44,4,9,6,8,7,7,1,1,0,5,1,1,11600
Réseaux & Télécoms,OFPPT,Tanger,16.21,2,9,6,4,5,2,3,1,0,4,1,0,0
GI,OFPPT,Fès,14.91,0,10,9,7,6,5,2,0,0,5,1,1,7600
Cybersécurité,OFPPT,Fès,10.56,4,6,9,7,7,1,0,1,0,10,1,1,8800
Data Science,ENSA,Kenitra,14.07,0,8,7,3,9,5,1,0,0,4,1,0,0
GINF,Privée (EMSI/IGA),Kenitra,10.66,4,8,6,4,9,7,3,0,0,7,0,1,12900
Data Science,ENSA,Agadir,15.89,1,8,10,3,9,7,0,1,1,7,0,1,11000
GI,ENSA,Marrakech,14.37,2,7,8,6,3,6,0,0,0,5,1,0,0
GI,Privée (EMSI/IGA),Agadir,17.63,2,4,8,6,3,6,1,0,0,8,1,0,0
Développement Web,EST,Marrakech,11.47,3,4,5,3,9,4,3,0,0,8,1,0,0
GI,Faculté (FS),Rabat,14.85,4,10,3,4,9,4,3,0,0,8,1,1,10800
Data Science,ENSA,Fès,11.69,4,6,6,9,9,4,1,0,0,9,1,1,11600
Réseaux & Télécoms,Faculté (FS),Kenitra,14.91,0,5,3,4,6,2,3,0,0,9,1,0,0
Réseaux & Télécoms,Privée (EMSI/IGA),Rabat,15.78,4,6,3,5,6,1,2,0,1,7,1,0,0
Développement Web,EST,Agadir,15.78,2,4,5,9,4,4,3,0,0,10,1,1,8700
Cybersécurité,Faculté (FS),Tanger,16.52,4,10,3,7,8,6,0,0,1,4,1,1,9100
Data Science,ENSA,Casablanca,16.83,3,7,10,10,7,3,3,0,0,9,1,1,13700
Data Science,Faculté (FS),Tanger,10.62,3,6,9,3,6,1,2,0,0,9,1,0,0
GI,EST,Tanger,12.75,2,10,3,9,4,4,2,0,0,6,1,0,0
Data Science,ENSA,Casablanca,15.5,2,5,9,7,5,7,0,1,0,5,1,1,11800
GINF,EST,Fès,13.99,2,9,9,9,9,1,0,0,0,9,1,1,8300
Cybersécurité,ENSA,Rabat,11.53,4,6,8,7,3,5,2,1,0,9,0,1,13400
GI,Privée (EMSI/IGA),Rabat,14.42,4,10,9,6,7,3,1,0,0,4,1,1,13700
GINF,EST,Fès,13.26,1,8,3,6,8,0,2,0,0,6,1,0,0
Développement Web,ENSA,Casablanca,13.12,0,5,4,8,5,4,3,0,0,7,1,0,0
Réseaux & Télécoms,FST,Marrakech,16.48,4,8,10,9,7,7,0,0,0,6,1,1,11000
Développement Web,EST,Tanger,13.26,1,7,6,9,7,3,1,1,0,10,1,1,7600
Réseaux & Télécoms,OFPPT,Agadir,10.21,1,4,10,3,6,7,2,1,0,7,1,0,0
Développement Web,Privée (EMSI/IGA),Rabat,10.46,3,6,10,8,4,2,0,1,0,7,0,1,13000
Data Science,FST,Fès,16.85,4,10,6,10,7,5,3,0,0,9,1,1,11400
GINF,OFPPT,Agadir,17.68,1,6,3,3,8,4,1,0,0,9,0,0,0
Réseaux & Télécoms,Faculté (FS),Kenitra,15.51,3,8,5,4,5,0,1,1,0,9,1,0,0
GI,ENSA,Casablanca,12.91,0,8,4,10,8,7,1,0,0,4,1,0,0
GINF,Faculté (FS),Agadir,17.51,3,4,5,3,7,5,3,1,0,8,1,0,0
GI,FST,Agadir,15.3,0,10,5,10,10,3,0,0,0,10,0,1,8000
GINF,Faculté (FS),Tanger,16.75,2,6,3,9,8,5,2,0,0,8,1,1,8400
GINF,OFPPT,Casablanca,16.13,2,10,7,4,8,3,0,1,0,4,1,0,0
Développement Web,FST,Agadir,13.03,3,4,3,10,9,7,3,1,0,5,1,1,10300
Réseaux & Télécoms,Privée (EMSI/IGA),Rabat,13.83,2,8,8,4,10,1,0,1,0,7,1,0,0
Réseaux & Télécoms,OFPPT,Casablanca,11.49,4,9,7,3,4,4,1,0,1,5,1,0,0
GINF,FST,Rabat,12.34,3,10,9,4,10,0,2,1,0,10,1,1,12100
Data Science,Faculté (FS),Fès,16.23,1,8,4,7,3,2,3,0,0,7,0,0,0
Data Science,EST,Fès,17.15,4,5,7,4,10,1,1,0,0,9,1,1,9300
GI,Privée (EMSI/IGA),Kenitra,15.8,3,8,3,7,7,4,0,0,0,7,1,1,10600
GI,Faculté (FS),Marrakech,13.72,0,8,3,7,5,0,1,1,0,9,1,0,0
Développement Web,ENSA,Fès,10.69,2,10,5,7,9,1,0,0,0,8,1,0,0
GINF,EST,Agadir,10.46,2,9,3,10,9,0,0,0,0,10,1,0,0
GI,Faculté (FS),Casablanca,12.99,2,4,9,5,3,5,3,0,0,8,1,0,0
GI,ENSA,Fès,13.71,3,5,8,8,8,0,0,0,0,7,1,0,0
Cybersécurité,ENSA,Rabat,14.87,4,5,3,9,3,7,1,0,0,10,0,0,0
GINF,FST,Agadir,10.05,0,6,6,5,6,1,3,0,0,10,1,0,0
Développement Web,EST,Fès,17.92,2,9,6,9,6,1,2,1,0,9,0,1,8500
GI,FST,Tanger,12.91,4,7,5,9,7,4,3,0,0,8,1,1,11200
Développement Web,EST,Rabat,16.78,1,6,7,4,9,1,1,1,0,8,1,1,8800
Réseaux & Télécoms,ENSA,Kenitra,14.28,1,6,7,8,5,6,0,0,0,9,1,0,0
Développement Web,Faculté (FS),Kenitra,11.04,0,6,6,9,10,6,3,0,1,6,1,1,8900
Data Science,FST,Kenitra,16.38,2,5,8,8,6,5,3,0,0,10,1,0,0
Data Science,ENSA,Rabat,15.68,1,4,4,8,8,6,3,0,0,10,0,1,11500
Développement Web,EST,Kenitra,14.22,4,10,9,3,4,4,1,0,1,6,1,0,0
Data Science,Faculté (FS),Marrakech,14.12,4,8,10,4,4,0,0,0,0,9,1,0,0
Réseaux & Télécoms,ENSA,Tanger,10.7,1,5,9,10,10,1,2,0,0,7,1,1,11100
GINF,ENSA,Marrakech,15.25,2,8,9,5,8,4,2,1,0,10,1,1,11600
Data Science,ENSA,Fès,17.29,0,8,8,8,10,4,0,1,0,8,1,1,9600
Data Science,OFPPT,Tanger,10.75,2,7,6,9,10,2,2,1,0,10,1,1,8000
Développement Web,OFPPT,Rabat,12.11,3,10,9,8,3,4,0,0,0,10,0,0,0
Réseaux & Télécoms,OFPPT,Marrakech,17.22,1,6,8,9,8,4,3,0,0,6,0,0,0
GINF,OFPPT,Agadir,12.27,3,7,4,6,3,2,3,0,0,5,1,0,0
Développement Web,Faculté (FS),Tanger,15.23,1,6,7,8,3,3,1,0,0,7,1,0,0
Développement Web,FST,Rabat,14.28,0,5,6,8,4,5,3,1,1,7,1,0,0
Cybersécurité,Faculté (FS),Casablanca,14.77,2,8,10,6,10,1,1,0,1,10,1,1,10900
Réseaux & Télécoms,ENSA,Tanger,13.33,2,7,3,4,10,7,2,0,0,5,1,1,10400
GINF,Faculté (FS),Tanger,12.4,1,9,9,5,6,2,2,0,0,7,1,0,0
Réseaux & Télécoms,OFPPT,Fès,10.39,4,5,4,10,8,6,3,1,1,8,1,1,9500
GINF,FST,Agadir,15.95,3,5,4,7,6,4,0,1,0,10,1,0,0
Réseaux & Télécoms,EST,Fès,15.97,2,9,4,5,7,4,2,0,0,6,1,0,0
Développement Web,EST,Kenitra,15.37,2,6,7,4,5,1,2,0,0,4,0,0,0
Développement Web,Faculté (FS),Tanger,15.15,1,8,8,5,4,5,2,0,0,10,0,0,0
GI,Faculté (FS),Tanger,11.95,4,6,5,6,9,6,0,0,0,6,1,1,9000
Data Science,OFPPT,Kenitra,10.18,3,6,9,8,3,0,3,0,0,9,0,0,0
Cybersécurité,EST,Agadir,16.47,4,5,3,8,5,2,1,0,0,5,1,0,0
Réseaux & Télécoms,OFPPT,Agadir,13.93,4,6,9,10,3,3,0,0,0,4,0,1,8800
Cybersécurité,Faculté (FS),Marrakech,12.45,1,4,6,7,5,1,0,0,1,9,1,0,0
GI,OFPPT,Rabat,10.82,4,9,10,4,5,1,2,1,0,9,1,1,10800
Data Science,FST,Rabat,10.5,3,10,8,8,6,2,1,0,0,8,0,0,0
Réseaux & Télécoms,FST,Marrakech,12.79,0,9,4,4,9,4,0,1,0,8,1,0,0
GINF,Faculté (FS),Rabat,16.44,0,8,10,3,7,4,2,1,0,10,1,1,9800
Data Science,OFPPT,Tanger,17.35,3,9,9,9,7,7,0,1,0,10,1,1,8300
Développement Web,Privée (EMSI/IGA),Marrakech,17.17,1,6,7,7,3,7,2,1,0,6,0,0,0
GI,ENSA,Marrakech,17.36,2,6,4,9,4,3,1,0,0,10,1,0,0
Data Science,ENSA,Rabat,17.26,1,7,8,4,7,2,1,0,0,7,1,0,0
Data Science,Privée (EMSI/IGA),Casablanca,14.22,3,8,6,5,4,1,2,0,0,9,1,0,0
Développement Web,FST,Rabat,11.76,4,8,10,5,3,6,3,0,0,7,1,1,13200
Réseaux & Télécoms,Faculté (FS),Fès,16.38,0,9,3,5,4,2,0,0,0,5,0,0,0
GINF,FST,Casablanca,11.71,4,6,4,5,5,0,3,0,0,7,1,0,0
Développement Web,ENSA,Marrakech,12.14,1,4,9,4,5,7,0,0,0,8,0,0,0
GINF,OFPPT,Casablanca,11.87,3,7,9,6,3,1,1,0,0,4,0,0,0
Réseaux & Télécoms,OFPPT,Tanger,14.12,0,4,10,7,4,3,0,1,0,9,1,0,0
Data Science,EST,Agadir,12.57,3,6,7,5,10,3,2,1,0,6,1,1,9200
GINF,EST,Casablanca,11.23,0,8,10,4,10,7,2,0,0,10,0,1,9300
GI,OFPPT,Fès,13.63,0,8,7,8,10,1,2,0,1,6,1,0,0
GI,ENSA,Agadir,16.99,0,10,5,8,9,4,3,0,0,6,1,0,0
Développement Web,OFPPT,Tanger,14.56,1,4,7,4,9,1,1,0,0,7,1,0,0
Réseaux & Télécoms,EST,Fès,17.03,3,10,5,5,4,1,1,0,0,4,0,0,0
Développement Web,Faculté (FS),Kenitra,11.57,2,10,3,3,3,0,1,1,0,7,0,0,0
Développement Web,Privée (EMSI/IGA),Agadir,11.34,2,5,6,4,9,1,2,0,0,7,1,0,0
Cybersécurité,Faculté (FS),Kenitra,14.6,2,6,5,7,7,5,1,0,0,9,1,1,8400
Développement Web,FST,Tanger,13.71,3,8,4,7,6,6,3,0,0,8,1,1,10500
Cybersécurité,Faculté (FS),Agadir,15.28,4,9,8,3,10,5,3,0,0,9,1,1,10800
GI,EST,Agadir,16.36,3,5,9,10,7,2,3,1,0,10,1,1,10000
GI,EST,Rabat,16.01,0,8,4,8,8,2,2,0,0,8,1,0,0
Développement Web,Privée (EMSI/IGA),Fès,17.54,4,9,9,8,6,6,0,1,1,9,0,1,12800
GI,OFPPT,Fès,13.19,0,8,6,4,4,3,1,0,0,9,0,0,0
Réseaux & Télécoms,Faculté (FS),Casablanca,11.65,0,5,10,3,6,4,3,0,0,7,1,0,0
Cybersécurité,EST,Kenitra,14.41,3,4,7,4,9,3,0,0,1,9,1,0,0
Cybersécurité,ENSA,Kenitra,10.89,2,6,8,4,6,0,0,0,1,5,0,0,0
Développement Web,ENSA,Fès,12.31,4,10,4,3,4,1,3,0,0,10,1,0,0
GI,Faculté (FS),Fès,11.66,1,5,8,8,5,6,3,1,0,10,1,1,9300
GINF,OFPPT,Agadir,13.17,2,5,5,9,6,3,1,1,0,5,0,0,0
Cybersécurité,FST,Kenitra,10.89,1,10,6,6,9,1,1,0,0,5,1,0,0
Développement Web,OFPPT,Marrakech,10.25,3,8,4,5,9,3,0,0,0,9,1,1,7300
Développement Web,ENSA,Rabat,15.25,4,9,7,5,10,1,0,0,0,7,0,0,0
Réseaux & Télécoms,EST,Casablanca,14.88,3,10,8,5,3,3,0,0,0,10,1,1,9600
Data Science,ENSA,Rabat,15.67,1,5,7,3,7,5,2,0,0,4,0,0,0
Data Science,FST,Casablanca,15.28,0,6,8,4,4,5,0,0,1,5,0,0,0
Cybersécurité,ENSA,Tanger,10.91,3,10,4,9,4,7,2,0,0,8,0,1,11100
Réseaux & Télécoms,Privée (EMSI/IGA),Agadir,12.33,4,10,6,9,6,5,1,0,0,6,1,1,12100
Réseaux & Télécoms,ENSA,Fès,11.04,3,4,3,4,5,6,0,0,0,6,1,0,0
Réseaux & Télécoms,Privée (EMSI/IGA),Fès,16.74,2,9,4,7,5,2,1,1,0,7,1,0,0
Cybersécurité,FST,Marrakech,15.98,3,4,7,9,7,6,0,0,0,6,1,0,0
Data Science,Privée (EMSI/IGA),Kenitra,11.61,1,4,3,4,7,6,1,0,0,10,1,0,0
Réseaux & Télécoms,Faculté (FS),Kenitra,12.73,3,6,10,8,9,0,0,0,0,7,1,1,9500
GI,Privée (EMSI/IGA),Rabat,17.73,4,8,6,6,5,3,2,1,0,6,0,1,13500
Développement Web,ENSA,Rabat,14.75,3,9,7,5,8,2,3,1,0,4,0,0,0
Développement Web,OFPPT,Rabat,16.41,3,9,6,9,5,6,1,0,0,4,1,1,9100
GINF,Privée (EMSI/IGA),Kenitra,12.12,4,10,8,10,5,6,1,0,0,4,1,1,12500
GINF,ENSA,Fès,11.68,3,6,4,8,6,4,3,1,0,4,1,0,0
Cybersécurité,ENSA,Kenitra,16.27,4,9,6,8,9,3,0,1,1,5,1,1,11700
Cybersécurité,FST,Rabat,15.49,1,5,7,9,3,1,2,1,0,10,1,1,10700
Développement Web,Privée (EMSI/IGA),Agadir,15.45,4,7,4,9,7,0,2,1,0,8,0,1,12100
GI,FST,Casablanca,14.42,1,10,9,6,8,2,2,0,0,4,1,1,11100
Data Science,FST,Fès,14.51,1,7,7,5,8,2,0,1,0,9,1,1,8900
Data Science,ENSA,Agadir,15.89,4,7,7,9,10,0,1,1,0,5,1,1,11800
Cybersécurité,ENSA,Tanger,12.16,3,4,9,3,4,7,0,0,0,7,1,0,0
GI,OFPPT,Agadir,12.82,2,9,9,6,5,3,2,1,0,6,1,1,8600
Cybersécurité,ENSA,Agadir,16.97,4,10,3,8,5,1,3,0,0,6,1,0,0
Data Science,Faculté (FS),Tanger,12.47,3,6,5,9,10,4,2,0,0,5,0,1,9300
Cybersécurité,Privée (EMSI/IGA),Agadir,14.37,1,9,6,4,3,3,1,0,0,9,1,0,0
Réseaux & Télécoms,ENSA,Casablanca,15.62,0,6,6,5,9,0,0,1,0,9,0,0,0
Cybersécurité,Faculté (FS),Fès,18.0,2,9,3,7,5,7,0,0,0,6,0,0,0
Développement Web,ENSA,Marrakech,13.48,3,10,10,10,10,3,2,0,0,9,1,1,12300
Cybersécurité,Faculté (FS),Kenitra,13.42,2,10,8,6,7,6,1,0,0,4,0,1,9000
Développement Web,ENSA,Tanger,16.74,0,4,10,8,8,3,1,0,0,10,1,1,10400
GI,OFPPT,Fès,16.44,0,10,6,3,5,7,3,0,0,6,0,0,0
Data Science,EST,Rabat,15.85,0,5,9,8,3,0,2,0,0,4,1,0,0
GINF,FST,Casablanca,13.71,4,7,10,7,10,7,3,0,0,4,1,1,13200
GINF,Faculté (FS),Marrakech,12.59,2,7,3,9,6,7,0,1,0,6,1,1,7600
Data Science,ENSA,Casablanca,14.87,4,9,6,9,7,0,0,1,0,10,1,1,12200
GINF,OFPPT,Casablanca,17.01,0,4,6,3,6,7,1,0,0,5,1,0,0
Cybersécurité,EST,Rabat,17.07,3,7,7,5,4,4,3,0,0,7,0,0,0
GI,Faculté (FS),Marrakech,10.87,0,9,3,6,3,0,1,0,0,5,1,0,0
GI,ENSA,Kenitra,13.43,4,10,9,3,4,0,2,0,0,8,1,1,12600
Data Science,Faculté (FS),Casablanca,13.72,0,8,8,7,10,0,1,0,0,8,1,1,9000
GINF,ENSA,Rabat,17.82,0,9,6,8,4,6,0,0,1,4,1,0,0
Cybersécurité,FST,Tanger,15.42,4,6,8,7,8,6,0,0,0,4,1,1,10600
GI,ENSA,Rabat,13.26,4,7,5,4,4,6,1,0,1,5,1,1,12900
GI,OFPPT,Agadir,10.21,3,7,3,3,4,2,2,0,0,10,0,0,0
Réseaux & Télécoms,EST,Fès,14.52,4,8,3,10,3,0,3,0,0,5,0,0,0
Réseaux & Télécoms,OFPPT,Rabat,10.77,3,10,3,6,10,0,0,0,0,4,0,0,0
GI,OFPPT,Rabat,16.68,1,5,9,6,6,0,0,0,0,9,1,0,0
Data Science,ENSA,Rabat,16.02,1,9,10,8,5,4,2,0,1,7,1,1,12800
Développement Web,Faculté (FS),Kenitra,13.68,4,5,9,8,4,6,1,0,1,7,1,1,10700
Développement Web,ENSA,Casablanca,13.43,0,9,7,9,8,3,0,0,0,8,1,1,10400
Cybersécurité,EST,Kenitra,17.18,2,8,10,8,9,6,0,0,0,9,1,1,8500
GI,OFPPT,Marrakech,12.31,0,5,3,4,5,0,2,1,0,7,1,0,0
GI,Faculté (FS),Rabat,11.99,4,4,7,10,8,0,1,0,0,6,1,0,0
GI,Faculté (FS),Rabat,17.51,3,8,9,7,10,7,2,0,1,4,1,1,11600
Data Science,EST,Agadir,16.47,0,10,5,8,5,4,2,0,1,5,1,0,0
Réseaux & Télécoms,EST,Agadir,16.57,1,9,4,9,4,3,1,1,0,4,0,0,0
GI,ENSA,Tanger,11.56,4,6,7,3,10,4,0,0,0,6,1,0,0
GI,OFPPT,Tanger,11.15,0,10,6,8,7,7,3,0,0,7,0,1,7400
GINF,FST,Agadir,10.21,0,10,3,7,9,5,3,1,0,4,1,1,8800
Data Science,OFPPT,Marrakech,11.9,3,6,10,3,5,1,3,0,1,6,0,0,0
Cybersécurité,ENSA,Tanger,16.19,3,6,4,3,10,1,2,1,0,9,1,0,0
GI,EST,Fès,11.92,3,9,7,3,7,1,0,0,0,7,0,0,0
GINF,EST,Fès,15.83,2,10,10,7,6,0,0,0,0,10,1,1,8500
Développement Web,ENSA,Marrakech,12.02,4,7,10,8,5,4,0,1,1,8,0,1,12500
Cybersécurité,EST,Agadir,13.16,4,8,8,7,3,0,0,0,0,9,1,0,0
GI,OFPPT,Tanger,17.87,1,8,9,7,8,1,2,0,0,8,0,1,8100
GI,OFPPT,Rabat,11.96,1,5,8,5,9,3,3,0,0,8,0,0,0
GINF,FST,Agadir,13.01,4,8,6,9,10,3,3,0,0,9,1,1,11400
Data Science,FST,Tanger,12.41,0,10,4,7,10,5,1,0,0,6,1,1,8200
GI,ENSA,Marrakech,10.88,4,8,5,4,6,4,0,0,0,6,1,0,0
Développement Web,OFPPT,Fès,13.92,2,10,7,9,6,5,3,1,0,5,0,1,8600
GI,ENSA,Marrakech,13.03,1,5,8,5,10,6,3,0,0,5,1,1,11300
Développement Web,Privée (EMSI/IGA),Tanger,15.56,1,8,8,3,9,3,0,0,0,8,0,0,0
Cybersécurité,FST,Marrakech,16.54,1,8,7,8,7,1,0,1,0,4,0,0,0
Cybersécurité,EST,Tanger,14.35,4,4,8,6,10,5,3,1,0,7,1,1,10300
Réseaux & Télécoms,Privée (EMSI/IGA),Tanger,10.26,1,9,5,8,10,5,1,0,0,5,1,1,10400
Réseaux & Télécoms,ENSA,Marrakech,14.95,1,5,10,5,4,5,0,1,0,7,1,1,10500
Développement Web,Faculté (FS),Casablanca,10.44,4,4,8,9,8,4,3,1,1,9,0,1,12300
Data Science,FST,Rabat,14.93,0,7,7,5,3,7,1,1,0,4,0,0,0
GI,ENSA,Agadir,15.48,1,5,3,9,9,6,2,0,0,8,0,1,9900
GI,FST,Fès,11.58,1,10,8,9,9,4,1,0,0,10,0,1,9500
Réseaux & Télécoms,Faculté (FS),Rabat,16.55,1,9,7,3,3,1,0,0,0,7,1,0,0
Développement Web,OFPPT,Agadir,17.29,2,8,10,7,7,1,2,0,0,9,1,1,8800
GI,ENSA,Agadir,16.5,4,10,10,7,7,1,1,0,1,8,0,1,12900
GI,Privée (EMSI/IGA),Fès,12.44,1,8,3,5,6,5,3,1,0,10,1,0,0
Data Science,ENSA,Rabat,14.69,2,4,8,7,9,7,0,0,1,7,1,1,12100
GINF,ENSA,Fès,17.32,0,4,8,5,7,1,2,1,1,4,0,0,0
Réseaux & Télécoms,EST,Tanger,12.57,0,7,7,8,4,6,3,0,0,5,1,0,0
Réseaux & Télécoms,ENSA,Fès,16.56,2,7,6,6,6,4,2,0,0,6,1,0,0
GINF,ENSA,Marrakech,10.08,0,9,6,8,6,3,1,0,0,8,1,0,0
GI,Privée (EMSI/IGA),Casablanca,10.03,3,8,4,6,10,1,3,0,0,5,0,0,0
Data Science,EST,Casablanca,16.08,0,10,6,3,6,2,0,0,0,7,1,0,0
Data Science,ENSA,Casablanca,16.09,3,6,5,10,3,4,3,0,1,9,1,0,0
Réseaux & Télécoms,ENSA,Rabat,16.31,2,10,10,4,10,0,1,0,1,9,1,1,12900
Data Science,OFPPT,Rabat,17.44,3,7,4,4,8,3,2,0,0,5,1,0,0
Cybersécurité,OFPPT,Tanger,10.94,0,8,10,10,8,4,3,0,0,6,1,0,0
GINF,EST,Kenitra,11.86,1,10,6,8,3,1,2,0,0,8,1,0,0
GI,ENSA,Casablanca,17.23,3,10,3,7,6,5,0,0,0,8,0,0,0
Cybersécurité,ENSA,Tanger,11.42,0,7,9,4,4,6,3,0,0,5,1,0,0
GINF,ENSA,Kenitra,15.46,1,10,7,6,5,2,2,1,0,4,0,0,0
Développement Web,ENSA,Casablanca,14.24,2,10,10,3,6,0,0,0,0,7,1,0,0
Réseaux & Télécoms,FST,Rabat,10.67,2,5,6,6,7,3,1,0,0,5,1,0,0
Data Science,ENSA,Kenitra,12.28,4,4,3,9,9,1,3,0,0,4,1,1,11800
Développement Web,FST,Marrakech,14.16,2,8,9,5,10,4,3,0,0,8,1,1,11000
Data Science,EST,Marrakech,16.82,4,10,4,7,9,7,3,0,0,7,0,1,9500
Cybersécurité,Privée (EMSI/IGA),Marrakech,15.66,2,7,7,7,10,4,2,1,1,8,1,0,0
GI,Privée (EMSI/IGA),Fès,14.98,2,4,10,4,10,3,2,1,1,6,1,1,12800
GI,Faculté (FS),Marrakech,13.97,2,10,6,10,8,2,0,0,0,9,1,1,8200
GI,EST,Agadir,12.39,4,10,4,5,9,5,3,0,0,10,1,1,9500
Data Science,EST,Casablanca,10.95,4,6,10,4,5,6,0,0,0,4,1,1,10500
Développement Web,FST,Marrakech,13.27,3,7,6,9,3,1,3,0,0,6,1,0,0
GI,OFPPT,Kenitra,10.23,0,8,4,4,3,3,1,0,0,6,1,0,0
Développement Web,FST,Agadir,11.69,0,5,10,4,5,3,3,0,0,6,1,0,0
Data Science,OFPPT,Agadir,13.46,0,4,6,5,8,4,0,0,1,4,1,0,0
Cybersécurité,Privée (EMSI/IGA),Agadir,13.35,2,4,9,4,8,7,2,0,0,7,0,1,12100
Développement Web,EST,Tanger,10.35,0,5,3,9,10,3,1,0,0,10,1,0,0
Cybersécurité,Faculté (FS),Kenitra,14.71,4,8,5,7,7,0,1,1,0,8,1,0,0
Data Science,ENSA,Tanger,14.4,3,9,9,10,3,0,3,1,0,7,0,1,12500
Data Science,ENSA,Agadir,10.62,1,6,10,4,3,1,1,0,0,9,1,0,0
Réseaux & Télécoms,FST,Fès,17.55,3,9,3,5,6,3,0,0,0,7,0,0,0
Data Science,ENSA,Marrakech,10.8,0,10,7,5,4,4,0,0,0,7,1,0,0
Data Science,OFPPT,Casablanca,16.84,0,5,6,10,7,5,3,1,0,8,1,0,0
GINF,ENSA,Kenitra,10.0,4,6,5,10,6,1,2,1,0,8,0,1,11800
GI,FST,Fès,17.06,3,8,9,6,9,2,1,0,0,4,1,0,0
Réseaux & Télécoms,Faculté (FS),Rabat,10.16,4,7,5,4,4,4,1,0,0,9,1,0,0
Réseaux & Télécoms,Faculté (FS),Tanger,16.06,4,7,7,5,9,2,3,1,0,5,1,1,10600
Réseaux & Télécoms,EST,Marrakech,12.89,1,9,10,8,3,1,1,0,0,8,0,0,0
GINF,OFPPT,Marrakech,15.91,4,8,7,4,10,7,2,0,0,8,1,1,9200
Cybersécurité,Faculté (FS),Rabat,13.21,4,6,5,3,4,0,3,1,0,9,1,0,0
Data Science,FST,Rabat,10.57,1,9,7,10,3,4,0,0,0,5,0,0,0
GI,ENSA,Kenitra,16.14,2,5,7,7,8,5,1,0,0,8,1,0,0
Développement Web,FST,Marrakech,10.57,2,9,10,7,6,4,3,0,0,7,1,1,11200
Cybersécurité,OFPPT,Rabat,17.38,1,8,6,8,10,1,0,1,0,9,1,0,0
Data Science,Faculté (FS),Marrakech,10.41,4,10,3,4,3,4,0,0,0,8,1,0,0
GINF,OFPPT,Fès,13.83,0,8,8,9,4,4,0,0,0,4,1,0,0
Data Science,FST,Kenitra,15.78,3,7,10,7,6,7,3,1,0,8,1,1,11700
Data Science,ENSA,Rabat,13.15,0,5,4,10,4,1,3,1,0,5,1,0,0
GINF,ENSA,Fès,11.74,0,7,10,7,4,6,0,0,0,7,1,0,0
Réseaux & Télécoms,EST,Fès,16.07,4,6,5,9,5,3,0,0,1,5,0,1,9000
Réseaux & Télécoms,Faculté (FS),Rabat,16.27,3,6,4,3,3,1,3,0,0,9,0,0,0
GI,OFPPT,Kenitra,17.38,3,4,5,7,3,4,3,0,0,8,0,0,0
GI,EST,Marrakech,13.01,2,8,5,7,4,5,2,0,1,8,1,1,8800
Réseaux & Télécoms,FST,Agadir,14.05,1,5,3,5,9,5,0,0,0,10,1,0,0
Cybersécurité,FST,Marrakech,12.91,4,5,9,7,8,7,1,0,0,4,0,1,11200
Développement Web,FST,Casablanca,12.06,3,7,9,4,3,1,1,1,0,7,1,0,0
Data Science,ENSA,Rabat,16.01,4,9,5,7,7,4,3,1,1,8,1,1,13700
Développement Web,ENSA,Tanger,12.72,2,9,5,4,8,2,1,0,0,10,1,1,10400
Data Science,ENSA,Kenitra,13.43,0,7,3,7,8,2,3,0,1,4,1,0,0
Réseaux & Télécoms,ENSA,Rabat,13.23,3,10,7,4,8,0,2,0,0,4,1,0,0
GI,ENSA,Casablanca,15.7,2,9,9,7,3,6,3,0,0,5,1,0,0
Cybersécurité,ENSA,Fès,17.34,4,5,8,10,8,7,0,0,0,7,1,1,11600
GI,Faculté (FS),Tanger,15.33,2,7,10,8,8,1,3,1,0,6,1,1,10200
Développement Web,EST,Tanger,13.77,2,9,4,10,6,1,1,1,0,9,1,0,0
GI,Privée (EMSI/IGA),Marrakech,16.23,2,4,5,4,3,2,1,1,0,10,1,0,0
Réseaux & Télécoms,ENSA,Agadir,15.13,2,8,3,7,8,2,1,1,1,4,1,0,0
Cybersécurité,EST,Marrakech,10.48,2,4,5,9,9,2,0,0,0,6,1,0,0
Développement Web,EST,Kenitra,10.77,2,9,9,3,7,7,3,1,1,5,1,1,10000
Cybersécurité,ENSA,Tanger,10.3,1,6,3,5,8,5,3,0,0,4,1,0,0
Data Science,OFPPT,Tanger,13.65,4,5,4,10,4,5,1,1,0,9,1,1,8200
GI,ENSA,Agadir,16.61,0,4,6,5,10,0,0,0,0,7,0,0,0
Cybersécurité,Privée (EMSI/IGA),Kenitra,12.5,4,4,9,5,10,0,1,0,0,6,0,0,0
GINF,OFPPT,Rabat,13.07,3,7,7,9,3,3,1,0,0,7,1,0,0
GI,FST,Agadir,17.28,3,7,10,5,10,5,0,0,0,6,1,1,10500
Data Science,FST,Fès,16.7,4,7,10,10,6,1,1,0,0,10,1,1,11400
Cybersécurité,Faculté (FS),Marrakech,15.32,2,9,6,9,7,0,2,1,0,5,1,1,9000
Développement Web,EST,Rabat,12.13,1,10,3,3,5,4,0,0,1,4,1,0,0
Data Science,Faculté (FS),Marrakech,10.94,0,10,5,8,4,1,1,0,0,4,0,0,0
GINF,ENSA,Agadir,10.13,2,6,7,8,4,3,3,0,0,5,1,0,0
Cybersécurité,ENSA,Rabat,10.86,4,4,9,3,10,2,2,0,0,9,1,1,13600
Réseaux & Télécoms,FST,Agadir,12.34,4,8,4,10,4,3,3,0,0,9,1,1,11000
GI,FST,Fès,14.41,1,7,10,7,10,1,3,0,0,8,1,1,10700
Développement Web,OFPPT,Casablanca,10.51,1,6,9,3,7,2,2,0,0,6,1,0,0
Réseaux & Télécoms,ENSA,Tanger,11.09,4,9,8,5,3,3,0,1,0,9,1,0,0
Cybersécurité,OFPPT,Kenitra,11.45,2,6,7,9,3,3,1,1,0,9,1,1,7800
Cybersécurité,ENSA,Rabat,15.06,2,7,10,10,8,1,3,0,0,6,1,1,13200
Data Science,EST,Tanger,14.93,2,5,5,10,10,0,3,1,0,8,1,1,8700
Cybersécurité,EST,Casablanca,14.41,0,4,10,8,10,7,3,0,0,5,1,1,9700
Développement Web,FST,Rabat,12.0,0,7,10,6,8,7,0,1,1,7,1,1,10500
Réseaux & Télécoms,ENSA,Tanger,12.97,2,8,6,7,3,4,3,0,0,7,1,0,0
Développement Web,FST,Tanger,10.77,4,4,3,4,9,3,3,0,0,5,1,0,0
GINF,OFPPT,Rabat,11.81,1,6,6,8,10,7,3,0,0,7,1,1,8900
GINF,FST,Tanger,17.18,3,10,9,5,10,4,2,1,0,5,1,1,11100
GI,FST,Tanger,17.84,1,8,7,9,8,5,2,0,1,6,1,1,10200
GI,OFPPT,Rabat,15.18,1,4,8,8,9,5,3,0,0,10,0,1,9300
GINF,OFPPT,Kenitra,17.33,3,8,5,9,3,1,0,1,0,6,1,1,7500
Cybersécurité,FST,Tanger,15.14,2,6,3,5,10,6,0,0,0,10,0,0,0
Développement Web,EST,Tanger,10.27,1,7,5,5,4,1,1,0,0,8,0,0,0
GINF,OFPPT,Kenitra,17.97,3,10,5,8,5,6,2,1,0,10,1,1,8300
GI,Faculté (FS),Marrakech,10.79,4,8,8,8,4,6,0,1,0,9,0,1,9600
GINF,ENSA,Fès,15.46,4,7,7,8,9,6,3,1,0,5,0,1,12600
Cybersécurité,EST,Marrakech,12.02,4,10,6,3,8,0,2,0,1,9,0,0,0
GINF,OFPPT,Casablanca,13.14,2,6,5,8,5,6,0,0,0,7,1,0,0
Développement Web,ENSA,Marrakech,15.17,1,10,9,9,10,2,1,1,0,5,1,1,10700
Réseaux & Télécoms,Privée (EMSI/IGA),Marrakech,13.49,1,6,9,4,5,4,3,1,1,4,1,0,0
Cybersécurité,ENSA,Casablanca,12.0,0,8,5,7,3,7,2,0,0,8,0,0,0
GI,OFPPT,Tanger,12.68,4,8,5,5,6,3,1,1,0,4,1,0,0
Développement Web,EST,Tanger,12.73,2,6,3,10,7,2,1,1,0,8,1,0,0
GINF,FST,Marrakech,17.67,3,8,5,8,6,5,2,0,1,8,0,1,10800
GINF,OFPPT,Casablanca,16.39,2,8,9,4,5,7,0,0,0,8,1,1,8800
Réseaux & Télécoms,FST,Tanger,13.67,1,8,5,6,6,5,3,0,1,10,1,0,0
GI,FST,Agadir,11.6,4,9,10,9,8,4,1,0,0,4,1,1,11400
GI,ENSA,Rabat,16.49,0,8,10,8,5,7,1,0,0,8,1,1,11400
Data Science,ENSA,Rabat,11.26,2,4,7,3,4,4,2,0,0,5,1,0,0
GI,ENSA,Fès,11.68,0,6,9,5,8,6,2,0,0,5,1,0,0
Réseaux & Télécoms,Faculté (FS),Rabat,12.93,1,6,5,4,4,7,2,0,0,4,0,0,0
Data Science,ENSA,Marrakech,17.04,3,5,8,9,8,2,1,0,0,10,0,1,11500
Data Science,ENSA,Rabat,11.05,2,7,10,8,3,2,0,0,1,10,1,1,12500
GINF,FST,Rabat,10.98,1,5,8,10,9,0,0,0,0,6,0,0,0
GINF,Faculté (FS),Agadir,13.95,4,8,9,4,8,3,3,0,0,6,1,1,11000
GI,OFPPT,Tanger,12.21,2,8,5,5,7,3,2,0,1,4,0,0,0
Data Science,ENSA,Agadir,14.55,0,10,8,4,10,3,3,0,0,10,1,1,10800
GINF,ENSA,Marrakech,13.61,2,4,7,4,4,6,1,0,0,8,1,0,0
Réseaux & Télécoms,Privée (EMSI/IGA),Rabat,13.48,1,4,3,9,8,7,1,0,0,8,0,0,0
GINF,EST,Kenitra,10.9,1,4,8,8,7,5,1,0,0,8,1,1,8000
Cybersécurité,OFPPT,Tanger,11.13,0,4,9,8,10,5,3,1,0,4,1,1,8000
Cybersécurité,OFPPT,Fès,16.57,1,4,8,9,10,2,2,0,1,8,1,1,8400
GINF,OFPPT,Fès,17.09,2,4,6,10,3,0,3,0,0,5,0,0,0
Data Science,ENSA,Rabat,11.88,0,4,7,7,8,1,3,0,0,8,1,0,0
Data Science,OFPPT,Rabat,10.91,1,4,8,3,9,0,1,0,0,4,0,0,0
Développement Web,OFPPT,Fès,10.43,1,10,3,7,7,7,1,0,0,8,1,1,6500
Cybersécurité,Faculté (FS),Fès,14.87,2,9,6,3,9,5,0,1,1,5,1,1,8700
Réseaux & Télécoms,EST,Kenitra,15.72,1,4,9,3,8,6,2,0,0,9,1,0,0
Data Science,EST,Marrakech,12.98,2,6,9,7,4,2,2,1,1,4,1,0,0
GI,ENSA,Rabat,15.44,4,4,5,9,10,0,2,1,1,6,1,1,13300
Cybersécurité,FST,Fès,15.7,2,7,7,5,4,2,3,0,0,4,0,0,0
Réseaux & Télécoms,Faculté (FS),Kenitra,17.48,3,4,10,9,6,4,1,0,0,7,1,1,9900
Réseaux & Télécoms,EST,Casablanca,10.52,1,9,8,4,6,4,1,1,0,6,1,0,0
Data Science,FST,Fès,11.54,4,10,5,10,8,1,0,0,0,6,1,1,10000
Réseaux & Télécoms,EST,Tanger,10.55,0,8,7,6,6,5,3,0,0,4,1,0,0
Data Science,Faculté (FS),Tanger,16.94,3,9,9,7,8,6,2,0,1,7,1,1,10600
GINF,Privée (EMSI/IGA),Casablanca,16.34,0,9,6,7,10,4,3,0,0,6,1,1,11900
Cybersécurité,ENSA,Marrakech,14.6,3,8,8,5,10,1,1,0,0,9,0,1,11500
Développement Web,EST,Rabat,10.67,4,4,9,10,8,3,0,1,0,8,1,1,10300
GINF,ENSA,Rabat,12.19,4,10,10,4,9,2,3,1,0,7,1,1,14200
Cybersécurité,Faculté (FS),Fès,12.38,4,10,3,8,7,6,1,0,0,7,1,1,9000
Data Science,OFPPT,Tanger,14.49,3,4,10,9,4,3,3,0,0,9,1,1,9700
Cybersécurité,Privée (EMSI/IGA),Marrakech,12.06,2,8,7,7,10,3,1,1,0,9,1,1,11300
Data Science,EST,Marrakech,10.58,0,7,9,6,3,7,3,0,0,4,1,0,0
GINF,Privée (EMSI/IGA),Marrakech,15.85,2,5,9,4,5,1,2,0,0,4,0,0,0
GI,ENSA,Fès,12.39,2,6,10,7,4,7,3,0,0,4,1,0,0
GI,Faculté (FS),Rabat,13.62,1,8,3,10,10,2,3,0,0,7,1,1,9300
Cybersécurité,ENSA,Marrakech,11.02,0,4,10,8,6,1,2,0,0,5,0,0,0
GI,OFPPT,Fès,16.42,3,6,10,7,8,0,3,1,0,4,1,1,9700
Data Science,FST,Fès,14.52,1,4,5,8,6,3,1,1,0,5,1,0,0
Réseaux & Télécoms,Faculté (FS),Casablanca,17.21,1,5,9,3,7,2,1,0,0,6,0,0,0
Data Science,OFPPT,Agadir,13.96,4,5,5,3,6,3,1,0,0,8,0,0,0
Réseaux & Télécoms,ENSA,Marrakech,17.53,3,8,6,7,7,0,1,1,0,9,1,0,0
GINF,ENSA,Agadir,17.13,2,6,6,10,3,5,1,1,0,8,1,0,0
Développement Web,OFPPT,Rabat,14.61,2,9,4,5,8,0,2,0,0,5,1,0,0
Réseaux & Télécoms,EST,Fès,17.47,2,10,4,3,6,5,2,0,0,9,1,1,8100
GI,ENSA,Kenitra,12.58,4,10,6,7,7,2,3,0,1,7,1,0,0
Data Science,FST,Marrakech,12.93,2,6,8,8,6,2,1,1,0,10,0,1,10000
GINF,Faculté (FS),Kenitra,10.36,0,9,10,4,7,6,3,1,1,8,1,1,9700
GI,ENSA,Tanger,14.71,2,5,5,10,9,0,1,0,0,5,0,0,0
GINF,EST,Rabat,15.78,2,4,3,9,8,7,3,1,0,4,0,1,9300
Développement Web,ENSA,Casablanca,16.19,0,10,9,8,8,3,2,1,0,5,0,1,11600
Data Science,FST,Casablanca,11.2,4,9,10,10,4,4,1,0,0,6,1,1,12400
Cybersécurité,OFPPT,Agadir,13.55,1,9,9,10,7,3,2,0,0,9,1,1,8100
Data Science,Privée (EMSI/IGA),Fès,11.41,3,8,6,6,5,4,3,0,1,5,1,0,0
Développement Web,Faculté (FS),Agadir,15.3,4,7,10,3,3,7,2,1,0,4,1,1,10800
Data Science,ENSA,Tanger,11.26,2,5,8,9,4,1,2,0,0,10,1,1,11400
Cybersécurité,Privée (EMSI/IGA),Tanger,17.23,1,9,10,9,3,2,2,0,0,5,1,1,11800
Réseaux & Télécoms,FST,Casablanca,11.85,3,5,3,9,4,7,0,1,0,4,1,0,0
GINF,ENSA,Kenitra,12.33,3,8,4,7,6,0,3,0,1,9,0,0,0
Cybersécurité,Privée (EMSI/IGA),Marrakech,16.81,3,4,3,3,7,1,3,0,0,4,1,0,0
GI,OFPPT,Casablanca,13.67,0,6,6,8,6,7,1,0,0,6,1,0,0
Développement Web,OFPPT,Casablanca,10.19,0,5,5,8,3,3,1,0,1,6,1,0,0
Réseaux & Télécoms,OFPPT,Kenitra,13.96,1,8,10,4,8,4,1,0,0,8,1,1,7900
GI,ENSA,Kenitra,10.68,2,8,6,10,10,5,2,0,0,10,0,1,11000
GI,ENSA,Tanger,17.88,1,8,9,5,3,2,3,1,0,4,1,0,0
Développement Web,Faculté (FS),Kenitra,14.7,2,10,9,7,4,4,2,1,0,4,1,1,9600
Réseaux & Télécoms,ENSA,Agadir,12.05,4,10,7,4,3,3,3,1,0,10,1,1,12600
GI,FST,Tanger,14.51,3,10,8,6,10,6,2,1,0,10,0,1,10900
GI,OFPPT,Kenitra,10.61,3,6,8,7,7,3,1,0,0,4,1,0,0
Réseaux & Télécoms,OFPPT,Fès,16.4,0,10,8,10,3,0,2,0,0,8,1,0,0
Data Science,FST,Tanger,17.4,4,5,7,6,6,1,0,0,1,7,1,0,0
GI,OFPPT,Tanger,17.0,4,9,7,10,8,2,1,0,0,6,0,1,8800
GINF,OFPPT,Casablanca,12.73,2,8,5,5,7,0,0,1,1,6,1,0,0
Réseaux & Télécoms,Faculté (FS),Marrakech,12.61,4,6,8,7,3,4,0,0,0,4,1,0,0
GI,ENSA,Casablanca,10.28,0,10,6,7,5,6,1,0,0,8,1,1,10600
Développement Web,EST,Rabat,15.21,2,4,7,10,5,1,0,0,0,4,1,0,0
Cybersécurité,EST,Tanger,14.28,1,7,6,9,8,7,0,0,0,6,0,0,0
GINF,ENSA,Kenitra,13.67,2,5,4,10,6,2,3,0,0,9,0,1,11000
Cybersécurité,EST,Kenitra,17.26,1,6,8,4,4,4,2,0,0,8,1,0,0
Cybersécurité,ENSA,Kenitra,11.34,2,7,7,3,4,2,0,1,0,5,1,0,0
GI,FST,Tanger,10.08,3,7,7,7,8,2,2,1,0,6,0,1,10700
GINF,Privée (EMSI/IGA),Kenitra,10.59,1,10,5,5,3,5,0,1,0,5,1,0,0
GINF,ENSA,Rabat,11.79,0,6,6,7,7,5,1,0,0,7,1,0,0
Data Science,OFPPT,Tanger,10.27,1,9,5,7,8,7,1,0,0,5,1,0,0
Cybersécurité,Faculté (FS),Kenitra,14.02,1,9,5,7,4,6,3,1,0,8,1,1,8700
GINF,ENSA,Tanger,12.51,2,6,6,9,5,1,1,1,0,5,0,0,0
Data Science,Privée (EMSI/IGA),Fès,11.44,3,6,4,10,10,5,3,0,0,7,1,1,12000
Réseaux & Télécoms,Faculté (FS),Tanger,16.0,2,8,6,7,4,4,1,1,1,6,1,0,0
Data Science,EST,Rabat,11.64,2,4,4,10,5,5,2,0,0,7,0,0,0
Développement Web,OFPPT,Casablanca,15.5,3,9,5,5,4,6,0,0,0,8,1,0,0
GI,EST,Tanger,12.79,2,8,4,10,6,6,0,1,0,9,1,1,7300
Réseaux & Télécoms,Faculté (FS),Marrakech,14.09,3,7,8,4,8,0,3,0,0,9,1,0,0
Réseaux & Télécoms,ENSA,Rabat,17.47,0,7,4,3,10,0,1,0,1,5,0,0,0
Développement Web,OFPPT,Agadir,10.3,3,7,10,5,7,0,2,0,0,5,1,0,0
Data Science,FST,Fès,14.0,4,6,4,5,10,6,2,0,1,8,1,1,11100
GI,Faculté (FS),Rabat,16.84,3,5,10,6,8,2,1,0,0,4,0,0,0
Data Science,ENSA,Casablanca,14.7,3,8,7,3,9,3,0,0,0,8,0,0,0
GINF,Faculté (FS),Kenitra,12.21,4,5,7,9,3,1,1,0,0,10,1,1,9800
Data Science,OFPPT,Kenitra,13.18,3,10,9,4,5,0,0,0,0,10,1,1,8300
Réseaux & Télécoms,FST,Rabat,15.44,1,4,5,10,4,1,1,0,0,8,1,0,0
GI,Faculté (FS),Agadir,17.13,2,4,6,8,3,5,0,1,0,7,1,0,0
Data Science,FST,Kenitra,10.33,2,8,4,4,5,7,3,1,0,7,1,0,0
GI,OFPPT,Fès,10.57,0,7,8,10,8,2,2,0,0,8,0,0,0
GI,FST,Marrakech,12.6,0,10,7,8,5,1,1,1,0,6,1,0,0
GINF,OFPPT,Agadir,11.86,4,9,6,6,6,0,0,0,0,5,0,0,0
GINF,OFPPT,Rabat,12.12,1,4,8,6,10,0,0,0,0,8,1,0,0
Réseaux & Télécoms,FST,Agadir,11.77,0,5,4,9,4,6,0,0,0,4,0,0,0
Développement Web,ENSA,Kenitra,11.57,2,5,6,5,9,2,3,0,1,5,0,0,0
GI,FST,Kenitra,11.04,0,9,9,4,8,2,0,1,0,10,1,0,0
Développement Web,OFPPT,Rabat,17.47,0,6,10,8,9,4,2,0,0,6,1,1,8800
Réseaux & Télécoms,ENSA,Kenitra,11.15,3,7,10,4,3,2,3,0,0,8,0,0,0
GI,FST,Kenitra,11.64,0,6,8,8,4,3,0,0,1,9,1,0,0
GI,OFPPT,Marrakech,11.97,4,8,3,4,8,3,2,0,0,6,1,0,0
Cybersécurité,EST,Marrakech,17.46,2,4,8,5,9,0,0,0,0,9,1,0,0
Développement Web,Faculté (FS),Casablanca,16.05,4,9,8,8,4,7,2,1,0,5,1,1,11400
Data Science,ENSA,Marrakech,16.32,4,9,4,4,7,5,2,1,0,4,1,1,11600
GINF,ENSA,Tanger,10.84,1,9,10,7,5,2,0,1,0,5,1,1,10500
Data Science,OFPPT,Agadir,16.69,3,6,6,10,9,3,2,1,0,9,0,1,8500
Développement Web,ENSA,Agadir,13.27,4,6,4,6,5,6,1,0,1,9,0,1,11700
GINF,EST,Rabat,12.1,1,8,4,9,7,3,0,0,0,5,1,1,7800
Data Science,OFPPT,Marrakech,14.61,2,5,3,6,7,6,1,0,0,9,0,0,0
Cybersécurité,EST,Casablanca,16.58,2,5,9,8,4,4,2,0,0,8,1,0,0
GINF,Privée (EMSI/IGA),Kenitra,16.23,1,10,8,6,5,5,3,1,0,10,1,1,11800
GI,Privée (EMSI/IGA),Casablanca,17.12,4,8,6,9,3,6,3,0,1,10,1,1,14400
Data Science,EST,Casablanca,17.43,4,9,9,10,6,5,2,0,0,5,0,1,11100
GINF,ENSA,Fès,11.9,3,5,5,6,8,2,1,0,0,8,1,0,0
Cybersécurité,OFPPT,Kenitra,13.39,3,8,7,7,7,4,0,0,1,8,1,1,8400
GINF,FST,Tanger,10.12,2,5,9,3,3,5,3,0,0,9,0,0,0
GINF,ENSA,Marrakech,17.03,3,10,4,4,3,7,1,1,0,9,1,1,10700
Cybersécurité,OFPPT,Kenitra,11.24,1,8,4,10,4,5,3,0,0,10,1,1,7500
Data Science,ENSA,Casablanca,16.89,2,5,10,8,7,6,3,0,0,10,0,1,13200
Réseaux & Télécoms,OFPPT,Kenitra,12.64,4,9,4,6,3,1,2,0,0,6,1,0,0
Data Science,ENSA,Tanger,12.95,2,6,4,4,6,4,0,0,0,9,1,0,0
Développement Web,ENSA,Agadir,10.31,0,6,7,4,10,5,1,0,0,10,1,0,0
Cybersécurité,ENSA,Rabat,12.62,2,10,5,10,10,1,1,0,0,4,1,1,11400
Data Science,Privée (EMSI/IGA),Marrakech,17.11,3,9,3,7,3,1,0,0,0,8,1,1,10600
GINF,Faculté (FS),Marrakech,10.2,1,5,5,9,6,7,1,0,0,7,0,1,7900
Cybersécurité,OFPPT,Fès,13.25,4,9,7,4,9,5,3,0,0,9,1,1,9600
GI,EST,Agadir,10.25,4,8,6,9,6,6,0,0,0,9,0,1,8700
Data Science,EST,Marrakech,12.97,3,6,3,6,6,2,3,0,0,6,0,0,0
Cybersécurité,ENSA,Fès,11.38,3,4,3,8,7,1,3,0,1,8,1,0,0
Data Science,FST,Fès,12.02,3,10,6,10,9,1,3,1,1,10,1,1,11400
Cybersécurité,Faculté (FS),Fès,17.02,0,5,8,4,6,7,0,0,0,8,1,0,0
GINF,Faculté (FS),Marrakech,13.49,1,4,4,7,7,4,1,0,0,6,1,0,0
GI,EST,Marrakech,12.19,0,4,10,8,9,2,3,0,0,5,0,0,0
GI,Privée (EMSI/IGA),Marrakech,14.71,3,10,10,8,10,7,0,0,0,8,1,1,12000
Développement Web,ENSA,Tanger,11.14,1,7,7,8,3,6,0,1,0,4,1,1,9900
Cybersécurité,Privée (EMSI/IGA),Fès,12.08,3,4,6,6,9,2,2,0,0,8,1,0,0
Data Science,ENSA,Tanger,14.37,1,4,10,7,6,1,2,1,1,6,1,0,0
GI,FST,Rabat,11.9,4,9,5,10,9,6,2,1,1,7,1,1,12300
GI,EST,Marrakech,15.43,0,7,5,5,5,4,1,1,0,6,0,0,0
Réseaux & Télécoms,FST,Kenitra,13.93,3,7,8,3,3,4,1,1,0,6,0,0,0
Réseaux & Télécoms,Faculté (FS),Agadir,16.18,3,7,6,4,8,4,1,0,0,4,0,0,0
GI,FST,Casablanca,17.59,2,10,7,4,9,7,1,0,0,5,1,1,10800
Cybersécurité,FST,Rabat,10.93,4,8,8,4,9,4,3,0,0,10,0,0,0
Développement Web,OFPPT,Kenitra,12.68,3,7,8,9,9,0,0,1,0,4,1,0,0
GI,Faculté (FS),Casablanca,12.56,0,9,8,5,5,6,0,0,0,10,1,0,0
GINF,OFPPT,Casablanca,11.21,4,8,10,8,5,7,2,0,0,4,1,1,10800
Data Science,ENSA,Marrakech,16.48,3,5,10,8,4,5,0,0,0,8,0,0,0
Développement Web,Faculté (FS),Agadir,16.08,0,8,3,9,7,7,1,0,1,7,0,0,0
GINF,Faculté (FS),Casablanca,13.88,2,5,3,10,4,7,0,0,0,6,1,0,0
Développement Web,EST,Fès,14.3,2,7,4,3,7,1,3,0,0,4,1,0,0
GINF,FST,Kenitra,10.48,0,7,10,7,4,1,3,0,0,10,0,0,0
Data Science,EST,Casablanca,14.44,4,5,7,5,3,1,2,0,0,4,0,0,0
Data Science,ENSA,Rabat,16.33,0,6,5,5,10,2,1,0,0,9,0,0,0
Réseaux & Télécoms,ENSA,Agadir,14.59,0,9,5,6,5,6,0,0,0,5,0,0,0
Cybersécurité,ENSA,Agadir,12.12,2,8,4,8,3,2,2,1,0,5,1,0,0
GINF,Faculté (FS),Casablanca,15.34,2,9,5,5,7,4,0,0,0,9,0,0,0
Réseaux & Télécoms,Faculté (FS),Agadir,12.89,2,9,8,10,5,5,2,0,0,7,0,1,9400
GINF,Privée (EMSI/IGA),Rabat,14.36,3,4,10,5,10,6,2,0,1,6,1,0,0
Réseaux & Télécoms,OFPPT,Kenitra,13.9,3,7,4,4,5,2,3,0,0,4,1,0,0
Data Science,ENSA,Rabat,13.05,1,8,4,9,7,3,3,0,0,8,1,1,11500
Développement Web,OFPPT,Rabat,15.75,3,9,6,8,3,6,3,0,0,9,0,1,9900
Réseaux & Télécoms,OFPPT,Fès,17.07,4,8,3,6,5,1,2,0,0,5,1,0,0
GINF,FST,Marrakech,10.04,4,9,7,7,8,1,3,0,0,4,1,1,11600
GINF,Faculté (FS),Casablanca,17.47,2,7,7,10,9,0,3,1,0,8,1,1,10600
Cybersécurité,Privée (EMSI/IGA),Kenitra,14.09,0,9,3,3,3,0,1,0,0,4,1,0,0
Data Science,FST,Agadir,15.61,2,5,8,10,3,3,0,0,1,7,1,0,0
GINF,Privée (EMSI/IGA),Rabat,16.84,0,7,7,7,3,0,0,0,0,9,1,0,0
GI,ENSA,Casablanca,13.74,2,8,5,6,10,5,1,0,0,7,1,1,11400
Développement Web,ENSA,Kenitra,16.68,2,10,5,4,5,4,1,0,0,8,1,0,0
Réseaux & Télécoms,FST,Kenitra,11.42,4,6,7,3,6,4,3,1,0,5,1,0,0
Cybersécurité,Faculté (FS),Casablanca,11.27,0,9,9,7,9,6,3,1,0,9,1,1,10000
Développement Web,OFPPT,Marrakech,15.26,1,5,9,8,10,1,0,0,0,7,1,1,7300
Data Science,Privée (EMSI/IGA),Fès,16.96,1,7,10,8,4,7,1,1,0,5,1,1,11400
Cybersécurité,EST,Agadir,17.14,2,4,6,3,7,4,1,1,0,8,0,0,0
Réseaux & Télécoms,ENSA,Fès,15.15,2,10,7,3,3,0,3,0,0,9,1,0,0
Réseaux & Télécoms,OFPPT,Kenitra,14.2,4,10,4,3,5,3,0,1,0,10,1,0,0
GI,Faculté (FS),Agadir,12.65,0,7,8,5,7,7,2,0,0,8,0,1,8400
Data Science,ENSA,Kenitra,17.84,2,10,10,6,6,5,1,0,0,4,1,1,11400
Cybersécurité,FST,Rabat,12.56,1,8,10,8,8,7,0,1,0,8,1,1,10500
Cybersécurité,OFPPT,Rabat,15.95,0,8,4,8,10,4,0,0,0,4,0,0,0
GINF,OFPPT,Casablanca,14.26,2,4,3,6,6,1,0,0,0,5,1,0,0
GI,FST,Agadir,14.87,0,5,8,4,5,1,1,0,0,10,0,0,0
GI,EST,Agadir,13.15,4,8,8,8,3,7,2,1,0,9,0,1,9900
Cybersécurité,Privée (EMSI/IGA),Kenitra,17.72,1,5,5,7,6,5,3,0,1,10,1,1,11700
Cybersécurité,Faculté (FS),Fès,14.57,0,5,8,4,9,0,2,0,0,4,1,0,0
Développement Web,FST,Rabat,17.5,1,7,6,9,10,4,0,0,0,9,1,1,9700
Développement Web,EST,Tanger,10.06,2,5,7,9,6,0,1,0,0,5,1,0,0
Développement Web,OFPPT,Casablanca,14.58,3,9,4,7,6,1,1,0,0,7,1,0,0
GI,ENSA,Agadir,15.74,0,8,5,3,9,3,2,0,0,5,1,0,0
GINF,ENSA,Marrakech,15.96,1,8,10,8,8,4,2,1,0,10,1,1,11300
Réseaux & Télécoms,FST,Marrakech,17.24,0,6,10,7,10,6,1,0,0,6,1,1,9400
Développement Web,EST,Tanger,10.04,2,10,9,7,10,3,2,1,0,4,1,1,9100
GINF,Faculté (FS),Rabat,10.0,2,5,10,10,5,5,3,0,0,7,1,1,11200
Data Science,ENSA,Rabat,13.78,1,6,5,3,7,4,3,0,0,5,1,0,0
Développement Web,Faculté (FS),Rabat,10.23,4,7,6,9,4,1,3,1,0,8,1,1,11400
Réseaux & Télécoms,EST,Fès,17.8,0,6,6,4,5,4,0,1,0,10,1,0,0
Data Science,ENSA,Kenitra,11.78,0,10,6,7,3,1,2,0,0,4,1,0,0
Data Science,ENSA,Marrakech,13.78,2,5,6,10,5,2,1,0,0,5,0,0,0
Réseaux & Télécoms,Privée (EMSI/IGA),Rabat,10.49,0,10,9,8,5,1,0,0,0,7,0,1,11300
Développement Web,OFPPT,Marrakech,14.18,1,8,4,4,8,1,1,0,0,9,1,0,0
GI,ENSA,Tanger,13.04,3,7,6,4,4,5,2,1,0,10,1,1,11500
Réseaux & Télécoms,OFPPT,Casablanca,10.36,2,5,5,6,4,4,2,0,0,10,1,0,0
Réseaux & Télécoms,Faculté (FS),Kenitra,12.68,3,7,5,9,4,3,0,1,0,8,1,0,0
Réseaux & Télécoms,Privée (EMSI/IGA),Fès,13.13,0,4,9,10,7,1,0,0,0,9,1,1,10300
Data Science,EST,Agadir,17.92,4,5,8,10,10,7,3,0,0,4,1,1,10300
GINF,Faculté (FS),Tanger,11.66,1,4,7,8,5,4,0,0,1,10,1,0,0
GI,ENSA,Kenitra,14.36,0,6,5,10,8,1,3,0,0,7,1,0,0
Développement Web,EST,Marrakech,17.9,1,5,5,8,10,0,0,0,0,10,1,0,0
Développement Web,Privée (EMSI/IGA),Tanger,16.34,0,4,9,3,3,7,3,0,0,8,1,0,0
GINF,FST,Agadir,17.95,0,9,4,3,4,0,2,1,0,9,1,0,0
Réseaux & Télécoms,EST,Kenitra,17.75,0,8,10,10,9,0,1,1,1,6,1,1,8400
GI,ENSA,Fès,13.92,2,6,8,5,10,7,2,0,1,8,0,1,11900
Développement Web,OFPPT,Casablanca,15.57,3,5,5,8,4,0,3,0,0,9,0,0,0
Cybersécurité,Faculté (FS),Agadir,10.88,4,5,3,10,9,3,2,1,1,4,1,0,0
Développement Web,EST,Kenitra,13.53,3,8,5,10,10,7,0,0,0,6,1,1,8000
Réseaux & Télécoms,Privée (EMSI/IGA),Fès,16.47,3,8,10,9,5,5,0,0,0,5,0,1,12000
Cybersécurité,ENSA,Marrakech,14.04,1,10,7,4,3,1,1,1,1,6,1,1,10800
GINF,EST,Agadir,15.62,2,4,7,10,8,0,1,0,0,6,1,1,8300
GI,Privée (EMSI/IGA),Tanger,15.97,2,4,8,5,4,4,2,1,0,6,1,0,0
GINF,EST,Rabat,12.03,0,4,8,8,5,0,1,0,0,10,1,0,0
GINF,EST,Tanger,17.01,3,10,6,3,6,2,0,0,0,10,1,1,8200
GI,FST,Marrakech,13.68,4,7,4,9,8,2,0,0,0,8,0,1,9800
GI,OFPPT,Kenitra,11.68,1,6,10,10,9,5,0,0,0,6,0,1,7500
Développement Web,ENSA,Casablanca,16.92,2,5,7,3,7,3,3,0,1,6,1,0,0
Développement Web,Privée (EMSI/IGA),Agadir,13.34,0,6,3,8,8,6,3,0,0,10,1,0,0
GI,OFPPT,Kenitra,16.0,4,8,3,5,5,2,2,0,0,5,1,0,0
Cybersécurité,ENSA,Casablanca,14.38,3,9,6,3,10,7,3,0,1,6,1,1,13400
Data Science,OFPPT,Marrakech,13.05,4,6,4,3,4,4,1,0,0,9,0,0,0
Développement Web,EST,Agadir,16.48,2,6,4,6,8,0,0,0,0,8,1,0,0
Data Science,FST,Fès,14.68,1,4,8,7,3,2,2,0,0,7,1,0,0
Cybersécurité,OFPPT,Fès,13.12,3,8,5,10,9,2,3,1,0,10,1,1,8700
GI,Privée (EMSI/IGA),Kenitra,10.88,1,6,3,8,6,3,2,0,0,7,0,0,0
Cybersécurité,ENSA,Tanger,17.16,4,5,3,6,3,7,2,0,0,8,1,0,0
Développement Web,FST,Kenitra,10.28,4,4,9,9,3,2,1,1,0,8,1,1,11200
GINF,FST,Tanger,16.91,0,10,3,7,3,7,1,1,0,6,1,0,0
GI,EST,Marrakech,12.88,3,6,3,8,5,0,1,1,0,8,1,0,0
Réseaux & Télécoms,EST,Fès,15.11,4,8,9,6,5,5,2,0,0,6,1,1,10100
Data Science,ENSA,Agadir,17.38,2,9,7,10,8,6,2,1,0,4,1,1,11200
Cybersécurité,Faculté (FS),Fès,11.21,2,5,4,6,9,5,1,0,0,5,1,0,0
GI,FST,Tanger,14.54,1,9,5,8,7,7,3,0,0,5,1,0,0
Cybersécurité,ENSA,Kenitra,16.12,2,8,7,4,9,5,0,0,0,5,1,0,0
GI,OFPPT,Marrakech,16.06,4,8,4,5,6,6,1,1,0,10,1,1,8200
Développement Web,OFPPT,Fès,14.21,2,8,6,8,8,7,3,1,0,4,1,1,8400
Développement Web,FST,Marrakech,15.0,3,9,3,6,3,1,2,1,0,5,1,0,0
Développement Web,EST,Fès,16.06,1,7,5,4,8,0,2,0,0,6,1,0,0
Cybersécurité,Faculté (FS),Kenitra,16.73,3,5,4,6,9,2,3,0,0,9,0,1,9500
Réseaux & Télécoms,EST,Casablanca,16.09,4,8,10,5,4,2,3,0,0,7,1,1,11700
Développement Web,ENSA,Kenitra,12.83,4,7,6,9,8,6,2,1,0,5,1,1,12000
GI,OFPPT,Fès,17.97,2,4,3,10,9,2,2,0,1,10,1,1,7900
Développement Web,ENSA,Tanger,13.48,0,7,6,4,8,3,2,1,1,5,1,0,0
GINF,ENSA,Kenitra,10.2,0,4,9,8,9,4,2,0,0,6,0,0,0
Développement Web,ENSA,Agadir,12.9,4,9,6,7,3,0,1,1,0,9,1,0,0
Cybersécurité,ENSA,Tanger,11.02,4,10,7,9,8,5,2,0,0,6,1,1,12200
Réseaux & Télécoms,ENSA,Tanger,10.97,1,10,6,5,10,2,2,1,0,5,0,0,0
GINF,Privée (EMSI/IGA),Tanger,12.25,4,7,7,10,6,6,3,1,0,8,0,1,13100
Cybersécurité,EST,Marrakech,10.43,4,9,10,3,3,1,3,0,1,4,1,0,0
Cybersécurité,ENSA,Rabat,15.51,1,8,8,8,5,3,3,0,1,10,1,1,12800
Cybersécurité,ENSA,Rabat,10.59,3,7,7,10,5,4,2,1,0,7,0,1,12700
GI,Privée (EMSI/IGA),Casablanca,11.63,3,7,9,8,8,2,3,0,0,7,1,1,14000
Cybersécurité,FST,Tanger,10.74,1,8,9,8,8,5,2,0,0,10,0,1,10100
GI,EST,Rabat,10.51,1,4,6,4,6,0,2,0,0,4,1,0,0
Cybersécurité,OFPPT,Casablanca,12.14,3,8,4,3,10,1,3,0,0,10,1,1,9500
Data Science,EST,Marrakech,14.58,3,5,6,9,9,5,0,0,0,5,1,0,0
GINF,EST,Tanger,17.72,3,10,6,9,10,3,1,0,0,5,0,1,8600
Data Science,ENSA,Agadir,17.0,3,10,4,4,9,0,1,0,0,5,1,0,0
Cybersécurité,EST,Marrakech,17.01,2,7,3,7,7,6,0,0,0,5,1,0,0
GINF,EST,Casablanca,11.41,1,5,5,4,3,0,0,0,0,5,1,0,0
GINF,Faculté (FS),Marrakech,12.12,0,8,8,8,6,3,2,0,0,9,1,1,8400
Réseaux & Télécoms,EST,Agadir,10.61,2,10,10,6,8,6,3,1,0,7,0,1,9700
Data Science,Faculté (FS),Marrakech,16.23,0,9,3,3,10,0,1,0,0,5,1,0,0
Réseaux & Télécoms,ENSA,Casablanca,10.56,0,8,6,3,10,7,1,0,1,6,1,0,0
GINF,ENSA,Agadir,14.45,4,6,3,9,10,6,0,0,0,8,0,1,10600
GI,FST,Agadir,11.98,1,5,5,9,8,6,3,0,0,5,1,0,0
GINF,Privée (EMSI/IGA),Marrakech,11.95,2,10,9,4,10,1,1,1,0,9,1,1,11700
Réseaux & Télécoms,EST,Agadir,17.93,1,6,3,6,8,1,1,1,0,6,1,0,0
Data Science,Faculté (FS),Kenitra,16.05,3,5,5,6,10,7,2,0,0,7,0,1,9300
Cybersécurité,EST,Marrakech,16.7,1,9,10,10,8,6,2,0,0,6,1,1,8800
Cybersécurité,ENSA,Tanger,14.58,0,6,3,4,4,0,2,1,1,4,1,0,0
Data Science,ENSA,Agadir,16.97,3,6,10,5,8,2,1,1,0,4,1,0,0
Cybersécurité,EST,Marrakech,15.16,1,5,7,7,8,7,1,0,0,6,1,0,0
Cybersécurité,ENSA,Tanger,17.57,1,8,6,4,4,0,2,1,0,5,1,0,0
Réseaux & Télécoms,ENSA,Agadir,12.25,0,4,5,10,7,2,2,0,0,5,1,0,0
Data Science,OFPPT,Tanger,14.76,3,8,8,10,9,0,3,0,1,9,0,1,9800
Développement Web,ENSA,Fès,15.52,0,4,6,8,5,5,1,0,0,5,1,0,0
GI,Faculté (FS),Agadir,13.14,1,5,7,6,8,4,1,0,0,9,1,0,0
GI,EST,Fès,17.04,2,7,9,7,9,1,0,0,0,6,0,1,8300
Cybersécurité,FST,Casablanca,17.84,2,8,3,4,8,0,2,0,0,4,1,0,0
GI,Faculté (FS),Casablanca,13.95,4,6,6,7,6,1,2,0,0,4,0,0,0
Data Science,EST,Marrakech,13.13,2,8,3,5,3,3,2,1,0,7,1,0,0
Data Science,EST,Rabat,13.78,3,5,3,10,6,4,1,0,0,10,1,0,0
GINF,OFPPT,Fès,16.82,4,7,6,6,10,2,3,0,0,9,1,1,9400
GINF,OFPPT,Fès,15.16,3,7,5,5,8,7,1,0,0,10,1,1,7900
GI,ENSA,Casablanca,10.36,2,8,5,9,10,3,0,0,0,4,0,1,11000
Développement Web,ENSA,Fès,14.34,2,8,6,5,7,4,0,0,0,4,1,0,0
GINF,OFPPT,Rabat,10.14,1,9,5,6,6,3,3,1,0,8,0,0,0
GINF,EST,Tanger,16.23,3,8,4,9,7,1,2,1,0,4,1,1,8600
Data Science,Faculté (FS),Tanger,12.63,0,5,3,8,7,5,0,0,0,6,0,0,0
Développement Web,EST,Rabat,13.78,1,4,6,5,8,4,1,0,0,9,0,0,0
Cybersécurité,ENSA,Fès,16.39,3,9,8,4,7,3,0,1,0,5,1,1,11100
GI,Faculté (FS),Fès,10.37,4,4,7,4,6,2,0,0,1,6,1,0,0
GINF,FST,Fès,11.27,3,6,10,7,4,4,3,0,0,9,1,1,11700
Développement Web,ENSA,Kenitra,13.18,4,10,9,4,3,4,3,1,1,5,1,1,13500
Développement Web,FST,Marrakech,11.84,4,5,6,4,7,3,1,1,0,5,0,0,0
GI,OFPPT,Agadir,12.7,2,9,6,9,9,5,2,0,0,7,1,1,8000
Développement Web,Faculté (FS),Rabat,17.99,0,7,3,10,8,7,3,0,0,9,0,1,8800
Développement Web,ENSA,Rabat,16.6,3,9,7,9,5,6,3,0,0,4,1,1,13100
Développement Web,FST,Kenitra,17.07,0,6,3,7,7,6,2,0,0,7,1,0,0
GINF,OFPPT,Rabat,17.5,4,7,8,3,9,6,0,0,0,5,1,1,9600
GI,OFPPT,Rabat,12.73,2,9,9,6,10,6,1,0,1,10,0,1,9700
Développement Web,Faculté (FS),Kenitra,12.38,0,7,10,4,6,0,1,0,0,8,1,0,0
Développement Web,ENSA,Rabat,11.87,1,8,10,7,7,2,0,1,0,8,1,1,11500
GINF,OFPPT,Fès,16.64,4,7,5,10,5,2,2,0,1,10,0,1,9300
GI,Faculté (FS),Kenitra,15.44,1,9,6,5,9,6,2,0,0,9,1,1,8500
Data Science,ENSA,Marrakech,11.89,0,7,3,5,4,3,3,1,1,7,1,0,0
GINF,FST,Casablanca,13.02,0,5,10,9,6,5,2,0,0,7,1,0,0
GI,EST,Fès,14.05,0,8,9,8,6,1,1,0,0,4,1,0,0
Développement Web,Faculté (FS),Fès,14.23,3,8,8,4,8,1,1,1,0,7,0,1,9500
GI,ENSA,Agadir,17.11,4,6,8,6,6,6,1,1,0,10,0,1,12000
GI,Faculté (FS),Kenitra,13.04,4,8,9,7,5,7,2,0,0,7,1,1,10600
Cybersécurité,Privée (EMSI/IGA),Casablanca,17.27,4,4,10,9,9,0,0,0,0,6,1,1,13500
GI,OFPPT,Rabat,13.53,3,5,10,8,6,7,1,0,0,7,1,1,9900
Data Science,Privée (EMSI/IGA),Casablanca,15.97,0,6,4,8,4,0,1,0,0,9,1,0,0
GI,Privée (EMSI/IGA),Marrakech,17.44,0,4,6,7,3,3,0,1,0,7,0,0,0
Data Science,ENSA,Tanger,17.26,1,7,8,9,3,5,3,0,0,9,1,1,11300
Développement Web,Faculté (FS),Fès,10.46,3,10,9,9,7,1,2,0,0,10,1,1,10100
Data Science,FST,Kenitra,11.65,2,4,5,7,3,2,1,0,1,9,1,0,0
Développement Web,OFPPT,Kenitra,13.82,3,6,10,10,5,5,2,0,0,6,0,0,0
Développement Web,EST,Casablanca,13.45,1,8,3,10,3,1,1,1,0,5,0,0,0
Data Science,Privée (EMSI/IGA),Agadir,15.13,1,5,3,7,5,5,1,0,0,9,1,0,0
GINF,Faculté (FS),Marrakech,17.56,1,10,4,7,5,3,3,0,0,10,1,0,0
Réseaux & Télécoms,OFPPT,Tanger,10.9,0,6,5,6,7,1,0,1,0,10,0,0,0
GI,ENSA,Marrakech,13.61,2,4,8,7,3,4,0,0,0,5,0,0,0
Cybersécurité,ENSA,Kenitra,11.54,1,10,9,9,7,6,0,1,0,6,1,1,10300
Réseaux & Télécoms,OFPPT,Rabat,17.15,4,4,4,6,6,3,3,1,0,4,1,0,0
GI,ENSA,Tanger,17.72,0,6,8,6,10,4,3,1,0,7,0,0,0
GI,OFPPT,Kenitra,13.83,2,10,8,6,4,7,0,0,0,9,1,1,7600
Développement Web,ENSA,Agadir,10.83,4,9,6,5,9,5,2,0,0,4,0,1,12000
GI,Faculté (FS),Tanger,16.28,2,9,7,3,3,3,2,0,0,8,0,0,0
Cybersécurité,EST,Kenitra,15.58,2,6,9,8,6,7,3,0,0,4,0,1,9500
GI,Faculté (FS),Agadir,12.84,4,9,8,4,8,2,2,1,0,10,1,1,10400
Data Science,Faculté (FS),Rabat,17.1,3,6,3,5,9,3,0,0,0,7,1,0,0
Réseaux & Télécoms,EST,Agadir,17.81,2,8,8,9,9,3,1,0,0,5,1,1,8500
Data Science,ENSA,Marrakech,14.46,3,10,4,3,9,6,2,0,0,7,0,1,11100
Cybersécurité,ENSA,Casablanca,14.53,2,6,9,8,6,3,0,0,0,9,0,1,11800
GI,Faculté (FS),Marrakech,12.38,4,7,10,10,7,3,0,0,0,7,1,1,10000
Cybersécurité,FST,Kenitra,14.68,2,5,8,5,7,0,0,1,0,7,1,0,0
Développement Web,OFPPT,Kenitra,13.52,1,5,9,8,9,4,2,0,0,4,0,1,8100
Data Science,FST,Fès,12.42,1,7,10,6,9,3,1,0,0,10,1,1,9900
Data Science,FST,Marrakech,10.54,2,4,10,6,4,3,2,1,0,5,1,1,10800
GINF,EST,Tanger,12.02,4,4,3,7,4,5,0,0,0,5,1,0,0
GI,ENSA,Rabat,11.58,4,4,3,9,9,0,0,1,0,9,0,0,0
Développement Web,EST,Fès,14.34,0,10,4,6,4,1,0,1,0,4,0,0,0
Data Science,Privée (EMSI/IGA),Fès,14.81,4,4,3,5,10,7,3,1,0,4,1,1,12300
Data Science,OFPPT,Fès,14.87,3,8,5,8,9,5,2,0,0,4,1,0,0
Développement Web,EST,Kenitra,13.11,2,7,5,4,4,5,1,0,1,8,0,0,0
Cybersécurité,Faculté (FS),Casablanca,13.37,1,5,7,9,9,6,2,0,0,8,0,0,0
Cybersécurité,OFPPT,Agadir,16.67,4,7,9,10,7,6,0,1,0,7,1,1,8800
GI,FST,Tanger,13.81,1,5,5,10,10,7,0,0,0,9,1,1,8500
GINF,ENSA,Kenitra,17.9,0,4,4,8,5,0,3,0,0,8,0,0,0
Data Science,ENSA,Rabat,13.52,2,8,8,6,7,7,0,0,0,10,1,1,11600
GINF,FST,Kenitra,15.2,4,6,5,10,5,0,2,0,0,4,1,0,0
Cybersécurité,Privée (EMSI/IGA),Casablanca,10.4,1,6,7,8,7,6,2,1,0,4,1,0,0
Cybersécurité,Faculté (FS),Kenitra,15.23,4,9,9,3,8,0,2,0,0,4,1,1,10600
